Date_time,city,state/province,country,UFO_shape,length_of_encounter_seconds,described_duration_of_encounter,description,date_documented,latitude,longitude
11/14/2009 23:00,leicester (uk/england),,gb,fireball,60.0,1 minute,"3 red objects that were bright red, 2 were close together with the other following several minutes later",12/12/2009,52.664913,-1.034894
9/26/2008 19:00,spokane,wa,us,triangle,180.0,3 minutes,"It really could have been a jet way up there but when it took that little jog I knew,it wasn't WHEW!!!",10/31/2008,47.6588889,-117.425
9/15/1993 15:00,colchester (uk/england),,gb,cigar,420.0,5-7 minutes,We saw a large silver and brightly coloured cigar shape  stationary for 5-7 minutes which just dissapeared,5/24/2005,51.883333,0.9
10/17/2010 2:00,norristown,pa,us,disk,3600.0,1 hour,"Pulsating ufo slowly descended and stayed hovering for about an hour,",11/21/2010,40.1213889,-75.3402778
5/15/2005 5:00,troy,mi,us,light,5.0,5 seconds,A blueish green ball of light that took off on an upward flight in a matter of seconds and disappeared.,11/28/2007,42.6055556,-83.15
6/20/1977 20:30,accord,ny,us,triangle,1200.0,20min,"The object was triangular, totally silent and observed for 20 min and moved slowly with red & green lights and 1 white light.",1/22/2004,41.7855556,-74.2294444
3/16/2013 20:50,cumming,ga,us,cigar,2.0,seconds,"Fast neon green object over GA 400 north of Cumming, GA.  ((NUFORC Note:  Possible meteor?  PD))",5/15/2013,34.2072222,-84.1402778
7/10/2010 21:00,hedgesville,wv,us,light,14400.0,4 hrs,Bright star-like craft flying over the valley just about every night and posted web info on it just seems to disappear.,7/19/2010,39.5533333,-77.9952778
11/28/2012 17:00,heber springs,ar,us,circle,600.0,10 minutes,Jets chasing shiny object in the sky.,12/20/2012,35.4913889,-92.0311111
7/4/2011 22:00,university place,wa,us,sphere,300.0,3-5 minutes,"07/04/11 - University Place, WA - Spherical UFO with vertical running electric flames on the side of the craft",7/6/2011,47.2358333,-122.5491667
3/10/1978 21:00,bellevue,wa,us,disk,1800.0,15 - 30 min,"My age was 8 at the time and I was in bed just starting to fall asleep. Mother was in the den calling me to come ""see something"". I did",8/5/2001,47.6105556,-122.1994444
8/1/1974 21:30,pemberton,nj,us,circle,900.0,10-15 min,10 year old local boy sees UFO,2/1/2007,39.9719444,-74.6833333
9/25/2009 18:45,elstree and borehamwood (uk/england),,,other,45.0,45 seconds,"Non moving object seen for 45seconds then disapeared over borehamwood, very high.",12/12/2009,51.656756,-0.277856
11/20/2013 21:10,nogales,az,us,light,60.0,60 seconds,"Four orange/red orbs seen in Nogales, AZ sky.",12/2/2013,31.3402778,-110.9336111
1/6/2004 22:00,pearl river,ny,us,,60.0,1 minute approx.,Large yellow bright light observed too low and much to large to be a plane,1/17/2004,41.0588889,-74.0222222
9/8/2009 20:00,paradise,ca,us,light,240.0,3-4 minutes,Two bright lights following each other seen in the sky when no stars were present.  ((NUFORC Note:  Possible sighting of ISS.  PD)),12/12/2009,39.7597222,-121.6208333
9/1/2005 19:50,fall river,ma,us,cylinder,8.0,8seconds,OBJECT  SPEED APPX. 70 MPH,10/11/2005,41.7013889,-71.1555556
3/23/2011 0:05,burlington,ma,us,triangle,10.0,8 to 10 seconds,"A flying wing or triangle in Burlngton, MA, just after midnight.  ((NUFORC Note:  Reliable witness, who is a public employee.  PD))",3/23/2011,42.5047222,-71.1961111
4/29/2011 20:40,san jose,ca,us,circle,300.0,5 mintues,UFO orb seen over san jose ca.,5/12/2011,37.3394444,-121.8938889
12/27/1995 20:15,california (rte. 40),ca,,,5.0,5 sec.,"Man w/ wife witness bizarre ""grayish yellow light"" streak almost vert. from night sky, go to horizon.  (Awaiting written rept.)",11/2/1999,36.778261,-119.417932
2/19/2010 23:30,ajman (united arab emirates),,,fireball,180.0,2-3 minutes,Orange flamed fireball spotted from Ajman beach 11.30pm Friday 19 Feb 2010,4/13/2010,25.3995,55.4796
3/22/2005 0:15,gilbert,az,us,triangle,30.0,30 sec,Three tinted blue lights in shape of triangle. 12AM 3/22/05 Gilbert/Phoenix,5/11/2005,33.3527778,-111.7883333
9/1/1999 12:45,cleveland,oh,us,light,1800.0,20-30 minutes,"Distinct, isolated grouping of seven white orbs during the day several miles straight up (12 o'clock) that hovered then faded.",12/19/2003,41.4994444,-81.6955556
10/2/1992 17:00,mexi-cali,ca,,sphere,2700.0,45 mins,now i know they are real and that they are interested in us no one will ever be able to tell me otherwise,10/27/2004,32.624539,-115.452262
12/17/2009 21:00,willington,ct,,circle,10.0,10 seconds,"My Wife  and I believe we saw a UFO Thursday night!! We were coming home from bowling in separate cars, driving along Turnpike Road in",2/14/2010,41.885278,-72.261389
4/6/2000 20:00,tehachapi,ca,us,light,300.0,5 minutes,a flashing stationary white light with two constant red lights on the same side- then a moving light further away traveling fast with a,4/15/2000,35.1322222,-118.4480556
9/22/2013 23:25,rockville,md,us,circle,3.0,3 seconds,White fluorescent light color/dark circle in center/spherical shape/glimpse of it leaving orbit vanished leaving 2 lights behind it,9/30/2013,39.0838889,-77.1530556
11/11/2013 20:30,peoria,az,us,sphere,900.0,15 minutes,8 orange balls move across the sky.,11/20/2013,33.5805556,-112.2366667
9/11/2012 1:00,petaluma,ca,us,light,180.0,3 minutes,"Looking up north in the sky, probably above Santa Rosa, I noticed a bright orange object moving west. I watched it looking for flashing",9/24/2012,38.2325,-122.6355556
10/15/2004 23:00,minneapolis,mn,us,disk,120.0,2 mins,Look to the clouds,2/1/2007,44.98,-93.2636111
3/14/2000 22:30,indianapolis,in,us,cylinder,180.0,3min.,Iam a security officer with a chemical plant. While making a round i noticed a glowing object hovering just above some high tension lin,4/15/2000,39.7683333,-86.1580556
12/20/2013 19:15,north port,fl,us,formation,120.0,2 minutes,"Three flame red flickering points of light in the sky, moving indep. of one another in triangle formation, then fading out.",12/23/2013,27.0438889,-82.2361111
7/10/1971 14:00,new orleans,la,us,oval,5400.0,90 minutes,One thousand saucers observed telescopically crossing the sun over a ninety minute period.,7/25/2004,29.9544444,-90.075
4/13/2005 13:00,las vegas (near),nv,us,light,45.0,45 seconds,Flashing sphere changes to black disk,4/16/2005,36.175,-115.1363889
8/8/2002 19:00,"brisbane (qld, australia)",,au,formation,600.0,10 mins,Interesting formation over east coast Australia,10/15/2002,-27.47101,153.024292
10/13/2013 19:40,mechanicsburg,pa,us,fireball,180.0,2-3 minutes,Ball of flames moving slowly across the night sky and witnessed by 4 people.,10/23/2013,40.2141667,-77.0088889
8/16/2013 22:30,captiva,fl,us,fireball,15.0,brief,"4th SIGHTING OF A SILVER-GOLD, GLOWING ELONGATED/FOOTBALL SHAPED UFO POSSIBLY EMERGING FROM THE GULF OF MEXICO, AND FIRST SIGHTING OF A",8/30/2013,26.5216667,-82.1894444
9/20/2003 19:50,southampton (hampshire) (uk/england),,gb,light,30.0,30 seconds,Fast Flying Light,10/31/2003,50.9,-1.4
8/18/2012 20:25,south beloit,il,us,sphere,900.0,15 minutes,Orange /redish sphere in sky moving from north to south slowly dimming out then moving west /wsw. no noise.,8/19/2012,42.4930556,-89.0366667
11/16/1999 18:00,nashville (on i-24 ᅬ mi. southeast of),tn,us,fireball,90.0,1.5min,FIREBALL GOING WEST TO EAST WITH A LONG FIREY TAIL. iI WATCHED THIS OBJECT FOR A MINUTE AND A HALF AS I WAS DRIVING WEST BOUND ON I-24,11/17/1999,36.1658333,-86.7844444
4/22/1989 17:30,dubai,,,flash,2.0,02 seconds,Green bright light flash,9/1/2004,25.047664,55.181741
7/13/2006 11:00,avon,co,us,light,60.0,1 minute,Two solid white lights flying in formation over the Colorado Rockies,7/16/2006,39.6313889,-106.5216667
6/10/2004 22:30,rehoboth beach,de,us,flash,10.0,10sec,UFO 40 miles off Rehoboth Beach Delaware coast,7/25/2004,38.7208333,-75.0763889
12/10/2010 5:45,richmond,va,us,disk,120.0,2 minutes,it was a bluish orb traveling west at a very fast rate of speed. It was about as large as a small SUV. Im almost positive it was a UFO,1/5/2011,37.5536111,-77.4605556
9/2/2004 19:45,st. paul,mn,us,light,120.0,1- 2 minutes,9/2/04 On a clear blue sky evening I noticed a bright star that seemed to be going straight into the atmosphere.,9/9/2004,44.9444444,-93.0930556
7/14/2010 1:30,huron,ca,us,disk,300.0,5 minutes,Upside down triangular obect with red pulsating lights floating above a airfield in Nothern California,7/19/2010,36.2027778,-120.1019444
10/20/2007 20:00,rock falls,wi,us,light,900.0,15 minutes,Arcing green lights viewed at night in rural Wisconsin.  ((NUFORC Note:  Report is suggestive to us of advertising lights.  PD)),11/28/2007,44.7186111,-91.6897222
3/17/1999 4:30,iowa city,ia,us,triangle,600.0,10 minutes,dark triangle moves slowly and appears to hover in night sky.,4/2/1999,41.6611111,-91.53
11/7/2008 5:30,orlando,fl,us,light,180.0,2-3 minutes,Three glowing blue lights traveling from North to South,1/10/2009,28.5380556,-81.3794444
3/6/2004 20:00,mississauga (canada),on,ca,light,60.0,1 minute,Saw bright lights in the sky on an unusually warm March night.,9/1/2004,43.15,-79.5
10/27/2004 22:20,tampa,fl,us,triangle,4.0,2-4 seconds,Triangular lights observed during total lunar eclipse.,11/2/2004,27.9472222,-82.4586111
7/18/2005 21:30,concord,ca,us,triangle,300.0,5 mins,White flashing lights in patterns and a repeated sequence. Might be triabgular or rectangular.,9/2/2005,37.9780556,-122.03
2/25/2012 21:00,chandler,az,us,light,240.0,3-4 minutes,02-25-2012 - 9pm- I-10 to Tucson from Phx. Strange group of pulsating lights-,3/13/2012,33.3061111,-111.8405556
9/10/2003 22:00,stanley,va,us,unknown,600.0,10 minutes,"Series of rectangular burnt orange lights observed at approx 10 PM over Elkton, Va. and were observable from at least 40 miles away.",9/17/2003,38.5752778,-78.5027778
3/26/2011 9:35,punta mita (mexico),,,formation,5.0,5 seconds,Punta Mita Mexico. 8 inverted wing shape lights criss crossing each other.Appeared  like white lit birds in the dark sky,4/3/2011,20.774469,-105.513736
1/17/2014 22:30,naples,fl,us,light,900.0,10-15 minutes,Orange and white lights traveling across the sky.,1/24/2014,26.1416667,-81.795
3/8/2012 19:30,baraboo,wi,us,diamond,60.0,1min,"Fast moving & silent, set of 4 orange lights raced across elicptic of sky from east to west in th early evening",5/29/2012,43.4711111,-89.7441667
12/31/2002 23:55,wenatchee,wa,us,oval,1800.0,half hour,Near midnight I heard our local radio station announce that there were strange lights in the sky. I looked out my launddry room window,2/11/2003,47.4236111,-120.3091667
4/7/2012 22:30,dallas,tx,us,triangle,30.0,30 seconds,5 red lights in the shape of a triangle,4/18/2012,32.7833333,-96.8
11/1/2008 23:00,dandridge,tn,us,rectangle,140.0,90-140 seconds,Freind and I saw a huge craft which looked as if impossible for it to fly.,1/5/2011,36.0152778,-83.415
3/20/2012 21:30,pawtucket,ri,us,light,60.0,60 seconds,An object producing a large bright orange glow could be seen in the clear night sky for about one minute. It seemed to hover over us in,5/13/2012,41.8786111,-71.3830556
1/20/2000 10:39,cairo,wv,us,circle,20.0,15 to 20 seconds,Rotating in circles and then disappeared after about 15 seconds.,1/22/2000,39.2086111,-81.1575
8/11/2003 11:00,salem/peabody,ma,,other,600.0,10 minutes,Long black cylindrical object ;with large bowl shape at end; silver with a concave top; points at top part of bowl shape.,8/28/2003,42.535793,-70.966568
5/5/2012 23:00,hedgesville,wv,us,other,15.0,15 seconds,"05/05/2012 Orange object spotted in Hedgesville, WV that appeared and vanished within 15 seconds at around 11 pm.",5/13/2012,39.5533333,-77.9952778
1/26/2014 18:30,albuquerque,nm,us,egg,1125.0,18:45,The craft was no any commercial or military aircraft I've ever seen.,1/30/2014,35.0844444,-106.6505556
5/14/2009 21:45,sligo,pa,us,unknown,600.0,10 minutes,Rising amber light very slowly rises then gives way to blinking red lights before speeding away to the north sky.,6/9/2009,41.1091667,-79.4902778
5/9/2003 22:35,terrace (canada),bc,ca,light,8.0,8 seconds,HBCCUFO CANADIAN REPORT:  Light grew to double the size on the moon.,5/27/2003,54.5,-128.583333
8/15/1950 14:00,stanfield,or,us,disk,180.0,2 - 3 minutes,"In 1950, Eastern Oregon, I saw one silver, oval shaped disk hover for approximately 2 - 3 minutes before quickly accelerating away.",10/31/2008,45.7805556,-119.2161111
11/1/2013 19:15,pottstown,pa,us,formation,120.0,2 minutes,"Multiple unknown orange lights flying silently at night, followed by aircraft.",11/11/2013,40.2452778,-75.65
7/26/2005 0:00,jefforsonville,in,,triangle,600.0,10 min.,I Was On My Computer 3 Nights ago i was still shaken by seeing a Disk shaped Flying Object When I See a Triangular shaped obect flying,9/2/2005,38.27757,-85.737185
6/21/2005 8:45,eagle rock,ca,us,disk,30.0,30 secondes,"Mirror-like, saucer/disc shaped object",7/5/2005,34.1388889,-118.2130556
6/14/2003 21:00,wilmington,nc,us,light,60.0,1 minute,Two bright lights came into view as we were sitting on our back porch. They appeared to be fairly far away - like bright stars. No soun,5/24/2005,34.2255556,-77.945
9/21/2000 19:30,chatfield,tx,us,disk,3600.0,1 hour,i was abducted by an ailien craft and my body was examined.,10/12/2001,32.2413889,-96.4072222
6/10/2003 17:30,blue ridge,ga,us,triangle,600.0,10 min,Craft hovers out of Blue ridge dam,10/8/2007,34.8638889,-84.3241667
7/27/2005 7:30,davie,fl,us,teardrop,600.0,10 minutes,black teardrop shaped object floating over davie florida,9/2/2005,26.0625,-80.2333333
7/4/2013 23:00,everett,wa,us,triangle,120.0,2 minutes,A triangular craft with faint gray edges and one white light and one red light was seen traveling slowly at a very high altitude on the,9/30/2013,47.9791667,-122.2008333
3/31/2001 19:00,san bernardino,ca,us,fireball,8.0,8 secounds,I WAS DRIVING ON THE FREEWAY AND A BRIGHT BALL OF LIGHT WAS JUST THERE IN THE SKY IT SEEMED TO HAVE A TAIL FOR ABOUT 8 SECOUNDS AND THE,4/1/2001,34.1083333,-117.2888889
11/30/2013 20:00,tucson,az,us,unknown,240.0,3-4 minutes,Unusual Lights Above Catalina Mountains in Tucson,12/5/2013,32.2216667,-110.9258333
8/6/2000 21:30,fresno,ca,us,light,600.0,10min.,"Two nights in a row. We were not scared, even though we knew they could not possibly be  planes.",8/19/2000,36.7477778,-119.7713889
7/11/2003 1:30,hacienda heights,ca,us,light,7200.0,2 + hrs,Color changing craft seen above Los Angeles suburbs,7/16/2003,33.9930556,-117.9677778
8/27/1999 20:58,southfield,mi,us,light,60.0,1 minute,"Slow moving extremely bright white light, bright enough to hurt your eyes, rapidly changing to low density light while still moving.",9/12/1999,42.4733333,-83.2219444
4/15/2006 21:00,reading,pa,us,triangle,60.0,1 minute or less,Bright triangle shaped object flies over gas station.,7/16/2006,40.3355556,-75.9272222
7/29/2003 2:00,bucharest (romania),,,sphere,1200.0,20 min,FOUR SPHERES BALANCING (LIKE A BALLET) IN THE NIGHT,5/15/2006,44.4325,26.103889
1/1/2014 0:10,deltona,fl,us,circle,1200.0,20 minutes,Ten orange circles flying across sky.,1/10/2014,28.9002778,-81.2638889
6/15/1965 21:00,ewakuni (japan),,,light,300.0,5 minutes,"Bright light comes out of sky, flys above water and streaks up into night sky until it disappears.",9/2/2005,34.166562,132.218848
11/10/2007 5:00,barrie (canada),on,ca,sphere,600.0,10 min,"The flying object was moving fast and stops. Then drops it self for 50 feet and then stops, then it shifted its position and fly side w",11/28/2007,44.383333,-79.7
9/30/2008 8:00,norcross,ga,us,other,600.0,10 minutes,((HOAX??))  Huge black blimpe object hovering/flying over  Norcross Georgia!!,1/10/2009,33.9411111,-84.2136111
5/30/2007 21:00,santa ana,ca,us,rectangle,20.0,20 seconds,"Rectangular light turning into a star, comming back, and disappearing.",6/12/2007,33.7455556,-117.8669444
10/19/2000 20:00,sherwood park (canada),ab,ca,unknown,2.0,1 to 2 seconds,"6+ beige colored objects, flying in a triangular formation, followed by a wispy column in the night sky over Sherwood Park, Alberta.",12/2/2000,53.516667,-113.316667
2/8/2002 22:55,las cruces,nm,us,light,6.0,6 seconds,White ball of light moving fast to the norheast.,2/22/2002,32.3122222,-106.7777778
10/11/2000 22:00,elverta,ca,us,light,30.0,hours,White starlike lights in sky that blink red and blue and move erratically over Sacramento region.,12/2/2000,38.7138889,-121.4616667
3/28/2004 17:45,san mateo,ca,us,disk,60.0,one minute,"Black saucer, hovering 200-300 feet from ground.",4/9/2004,37.5630556,-122.3244444
2/12/2009 20:28,blythewood,sc,us,oval,2.0,2 sec,White translucent object with a tail moved north to south slower than a shooting star and much faster than any aircraft.,3/19/2009,34.2141667,-80.9741667
7/15/2008 22:00,black hills,sd,,unknown,900.0,approx. 15 min,Light seen in the Black Hills,3/19/2009,44.031245,-103.815163
5/14/2003 20:00,guayaquil (ecuador),,,other,120.0,20:00 20:02,big and shine like the moon.,5/27/2003,-2.170998,-79.922359
11/13/2003 2:30,eden,ut,us,diamond,900.0,15 mins,then out of the corner of my eye I saw a flash of light,11/26/2003,41.3005556,-111.8113889
7/16/2011 23:30,oak harbor,wa,us,light,120.0,1-2 minutes,"Fast moving object flying over Oak Harbor, WA",8/7/2011,48.2933333,-122.6419444
8/23/2000 20:10,istanbul (turkey),,,fireball,10.0,10 second,"On wednesday evening, after the earthquake which happened at time 16:41 at Hendek, Ankara, we were driving in atasehir , where is at, t",9/17/2000,41.00527,28.97696
12/4/2010 19:30,inglewood,ca,us,light,3000.0,50 minutes,4 spinning/rotating light spreading apart and coming together as one in Hawthorne.  ((NUFORC Note:  Advertising lights??  PD)),1/5/2011,33.9616667,-118.3522222
9/8/2002 22:00,hamburg,ny,us,circle,120.0,a few minutes,"It was too large to be Venus or a Star, and there was multiple witnesses.",3/21/2003,42.7158333,-78.8297222
7/11/1998 22:43,franklin park (60131),il,us,circle,1.0,0:01,Yellow circle in northeast sky moving northward,11/21/1998,41.9352778,-87.8655556
3/31/2011 20:00,richmond,me,us,other,900.0,15 min,"Lights in sky, hoovering like object over house.  ((NUFORC Note:",5/2/2011,44.0872222,-69.7994444
4/10/2008 21:45,hague,ny,us,triangle,2700.0,45 min,"My childern and I watch this object with red, white and green lights flutter in the sky for about 45 min.",6/12/2008,43.7452778,-73.4988889
10/2/2012 19:30,huntington beach,ca,us,oval,60.0,1 minute,"Ufo flying circles then speeding off with three smaller objects behind it, it was not producing light just reflections from moonlight",10/30/2012,33.6602778,-117.9983333
12/31/2009 23:00,aberdeen,sd,us,formation,240.0,3-4 minutes,Orange balls shooting into the air and forming a check mark formation.,2/14/2010,45.4647222,-98.4861111
6/8/1998 21:00,newport,ri,us,light,1500.0,25 minutes,"Clear night+high visabilityƺ  yellow lights,even shading,no vertical movement,close proximatey,very long visual time",2/18/2001,41.49,-71.3133333
12/24/2009 21:00,weymouth,ma,us,other,300.0,~ 5min.,Dozens of little red lights seen on christmas eve in the skys of weymouth Ma.,2/14/2010,42.2208333,-70.9402778
6/15/1984 19:00,ely,mn,us,diamond,3600.0,1 hour +,close encounter of the 5th kind (interaction with being from ufo),12/2/2000,47.9033333,-91.8669444
7/17/2010 23:00,dearborn,mi,us,light,300.0,5 minutes,"Silent orange objects flying in the night sky in Dearborn, Michigan.",7/19/2010,42.3222222,-83.1763889
7/14/2000 17:40,oklahoma city,ok,us,cigar,60.0,@ 1 minute,"Shining silver cigar, suspended in the sky, reflecting the sun, then turning dark, then disappearing...",7/23/2000,35.4675,-97.5161111
9/14/2002 0:05,glendale,az,us,triangle,1800.0,1:30 min,PHOENIX TRIANGLE U.F.O SPOTTED AGAIN- SEP/ 14/ 2002 AT 12:05 AM,9/19/2002,33.5386111,-112.1852778
4/25/2013 21:15,leonardo,nj,us,sphere,120.0,2 minutes,Two very large orange spheres/circles sat motionless in the sky over the Sandy Hook Bay,5/15/2013,40.4172222,-74.0625
12/25/2012 19:30,salem,or,us,oval,420.0,5-7 minutes,7 glowing &quot;orbs&quot; floating from W. Salem OR from the west headed north. Stopping mid flight then up into the clouds.,2/4/2013,44.9430556,-123.0338889
2/17/2008 20:12,mercer island,wa,us,unknown,120.0,2 minutes,"White light, split into 3 lights, various conformations as the objects moved westward over Seattle.",3/4/2008,47.5708333,-122.2208333
4/20/2002 11:00,cuernavaca (mexico),,,oval,2700.0,45minutes,Sighting of Motherships retrieving aproximately 50 other smaller ships.,11/16/2002,18.918611,-99.234167
12/1/2006 17:00,cockeysville,md,us,other,3600.0,approx 1 hour,v shaped greenlights seen in evening cloudy sky in baltimore,12/7/2006,39.4811111,-76.6441667
10/29/2012 20:00,roseville,ca,us,other,300.0,5 minutes,"Orange Orb was silent and not moving until the glow went out, then the object moved straight up into the sky before disappearing.",2/4/2013,38.7522222,-121.2869444
9/24/2003 20:01,hoboken,nj,us,circle,20.0,20 seconds,"Bright whitish blue stationary light, 15º north, 10º west of immediate overhead view. Object twice as bright as Mars. Object suddenly i",9/28/2003,40.7438889,-74.0327778
3/27/2007 23:01,san francisco,ca,us,triangle,3.0,3 seconds,"One triangular, or arc shaped illuminated object moving arbitrarily south to north.",4/27/2007,37.775,-122.4183333
8/20/2005 23:45,clarksville,tn,us,disk,300.0,3-5 minutes,Round saucer shaped craft streaking over the south side of Clarksville TN shining light beams north and to the ground.,10/11/2005,36.5297222,-87.3594444
3/14/1997 18:15,"trivandrum, kerala state (india)",,,light,60.0,1 minute,"Fast moving bright light seen over Trivandrum, India.",8/7/2007,8.567752,76.944066
9/27/2000 19:30,highlands ranch,co,us,triangle,180.0,3 minutes,"Triangle object, orange, blue and red lights, no sound, high speeds,close to ground.",6/12/2002,39.5538889,-104.9688889
3/3/1971 18:00,los angeles,ca,us,other,120.0,2 minutes,"ufo entry burn over salt lake city, seen from as far as los angeles to the west and denver to the east. pointy intake valve shape",10/8/2007,34.0522222,-118.2427778
3/15/2010 20:15,bethleham,ga,,circle,2700.0,45 minutes,"White, bright circular light spotted hovering at dusk",4/13/2010,33.932056,-83.713783
5/1/2014 19:15,mesa,az,us,circle,120.0,2 minutes,"Spinning disc shape with red,and blue lights. Changing direction rapidly and hovering for several seconds",5/2/2014,33.4222222,-111.8219444
11/6/2011 22:57,farmington,nh,us,light,20.0,20 seconds,Soundless white light moving horizontally just above tree line,12/12/2011,43.3897222,-71.0655556
7/4/2008 23:30,stanwood,wa,us,oval,300.0,5 minutes,Stanwood July 4th sighting explained,8/12/2008,48.2413889,-122.3694444
11/19/2000 22:00,arlington,va,us,disk,600.0,10 minutes,There were lights on the object that changed in a distinct circular pattern from red and white.,12/2/2000,38.8902778,-77.0844444
12/31/2013 0:15,las vegas,nv,us,circle,120.0,2 minutes,4 red/Orange balls in a kite tail formation over the road.,1/24/2014,36.175,-115.1363889
8/8/2004 22:00,blind bay (canada),bc,,flash,900.0,? so far 15 mins,"A stationary object in the northern sky over Shuswap Lake, flashing colours of red, blue & white.  I first noticed the object at 10:00",8/11/2004,50.886273,-119.397706
12/8/2012 17:45,blackfoot,id,us,circle,90.0,90 seconds,10 bright lights in pairs sitting motionless partially obscured by clouds in what looked like a formation lasting 90 seconds.,12/20/2012,43.1905556,-112.3441667
12/26/2011 19:35,naples (about 70 miles east of),fl,us,diamond,30.0,about 30 seconds,"Diamond-square shape hovering over I75 in Florida, tips illuminating blue!",1/12/2012,26.1416667,-81.795
11/28/2010 0:15,conyers,ga,us,oval,900.0,15 minutes,Sighted object over Conyers GA that looked like large solid lit blimp hovering and then moving off,1/5/2011,33.6675,-84.0177778
7/4/1953 14:00,unknown,mt,,disk,600.0,10 minutes,Video of Blue Angles airshow from 1953 shows two shiny saucers orbiting a common point.,7/23/2003,44.762609,-109.028474
9/4/2008 23:58,edmonds,wa,us,formation,90.0,90 sec,Observed 3 lights in formation in night sky with 2 fading out and one accelerating out of sight.,10/31/2008,47.8108333,-122.3761111
7/27/1995 3:00,buffalo,ny,us,disk,600.0,10 min,we saw a britly light sawser decend from the sky and hover about 30 feet from the ground.,2/16/1999,42.8863889,-78.8786111
6/29/2013 21:00,elizabeth city,nc,us,other,600.0,10 minutes,"Red glow observed during storm, Locating of glow lines up to Harvey Point.",1/30/2014,36.2944444,-76.2513889
11/23/1999 16:45,barbourville,ky,us,changing,18.0,15 -18 seconds,"i was arriving at a 4 way stop when i saw a blue green haze in upper right hand corner of windshield,i first thought was my engine over",11/30/1999,36.8663889,-83.8888889
3/7/2011 2:45,clearfield,pa,us,other,180.0,2-3 minutes,2 Star like objects,7/4/2012,41.0272222,-78.4394444
1/20/2008 5:58,east dublin,ga,us,oval,420.0,7 minutes,"MUFON/GEORGIA FOLLOW-UP REPORT:  Landing of a 3 lighted, fairly large craft with pulsing red to amber lights.",3/31/2008,32.5480556,-82.8719444
7/12/2003 23:45,greenlaw (uk/england),,gb,,300.0,4/5 minute,"Approx 23.45pm looking West into night sky. Light appeared from nowhere, then climbed at angle approx 30% heading north before climbing",7/16/2003,55.7,-2.466667
1/27/2009 3:30,n. hollywood,ca,,cone,600.0,10 minutes,"Bright orange light with some kind of object on top, moving slowly across the sky with no sound at all.",3/19/2009,34.187044,-118.381256
35583,baltimore,md,us,chevron,900.0,15mins,"Object was ""V"" shaped,white  with no rounded edges travelling south east in daylight.with no visible engines or markings.",11/28/2007,39.2902778,-76.6125
4/17/2014 20:00,florham park,nj,us,diamond,120.0,2 minutes,"Orange diamond ""kite"" like object spotted over NJ.",4/24/2014,40.7877778,-74.3886111
3/29/2013 21:30,chesapeake,va,us,triangle,300.0,5 minutes,Red orange fireballs in a triangle shape hovering over 64.,5/15/2013,36.8188889,-76.2752778
8/15/2005 12:10,bakersfield,ca,us,light,300.0,5 minutes,"Three lights in the sky above Bakersfield, CA",9/15/2005,35.3733333,-119.0177778
6/20/2000 21:43,lebanon,va,us,fireball,10.0,10 sec.,"Yellow ball surronded by red fire, followed by a blue tail",7/29/2000,36.9008333,-82.0802778
6/21/2009 12:00,santa clara,ca,us,sphere,120.0,2 min,I saw a very bright flashing light as big and bright as Venus moving from the west to the east very slowly. The light would flash brigh,8/5/2009,37.3541667,-121.9541667
8/26/2011 20:00,virginia beach,va,us,circle,180.0,about 3 minutes,Possible UFO sighting. Unknown. Orange/dimming ball. Went across the beach towards the ocean.,10/10/2011,36.8527778,-75.9783333
7/12/2009 2:30,las vegas,nv,us,light,2.0,2 seconds,green light seen over nellis afb shoots into outerspace.,8/5/2009,36.175,-115.1363889
6/1/1951 7:00,brandon (canada),mb,ca,disk,1800.0,30 minutes,"Circular Craft and Man in Black Sighted in Summer of 1951 at Brandon, Manitoba, Canada",2/18/2001,49.833333,-99.95
9/11/2009 20:30,lyman,sc,us,disk,15.0,15 seconds,((HOAX??))  I saw two blue saucer shaped craft in the sky just above the tree line moving up and down,12/12/2009,34.9480556,-82.1275
12/7/2002 23:15,sioux falls,sd,us,teardrop,1.5,1 1/2 seconds,12/7/02 - Tear shaped white light that shot straight up out of sight.,12/23/2002,43.55,-96.7
9/4/2012 22:00,cochrane (canada),on,ca,unknown,1.0,split second,Bright light blinking on south side of town every 3-4 minutes for about a half an hour while remaining in same location in sky.,9/24/2012,49.066667,-81.016667
3/4/2001 20:00,burton,tx,us,light,1200.0,20 min,a light in the washington county sky,3/16/2001,30.1819444,-96.5952778
10/11/2006 11:29,lynnwood,wa,us,unknown,120.0,a few minutes,I noticed a very white tail behind an object traveling north in the southern sky. It appeared to be very high and far away. The object,10/30/2006,47.8211111,-122.3138889
11/8/2013 22:00,antioch,ca,us,light,1800.0,30 minutes,20 silent large reddish-orange lights over Antioch California shoot something out the bottom then fly off to the west towards Mt.Diablo,11/11/2013,38.005,-121.8047222
3/2/2013 21:00,los angeles,ca,us,other,300.0,5 minutes,I saw a V shaped craft with no lights or sound flying through the night sky.,4/12/2013,34.0522222,-118.2427778
8/18/2009 21:30,everett/mill creek,wa,,fireball,120.0,2 minutes,Flying fire spheres decending then accending out of sky over Everett WA 1 mile. above city.,8/27/2009,47.999027,-122.191401
10/28/2010 18:00,gaffney,sc,us,fireball,1200.0,20 minutes,"1 ball shape flaming red, like a fire burning had red flashing lights, moved very, very slow, looked to be huge in size.",11/21/2010,35.0716667,-81.65
9/7/2003 10:05,weehawken,nj,us,formation,240.0,4 minutes,bright orange craft/formation seen in New York vacinity.,9/9/2003,40.7694444,-74.0208333
5/1/1992 22:00,va'vau (tonga),,,sphere,1800.0,30 minutes,Green lights slowly moving and alternating in color from green to white to green again,8/7/2007,-18.581196,-173.985008
2/22/2005 20:40,granite falls,wa,us,fireball,1.0,1 sec,A green fireball traveling west to east with slight left to right path just outside of Granite Falls.,2/24/2005,48.0841667,-121.9675
8/13/2009 11:56,grand forks,nd,us,triangle,5.0,3-5 seconds each time,"Triangle shaped UFO with 3 dots in each corner no lights, sphere and worm like object in sky",8/27/2009,47.9252778,-97.0325
7/4/2010 21:30,rancho santa margarita,ca,us,unknown,2100.0,35 minutes,"the  flight pattern of the craft and consistancy of the lights and speed does not exist  on earth, abrasive",7/10/2010,33.6408333,-117.6022222
7/11/2006 15:00,milwaukee,wi,us,sphere,120.0,2 minutes,Four spheres witnessed by two people......5-10K feet in the air.,1/10/2009,43.0388889,-87.9063889
9/29/2011 21:15,st. stephen,sc,us,unknown,1200.0,20 minutes,"On the evening of September 29, 2011, my Husband and I took our dog outside for a walk.  As we always do we went over to the driveway a",10/10/2011,33.4041667,-79.9219444
3/16/2004 20:00,norwich,ct,us,other,600.0,5-10 minutes,"Strangly lit, loose formation of silent auircraft-like objects, with a treetop level meteor appearing during the overflight.",3/23/2004,41.5241667,-72.0763889
11/15/2008 23:30,bellefontaine,oh,us,disk,120.0,2 min,((HOAX??))  i was raccoon hunting in the dark and seen somthing go over top and it let up the woods then it was gone no trace.,1/10/2009,40.3611111,-83.7597222
10/7/1999 23:02,springfield,ma,us,formation,10.0,10 seconds,We saw a v-shaped formation of orangy-yellow round flying objects fly right above us and disappear on the other side of horizon,10/19/1999,42.1013889,-72.5902778
6/18/2006 1:00,butler,pa,us,light,1800.0,30 minutes,"Red and white flashing light moving in a tight, eratic pattern in the northern sky",7/16/2006,40.8611111,-79.8955556
10/31/2001 2:25,rancho cucamonga,ca,us,fireball,360.0,6 min.?,fireball /2 nights in a row / no thanks!,11/20/2001,34.1063889,-117.5922222
2/25/2004 1:30,emma (approx.),mo,us,unknown,900.0,15 minutes,Very large object in the night sky about 3 hundred feet off of the ground not moving or making a sound w/blue flashing lights.,3/9/2004,38.9716667,-93.4944444
7/4/2009 13:00,louisville,co,us,light,600.0,10 minuts,((HOAX??))  I was at a park at about 1 PM. I was on the swings. I looked up and saw three bright lights.,2/14/2010,39.9777778,-105.1313889
12/12/2007 21:25,raleigh,nc,us,light,180.0,3 minutes,suspicious flashing light white light at Kemp Rd and Highway 98,3/4/2008,35.7719444,-78.6388889
10/9/2013 18:00,brookston,in,us,rectangle,480.0,8 minutes,Rectangle lights 18 to 25. Looked like fire in balloons. Have pics. Standing on deck by river.,10/14/2013,40.6027778,-86.8672222
10/1/2012 20:00,racine,wi,us,other,900.0,15 minutes,Odd lights in formation appering and disappering.,10/30/2012,42.7261111,-87.7827778
6/6/2003 21:00,jamesport,ny,us,light,180.0,3 minutes,the object was a very bright oval light with no sound,6/10/2003,40.9494444,-72.5819444
10/31/2013 20:07,los angeles,ca,us,light,240.0,4 minutes,Have a lot a pics in 2 mins then in one to dots come out.,11/11/2013,34.0522222,-118.2427778
3/30/2012 12:15,"tan hill, whiltshire (uk/england)",,,other,180.0,3 min,"First 2012 UFO documented in Wiltshire, UK",5/13/2012,51.07756,-2.315008
1/10/2004 7:30,fort wayne,in,us,fireball,3.0,3 seconds,Saw a large bright yellow/orange fireball that streaked almost straight down very fast and appeared to hit the ground while I was drivi,1/17/2004,41.1305556,-85.1288889
1/10/2005 18:00,lincoln city,or,us,light,180.0,3 minutes,Bright light over ocean that was later joined by another.  Both meandered around each other before disappearing.,1/11/2005,44.9583333,-124.0166667
5/25/2003 23:20,payson,az,us,sphere,3600.0,over 1 hr.,"object low in west sky from Payson, AZ, oval shape w/3 bright spots, moving slowly lower toward horizen",5/27/2003,34.2308333,-111.3244444
6/9/2006 20:00,kernersville,nc,us,sphere,1080.0,18 mins.,One main cbject and seven smaller objects that came out of the main object.,12/7/2006,36.1197222,-80.0738889
9/22/2010 23:00,eure,nc,us,light,180.0,2-3 minutes,A bright orange light hauling ass across the sky.,11/21/2010,36.4272222,-76.8536111
3/7/2008 22:40,texas city,tx,us,circle,4.0,4 seconds,"Bright white ball-shaped light with green trailing light, traveling from low  to high speed.",3/31/2008,29.3836111,-94.9025
9/7/2013 17:00,richmond,va,us,light,3600.0,1 hour,Orange/red lights moving east to west over Richmond's near west end.,9/9/2013,37.5536111,-77.4605556
10/20/2009 22:40,brookings,or,us,formation,300.0,5 minutes,Very solid dark object in the sky. I was photgraphing another object at the time. I think it was chasing the dark one.,6/23/2010,42.0527778,-124.2827778
4/6/2004 22:15,tempe,az,us,light,1200.0,20 mins,Bright ball of light seen hovering over Phoenix.,4/9/2004,33.4147222,-111.9086111
11/4/2008 23:00,san diego,ca,us,triangle,60.0,1 min,NO noise glided/flew circular triangle shape w/ 3 red exhausts(?),3/19/2009,32.7152778,-117.1563889
3/8/2014 19:30,greenacres,fl,,formation,300.0,5 minutes,5 red lights bow pattern moving NW disappearing one by one in clear sky,3/18/2014,26.627628,-80.13539
11/22/1998 19:32,cheney,wa,us,sphere,8.0,8 seconds,"Driving E on I-90 at approx. mile marker 164 at 6:32 pm PST on car clock, noticed white ball of light moving across night sky from my 1",2/16/1999,47.4875,-117.5747222
5/9/2006 3:15,nas lemoore,ca,,light,600.0,10 mins,Strange light In NAS Lemoore airspace.,5/15/2006,36.330293,-119.939361
7/23/2008 22:20,yuma,az,us,formation,20.0,20 seconds,Orange Lights Over Yuma,8/12/2008,32.7252778,-114.6236111
8/3/2012 2:40,west wyalong (australia),,au,triangle,45.0,35-45 sec,Folding triangular three dimensional type shapes that spark off blue/white electrical looking fields??,8/19/2012,-33.933333,147.25
8/25/2004 21:00,haltom city,tx,us,light,180.0,2-3 minutes,DFW Tx Alliance Airport area 2 lights moving and dancing in sky,9/1/2004,32.7994444,-97.2688889
5/1/1976 16:00,eastland,tx,us,,600.0,10 minutes,eagle shaped with detailed coloring,2/14/2006,32.4013889,-98.8172222
3/12/2001 20:22,las vegas,nv,us,light,1200.0,20+min,4 bright orange lights over the mountains north of Las Vegas - fading in and out and slowly moving,3/16/2001,36.175,-115.1363889
1/24/1998 15:30,tucson,az,us,light,360.0,5-6min,"5 lights maneuvering around each other, all caught on video, and seen on the news",1/28/1999,32.2216667,-110.9258333
1/4/2006 7:00,columbus,mt,us,fireball,60.0,60 sec,"Fireball over, and landing or hitting somewhere north of Columbus Mt, in stillwater county",2/14/2006,45.6366667,-109.2513889
8/15/2010 23:00,kinross,mi,us,unknown,1800.0,30 mins,Blinking red and white light,8/24/2010,46.275,-84.5147222
10/8/2000 23:50,ramat gan (israel),,,fireball,3600.0,"an hour, maybe more.",Balls of light in the sky of Israel.,12/2/2000,32.068424,34.824785
10/15/2013 20:00,boise,id,us,chevron,30.0,30 seconds,V-shaped UFO over Boise's Northend.,10/23/2013,43.6136111,-116.2025
12/19/2006 18:00,lancaster,ny,us,light,30.0,30 sec,no sound just lights,2/1/2007,42.9005556,-78.6705556
10/16/2006 21:30,gloucester,ma,us,cone,600.0,5-10 minutes,Orange light hovering over ocean,8/7/2007,42.6158333,-70.6625
9/24/1999 20:30,euless,tx,us,unknown,60.0,1 minute,Observed unknown objec exhibit instantanious accelleration and decelleration in airspace near DFW airport,10/19/1999,32.8369444,-97.0816667
4/3/2009 18:00,leitchfield,ky,us,circle,45.0,45 seconds,unknown lights in a field,6/9/2009,37.48,-86.2938889
4/28/2010 21:19,plymouth,pa,us,sphere,180.0,3 minutes,"At aproximately 9:19 P.M. Eastern Standard time I witnessed a bright orange sphere that I mistook first for a star, moving in a Northea",5/12/2010,41.2402778,-75.945
9/30/2010 5:30,spokane valley,wa,us,triangle,600.0,10 minutes,"In a look out called the saltese hills, star gazing because there had already been quite a few weird things in the sky.",2/18/2011,47.6733333,-117.2383333
4/25/2002 11:30,san jose,ca,us,circle,2.0,2 seconds,"very small spheres, three one frame flashes at equal time and distance intervals",7/1/2002,37.3394444,-121.8938889
8/15/2002 20:30,fawn grove,pa,us,light,1200.0,15-20 minutes,A pulsating light followed my movements as i walked it moved as i stopped it stopped.,6/18/2003,39.7277778,-76.4522222
10/1/1999 18:12,norman,ok,us,cigar,120.0,2 min,"Soundless cigar shaped object(s) transited South to North. Weather- clear, unlimited visibility, near 70 degrees F.",10/19/1999,35.2225,-97.4391667
2/11/2011 11:30,sacramento,ca,us,sphere,10.0,10 sec,No sound and invisible,5/29/2011,38.5816667,-121.4933333
5/8/2014 0:00,memphis,tn,us,rectangle,900.0,15 minutes,"Standing at my window around 0:00 brilliantly lit objects the size of aircraft carriers, passed by, one by one.",5/8/2014,35.1494444,-90.0488889
8/17/2013 3:05,orlando,fl,us,oval,120.0,2 minutes,Raspberry red oval craft observed traveling north to south along East Coast of Florida,8/30/2013,28.5380556,-81.3794444
7/1/1994 16:00,canton,oh,us,circle,120.0,2 minutes,The Metalic Orb that's as reflective as a mirror and moves like nothing I've ever seen,11/28/2007,40.7988889,-81.3786111
8/4/1999 22:05,arcade,ga,us,flash,90.0,1.5 minutes,I went out to put the mat back on the back porch. A flash lit up the yard. An intense periodic flash of light occurred about every 5 se,8/10/1999,34.0777778,-83.5616667
3/21/2012 6:23,avon,oh,us,light,5.0,5 seconds,"White light zoomed off to the west over Avon, OH",5/13/2012,41.4516667,-82.0355556
11/6/2004 21:00,beale afb,ca,,circle,120.0,120 seconds+,Various uknown objects over Beale air Base. Small blue craft(S),12/3/2004,39.111504,-121.359881
2/24/2001 20:40,arlington (3-4 miles east of),wa,us,circle,30.0,15-30 seconds,Come! Come Here Quick! See That up there???.....,3/6/2001,48.1988889,-122.1238889
9/11/2001 12:30,bradley beach,nj,us,cigar,120.0,2 minutes,"Cigar shaped object moving fast, southward from NYC.",3/21/2003,40.2022222,-74.0125
11/17/2013 20:15,menstrie (near stirling)(uk/scotland),,,light,2.0,2 seconds,Green light.,11/20/2013,56.151116,-3.854674
5/25/2002 23:00,lake isabella,ca,us,light,2400.0,40+minutes,4 pinpoint lights in the sky that looked like satellites but exhibited unusual movements not characteristic with satellites.,6/12/2002,35.6180556,-118.4722222
2/11/2014 20:30,victoria (canada),bc,ca,sphere,900.0,15 minutes,Tonight I saw two distinct sightings. The first one was a very bright red light. The red was basically pure red. Half an hour later I s,2/14/2014,46.216667,-63.483333
5/3/2001 23:18,milwaukee,wi,us,cylinder,240.0,4 minutes,Can shaped ufo makes low-pich noise,8/5/2001,43.0388889,-87.9063889
8/6/2013 23:40,fayetteville,nc,us,triangle,120.0,1-2 minutes,9 to 10 black triangular objects moving at low speed and altitude & a low muffled sound.,8/30/2013,35.0525,-78.8786111
7/11/2004 15:45,sunderland (uk/england),,gb,egg,240.0,4minutes,three egg shaped crafts in a triangula formation,7/25/2004,54.911944,-1.383333
11/12/2012 4:58,platte city,mo,us,triangle,480.0,8 minutes,"Triangle shape object observed, no sound or lights.",11/19/2012,39.3702778,-94.7822222
6/1/1996 13:00,long island/stoney brook,ny,,circle,900.0,15 minutes,witnessed speedy crafts rendezvousing and hovering,6/12/2008,40.925654,-73.140943
7/7/2005 19:45,holland/newtown,pa,,triangle,1200.0,10-20 minutes,3 black triangles in sky defy laws of physics; black helicopter acting strange,7/13/2005,40.219286,-74.979311
1/1/1982 17:00,newcastle (uk/england),,gb,cylinder,30.0,30 seconds,"size,shape,were all unusaul but the speed at the flightpath it adopted prier to disapearering was beyond this planets compensation.",3/21/2003,54.2,-5.883333
7/3/2011 21:00,bristol,ct,us,fireball,35.0,35 seconds,"About 9 P.M. July 3rd, 2011 Bristol CT, Lasted 30-40 Seconds, Heard 3 Loud Bangs, Went Outside And Saw An Orange Circular Unidentifiabl",7/4/2011,41.6716667,-72.9497222
6/14/2001 23:10,staffa (canada),on,,light,7.0,07 seconds,OBJECT WAS EXTREMELY FAST AND BRIGHT. IT WAS OBVIOUSLY NOT A NORMAL AIRCRAFT.,5/14/2002,43.443022,-81.337837
11/16/2004 17:05,jalisco (mexico),,,disk,300.0,5 minutos,al evisar fotografias de un paisaje tomado en la sierra de Tapalpa Jalisco descubri unos puntos negros al momento de hacer la ampliacio,12/3/2004,20.659538,-103.349438
1/27/2014 19:30,highfill,ar,us,triangle,900.0,15 minutes,Triangular craft 3 green lights visible.,1/30/2014,36.2613889,-94.3575
11/10/2013 17:00,grand junction,co,us,circle,2100.0,35 minutes,I stepped out to have some Colorado tobacco and faceing east towards the grandmesa I looked up and saw the orange glow of the sunset re,11/20/2013,39.0638889,-108.55
11/3/1998 14:30,aurora,co,us,unknown,300.0,5 min,while driving to wal-mart notice a reflection of something silvery high in the sky was to high up to notice shape or size but notice it,2/16/1999,39.7294444,-104.8313889
6/18/2010 23:00,thunder bay (canada),on,ca,light,300.0,5 minutes,pulsating light,6/23/2010,48.4,-89.233333
6/15/1963 22:00,newburgh/village of vails gate,ny,,other,1200.0,20 minutes,The craft  up close was enormous and turned on  a  semi -circular white light which wrapped around it's flattenend shape.,4/16/2005,41.453821,-74.062692
8/19/2006 22:00,yakima,wa,us,triangle,15.0,15 sec,"The object was slightly dim with reddish and white lights, It was stationary north for a few seconds and hovered slowly south towards Y",10/30/2006,46.6022222,-120.5047222
11/17/1990 4:30,hallowell,me,us,fireball,120.0,2 minutes,Night turns to morning light and back again,3/4/2003,44.2858333,-69.7913889
5/18/2010 12:30,hephzibah,ga,us,rectangle,60.0,< 1 minute,Huge Rectangular Craft  With LightsTraveling at a High Rate of Speed,6/3/2010,33.3138889,-82.0969444
8/25/2009 20:00,cannon falls,mn,us,light,3600.0,more than 1 hour,Blinking light in the sky.  ((NUFORC Note:  We suspect a celestial body…a star or a planet.  PD)),3/13/2012,44.5069444,-92.9052778
9/1/1985 19:00,waterbury,ct,us,oval,300.0,5 minutes,"Waterbury, CT 1985. Large UFO Hovers over Holy Land off RT 84 and downtown area for minutes Seen by many.",10/31/2008,41.5580556,-73.0519444
9/7/2008 19:00,wake forest,nc,us,diamond,180.0,3 minutes,A UFO making strange movements and odd blinking lights,10/31/2008,35.9797222,-78.51
3/15/2009 17:30,findlay,oh,us,oval,180.0,3 min. ?,Orange white object over northwest ohio.,3/19/2009,41.0441667,-83.65
8/2/2001 22:10,salina,ks,us,fireball,10.0,10 seconds,Salina Kansas Meteor ?,8/5/2001,38.8402778,-97.6111111
1/15/1969 23:00,miami,fl,us,sphere,900.0,15 min. plus,Sphere's appear in the room within touching distance and stay for a considerable amount of time.,12/2/2000,25.7738889,-80.1938889
8/25/2001 18:25,martinborough (new zealand),,,light,300.0,5 minutes,Southern Hemisphere sighting,10/12/2001,-41.219093,175.460065
6/25/2011 22:30,gastonia,nc,us,light,180.0,2-3 min,"Saw 2 low flying objects with bright lights, no noise..",6/27/2011,35.2619444,-81.1875
8/10/1999 11:00,portland,or,us,light,900.0,10/15 minuts,"11:00 am I noticed an object in the sky, i thought it was a plane or balloon, no sound. It was travelling north to south. I then saw a",8/30/1999,45.5236111,-122.675
2/1/2000 9:00,cottage grove,or,us,triangle,60.0,1 min,black silent triangle flighs over dorena lake ruinning my fishing trip,6/12/2008,43.7977778,-123.0583333
5/2/2008 19:25,springdale,ar,us,changing,300.0,5 min,"Town UFO  Springdale, AR",6/12/2008,36.1866667,-94.1286111
7/19/2012 22:00,deland,fl,,circle,180.0,3 minutes,Two Orange lights in the sky,8/5/2012,29.028318,-81.303118
4/5/2014 23:30,hammocks,fl,us,light,5.0,5 seconds,"Hammocks, Florida.  Bright Light UFO.",4/11/2014,25.6711111,-80.4447222
2/19/2002 1:00,elcho,wi,us,circle,3600.0,aprox. 1 hr,"My mother came into my room,told me to look out the window, East, a cluster of lights( 4or 5) went from N to S in the distance above th",3/11/2006,45.4358333,-89.1833333
1/11/2001 1:00,nekoosa,wi,us,circle,1200.0,20minutes,"We were watching tv,I notice a light I tought it was a reflection from a light in the kitchen we dont have drapes on the side that face",1/11/2002,44.3125,-89.9041667
8/31/2013 20:45,elk mills,md,us,formation,300.0,5 minutes,"Orange orbs or floating lights in sky over Elkton, MD",9/9/2013,39.6586111,-75.8263889
3/20/2014 20:35,st. louis,mo,us,light,300.0,5 minutes,"6 Orange balls of light, St. Louis.",3/21/2014,38.6272222,-90.1977778
10/23/1999 21:00,hayward,ca,us,cylinder,30.0,30 seconds,Rectangular gray object glided silently across the night sky and disappeared behind a cloud,11/2/1999,37.6688889,-122.0797222
2/6/2002 0:30,fairbanks,ak,us,fireball,300.0,5min,turn around for 1 min with gushing out smoke.,2/22/2002,64.8377778,-147.7163889
4/8/1999 3:30,leicester (uk/england),,gb,formation,40.0,30-40 seconds,Driving home i stopped at traffic lights. I saw a formation of 3 orange/brown lights flying in a equalateral formation (about a mile aw,5/24/1999,52.664913,-1.034894
6/7/2008 1:00,tucson,az,us,changing,300.0,5 mins,Changing shape low in Davis-Mothan AFB landing pattern.,6/12/2008,32.2216667,-110.9258333
13682,hubbard,or,us,cylinder,10.0,10 seconds,It had a bluish tint with what looked like a candle light in the center traveling slowly south.,4/16/2005,45.1825,-122.8066667
1/31/2003 5:45,summit point,wv,us,other,5400.0,approx 90 minutes,"The object was conical, changing colors and hung motionless in the sky.",4/22/2003,39.2494444,-77.9588889
5/31/2008 21:40,newburgh,in,us,light,300.0,5 minutes,Five or more people saw a string of bright red lights hoving in the sky that disappeared,6/12/2008,37.9444444,-87.4052778
5/14/2004 11:30,valley city,oh,us,,60.0,one hour,I lost one hour of time this morning.,6/4/2004,41.2377778,-81.9316667
9/30/2011 3:46,north bergen,nj,us,circle,5.0,5 seconds,U.F.O.  observation.,12/12/2011,40.8041667,-74.0125
10/10/2001 21:15,ottumwa,ia,us,rectangle,300.0,3-5 minutes,"We saw a square object at night,  which had 2 blue & 2 red lights at corners, hovering in sky above us.",11/20/2001,41.0041667,-92.3736111
11/20/1977 19:00,aurora,co,us,circle,900.0,15 min,i could see it but my friend standing next to me could not it was plain as day right there.,7/25/2004,39.7294444,-104.8313889
6/1/2013 20:45,portland,or,us,teardrop,600.0,10 minutes,Blue/white light streaks across western horzion.,6/2/2013,45.5236111,-122.675
11/25/2013 23:20,leawood,ks,us,cigar,7.0,7 seconds,"Silent Cigar Shaped UFO Leawood, KS.",12/2/2013,38.9666667,-94.6166667
3/23/2014 16:00,gunnison,co,us,sphere,3600.0,1 hour,A white sphere shaped object over Blue Mesa Reservoir moving North to South.,3/27/2014,38.5458333,-106.9247222
6/15/2004 22:00,kure beach,nc,us,light,900.0,15 minutes (approximate),"Strange Orange Lights seen off Carolina and Kure Beaches, North Carolina",6/23/2004,33.9966667,-77.9075
4/16/2014 22:45,cambridge (canada),on,ca,changing,900.0,>15 minutes,Strange flying object changing shape and only visible through certain camera devices.,4/18/2014,43.383333,-80.316667
6/13/2006 13:00,burns harbor,in,us,oval,30.0,30 secounds,"My husband and I were heading to Michigan city for lunch when I saw it. my husband only saw the thing for a few secounds, because he wa",7/16/2006,41.6258333,-87.1333333
2/23/2002 20:30,stewartstown,pa,us,fireball,15.0,15 seconds,We saw a green flash in the sky that was not a meteor.,3/19/2002,39.7536111,-76.5916667
9/7/2009 20:00,wells,me,us,sphere,180.0,3 minutes,A pair of round Orange glowing craft several hundred feet in the air moving up the Maine Coastline silently.,12/12/2009,43.3219444,-70.5813889
8/2/2005 21:00,barrie (canada),on,ca,flash,5.0,5 seconds,Flying object makes a blinding flash then vanishes,9/2/2005,44.383333,-79.7
5/15/2011 10:20,buena park,ca,us,light,480.0,8 minutes,3 very bright lights in triangle formation move across sky,5/29/2011,33.8675,-117.9972222
5/10/2008 14:00,mckees rocks,pa,us,other,120.0,1 - 2 minutes,7 discs in a v formation,12/12/2009,40.4655556,-80.0658333
9/1/1967 23:00,north royalton,oh,us,disk,600.0,10 min.,what did we see?,9/12/2003,41.3136111,-81.7247222
7/14/2010 23:18,regina (canada),sk,ca,flash,3600.0,1 hr,"8 objects high up in the sky that flash white, red, and green lights",7/19/2010,50.45,-104.616667
9/27/2003 23:00,kolkata (india),,,triangle,300.0,5 minutes,the objects moved at great speed but silently and quite low.they were clearly visible,10/7/2003,22.572646,88.363895
10/28/2011 19:00,baytown,tx,us,light,10.0,10 secs,Red Orange that glowed moving and stopping with my movements.,12/12/2011,29.7352778,-94.9772222
7/4/2008 22:30,oak grove,nc,us,unknown,5.0,5 sec,Pulsing object covering great distance in approx. 4 seconds.,8/12/2008,33.9938889,-78.305
8/15/2013 21:45,captiva,fl,us,oval,3900.0,65 minutes on and off,"THIRD SIGHTING IN 3 NIGHTS OF A SILVER-GOLD, ELONGATED/FOOTBALL SHAPED UFOS EMERGING FROM THE GULF OF MEXICO AND POSSIBLE SECOND SIGHTI",8/30/2013,26.5216667,-82.1894444
5/11/1999 9:30,corcoran,ca,us,other,30.0,30 seconds,It was dark so i only saw two lights. the one on the left was cnstantly blinking while the other was kept on. Both were green in color.,9/19/2002,36.0980556,-119.5594444
7/8/2010 23:00,zion,il,us,light,60.0,1 minute,Large bright light above far north Chicago suburbs,7/10/2010,42.4461111,-87.8327778
7/4/2011 22:15,billings,mt,us,light,3600.0,1 hour,6 sightings of red-orange crafts over Billings Montana July 4th 2011 10pm to 11pm,8/7/2011,45.7833333,-108.5
6/30/2013 22:35,hershey,ne,us,rectangle,120.0,2 minutes,Fire ball/box.,7/3/2013,41.1586111,-101.0022222
6/23/2004 19:00,mclean,va,us,triangle,3600.0,1 hour,I am a member of a 50 caliber rifle owners club in Northern VA. Our rifles fire the 50 caliber cartridge developed for the Browning 50,7/8/2004,38.9341667,-77.1777778
10/17/1998 2:17,ottawa (woodroffe & baseline) (canada),on,ca,light,30.0,30 sec,"from centre of Orion, a seemingly far off single point of light, brightness of a star, moved downward to horizon, side to side (about 2",12/2/2000,45.416667,-75.7
7/5/2013 21:30,wyndotte (grand lake),ok,,oval,180.0,2-3 minutes,Three orange/red oval objects over grand lake/ ok. 7/5/2013,7/14/2013,36.793403,-94.725228
6/30/2006 1:35,camarillo,ca,us,circle,60.0,1 min,"On June 30, 2006, My 2 daughters and a friend were exiting south-bound 101, Pleasant Valley\Santa Rosa Exit left, when they looked up t",7/16/2006,34.2163889,-119.0366667
12/18/2002 19:30,kent,wa,us,triangle,25.0,25 seconds,"Black Triangle over Kent, WA",2/11/2003,47.3811111,-122.2336111
1/1/2008 0:20,sheffield (uk/england),,gb,formation,900.0,15mins,"lights traveling in a 2 +1+1+1+1 formation evenly spaced between each and traveling nnw single lights ,not flickering just a yellow /or",1/21/2008,53.366667,-1.5
11/12/2010 15:30,maple grove,mn,us,sphere,600.0,10 minutes,Daytime Sighting in Maple Grove,11/21/2010,45.0725,-93.4555556
10/2/2000 17:00,crossville,tn,us,circle,8.0,two hours,more pulsing red lights in the night sky,12/2/2000,35.9488889,-85.0269444
2/26/2007 11:00,sacramento,ca,us,cigar,20.0,20 seconds,Driving down the highway and saw a cigar shaped craft with a red light in the middle.,3/8/2007,38.5816667,-121.4933333
12/30/2008 3:45,jackson,tn,us,cylinder,15.0,10-15 seconds,"very fast, silent cylinder seen with swirling red lights on its ends.",1/10/2009,35.6144444,-88.8138889
1/19/2012 19:00,callands,va,us,other,300.0,5 minutes,F lights... red with a band of white lights with a red light under that. Then what appeared to be about 100 yards on front of this arra,1/24/2012,36.82,-79.5869444
7/29/2007 6:20,mishawaka,in,us,fireball,600.0,10 minutes,7/29/07 0620 Mishawaka three lights with tails in shape of upside down triangle moving east,8/7/2007,41.6619444,-86.1586111
12/12/2006 4:12,highway 371,nm,,triangle,30.0,30 seconds,Black Triangular Craft flew overhead,2/1/2007,36.064937,-108.206335
5/20/2012 20:45,burbank,ca,us,fireball,20.0,20 seconds,Glowing reddish fireballs gather to form V shape,7/4/2012,34.1808333,-118.3080556
4/15/2008 17:00,rowland heights,ca,us,diamond,120.0,2 minutes,Huge dark object flying over the san gabriel mountain,8/12/2008,33.9761111,-117.9044444
3/7/2009 18:00,gaithersburg,md,us,formation,15.0,about 10 to 15 seconds,"""V"" formation of 7 very small satellites, or tiny bright lights, traveling fast and directly overhead towards NE",4/14/2009,39.1433333,-77.2016667
12/29/1995 23:00,san diego,ca,us,cross,300.0,5:00,"Driving North on the 805 frwy just north of the 8 frwy, saw four very bright white lights in the northern sky moving towards me, one of",1/28/1999,32.7152778,-117.1563889
9/20/2006 19:30,bangor,me,us,light,300.0,5 minutes,"Pilot and passenger witness light to the northeast of their aircraft, which they could not identify.",10/30/2006,44.8011111,-68.7783333
2/28/2013 22:15,fort hunter liggett,ca,,chevron,120.0,2 minutes,Orange object hovering and then darting erratically like a hummingbird several times above tree line a long distance away.,4/12/2013,36.007949,-121.235173
10/10/2006 12:37,blairsville,ga,us,unknown,10.0,<10 sec.,"Intermittant streak by moon, not seen on photo taken 10 seconds earlier.",10/30/2006,34.8761111,-83.9583333
12/7/2013 6:00,hinton (canada),ab,ca,sphere,10.0,10 seconds,Silver/orange sphere travelling north east between 10ꯠ-20ꯠft,12/23/2013,53.4,-117.583333
12/3/2003 17:30,timmonsville,sc,us,other,240.0,4 min,LOng cloud like object races across the sky,12/9/2003,34.1347222,-79.94
10/1/2006 23:15,fairplay,co,us,unknown,30.0,30 seconds,"Six orange lights observed in the sky by three people, moving at constant speed and altitude from south to north.",10/30/2006,39.2247222,-106.0013889
9/8/2001 17:30,granite falls,wa,us,cigar,60.0,1 minute,"Three adults were in the back yard of a home located about five miles east of Granite Falls,on the Mountain Loop Highway. It was about",10/12/2001,48.0841667,-121.9675
9/13/2006 20:45,windsor,co,us,cigar,900.0,15 min,Yellow flying object,10/30/2006,40.4775,-104.9008333
9/28/2001 23:55,fredericton (canada),nb,ca,formation,60.0,1 min,6 lights moving in a steady pace,10/12/2001,45.95,-66.633333
5/24/2007 22:00,frankfort,in,us,other,10.0,5  to 10 sec,Lights,6/12/2007,40.2794444,-86.5108333
10/4/2007 19:00,burkeville,va,us,light,300.0,5 minutes,Red lights flashing and moving erratically through the sky,10/8/2007,37.1875,-78.2016667
4/20/2009 14:00,fort collins,co,us,disk,1200.0,20 min,"MOVED AT SPEEDS , ANGLES THAT ARE NOT NORMAL",5/12/2009,40.5852778,-105.0838889
4/9/2011 23:00,canton,il,us,unknown,10.0,10sec,2 green lights traveling subsonic with no sound,5/2/2011,40.5580556,-90.035
3/21/2012 5:00,phoenix,az,us,unknown,0.3,.30 sec,This maybe nothing but I had to write in. I was looking in the sky for a satelite -( I like watching them ) and I saw a britght flash a,5/13/2012,33.4483333,-112.0733333
9/4/2010 20:00,rockford,il,us,fireball,180.0,2 or 3 mins,Three orange glowing lights traveling together in the form of a verticle triangle in the night disappear into the clouds.,11/21/2010,42.2711111,-89.0938889
4/8/2005 21:15,"ritzville (outside of, milepost 228, e on i-90)",wa,us,unknown,120.0,1 to 2 minutes,"Object  with red lights around it, going on for about 2 seconds and off for about 2 seconds, about 50 feet up and 30 feet away from car",4/16/2005,47.1275,-118.3788889
7/11/1979 2:00,kansas city,mo,us,cylinder,4.0,4 seconds,I was camping out hoping to see Skylab come down when I saw a red arrow move across the sky.,2/24/2007,39.0997222,-94.5783333
7/18/2008 10:35,oxford,nc,us,light,300.0,5 mins,Bright lights 100 ft off the ground,8/12/2008,36.3105556,-78.5911111
11/4/1995 23:45,alfalfa,or,us,,10.0,10 sec.,"Young man (MUFON trainee) & girlfriend witness a ""straight, triangular beam of light"" projected down (?) from cloudy sky.",11/2/1999,44.0775,-121.0158333
8/25/2011 8:25,herkimer,ny,us,light,300.0,5 minutes,orange bright light moving across sky chasing smaller bright white light,10/10/2011,43.0255556,-74.9863889
5/28/2013 0:00,tamborine mountain (australia),,,light,259200.0,3 days,Light/Orb in private rainforest every night for 3 nights straight.,6/2/2013,-27.927513,153.194305
10/15/1986 19:00,knoxville,tn,us,disk,1500.0,25 minuites,Object traveld along side my car for a mile a close range.,9/9/2003,35.9605556,-83.9208333
7/1/1990 20:30,san diego,ca,us,other,30.0,30 seconds,"like a large high-voltage tower on its side, with lights, moving slowly",10/11/2005,32.7152778,-117.1563889
11/16/1999 19:00,middletown,oh,us,triangle,10.0,ten seconds,"I observed a huge, silent, pale green triangular object moving east over the city.",11/17/1999,39.515,-84.3983333
4/12/2010 1:00,waxahachie,tx,us,triangle,240.0,3-4 mins,"Green Light Over Waxahachie, very quick.",5/12/2010,32.3863889,-96.8480556
8/6/2003 4:25,nj turnpike,nj,,other,120.0,several minutes,"UFO on the NJ turnpike 8/06/03 @4:30 AM very large with  white and red lights, hovered in one spot",8/28/2003,40.177431,-74.629447
7/5/2003 0:30,randolph afb,tx,,disk,90.0,1.5 minutes,UFO over Randolph Air Force Base,8/4/2003,29.532418,-98.280236
2/6/2011 0:08,seaside,ca,us,fireball,120.0,2 minutes,I dont know what to say posting this made me feel a little bit better. fire ball round with a triangle missing out of it not rotating,2/8/2011,36.6111111,-121.8505556
7/24/1974 19:00,hagerstown,md,us,disk,120.0,1-2 min,"I saw it too!  RE: Football sized saucer over Hagerstown, MD in summer of 1974",12/16/2005,39.6416667,-77.7202778
4/26/2013 11:46,scappoose,or,us,circle,725.0,12:05,Red lights.,5/15/2013,45.7544444,-122.8763889
8/20/1997 23:00,pinckney,mi,us,light,600.0,10 min,Lights being chased by jets. The lights won,11/11/2003,42.4566667,-83.9463889
3/25/2001 11:00,burnaby (canada),bc,ca,cigar,20.0,20 seconds,A picture of a UFO flying over a high school.,4/28/2001,49.25,-122.95
1/8/2007 17:39,los angeles,ca,us,fireball,2.0,a couple of seconds,"Three lights or fireballs over Los Angeles, one was green, purple and blueish/white, at 7:40pm 1/8/07.  Exact incident in Singapore",2/1/2007,34.0522222,-118.2427778
9/8/2012 2:00,stroudsburg,pa,us,circle,14400.0,4 hours,Fourth sighting of UFOs in the week at the same location.,9/24/2012,40.9866667,-75.195
3/7/2012 11:00,hagarville,ar,us,teardrop,60.0,1 minute,Teardrop shaped craft  passes over the Ozarks.,4/18/2012,35.5155556,-93.3247222
5/15/2004 23:00,slidell,la,us,oval,10.0,10 seconds,Bright white lights seen in open area on road,6/4/2004,30.275,-89.7811111
11/9/2013 9:15,shoto,wi,us,circle,180.0,3 minutes,Black disk over Shoto.,11/11/2013,44.1752778,-87.6491667
12/15/1997 22:00,iola,il,us,fireball,1200.0,10to20min,((HOAX??))  A massive flaming/glowing eyeball floats by then min later a streak of light from space making a 60* angle above us.,1/10/2009,38.8344444,-88.6280556
3/28/2013 23:12,monroe,mi,us,other,600.0,10 minutes,Orange red color moving very slowly and then flashed and disappeared.,4/12/2013,41.9163889,-83.3977778
7/4/2003 8:30,orland park,il,us,triangle,900.0,15 minutes,"Orland Park Illinois. July 4th 2003,triangular object right over fireworks",1/19/2005,41.6302778,-87.8538889
7/15/1978 18:00,amenia,nd,us,disk,900.0,hour,"Hovering disc over WDAY tower east of Amenia, ND.",2/14/2008,47.005,-97.2186111
10/30/2013 21:30,modesto,ca,us,flash,60.0,~1 minute,Stationary blinking white light.,11/11/2013,37.6391667,-120.9958333
9/7/2013 2:35,placerville,co,us,fireball,15.0,15 seconds,"Purplish-green object near Telluride, Colorado in early morning hours.",9/30/2013,38.0166667,-108.0527778
5/5/1996 20:25,san bruno,ca,us,,300.0,5 min.,"Man sees peculiar stationary white light.  Green light drops vertically from white light, becomes red, disappears.  1st obj. moves off.",11/2/1999,37.6305556,-122.41
7/24/2005 23:17,el paso,tx,us,formation,30.0,30 sec.,30 sec speeding lights over Franklin Mountain range.,9/2/2005,31.7586111,-106.4863889
6/23/2002 3:00,luton (uk/england),,gb,unknown,180.0,3.00 mins,ball rise out of the trees and hoverd then change to a disk it then strobed black and blue makeing it look like a bird hover from a dis,4/22/2003,51.883333,-0.416667
4/29/2008 21:15,topanga,ca,us,circle,2700.0,half hour,Observed a donut shaped object with multiple lights moving in a circular motion for 20 to 30 minutes.,6/12/2008,34.0936111,-118.6005556
1/8/2002 12:40,las vegas,nv,us,other,900.0,15 minutes,Red Sphere with Silver Ring moving over Las Vegas Strip in Broad Day Light,1/11/2002,36.175,-115.1363889
9/1/1979 22:00,rockford,il,us,formation,20.0,20 seconds,Several round objects in a straight line formation,4/18/2012,42.2711111,-89.0938889
4/27/2004 20:10,picture rocks,az,us,light,900.0,15 minutes,5 Yellow(ish) lights SW over Silverbell Mountains  (moving/hovering),6/12/2007,32.3458333,-111.2455556
5/1/1996 1:00,rochester,ny,us,triangle,600.0,10 mins,I saw three triangle shaped craft fly over my neighborhood.,1/28/1999,43.1547222,-77.6158333
11/13/2007 23:45,lincoln,ne,us,changing,120.0,less than 2 mins,"Bright white light that change formation, had a limited duration.",11/28/2007,40.8,-96.6666667
9/20/2010 21:02,oxnard,ca,us,fireball,360.0,6 minites,"A moving fire ball over oxnard, ca morphing into a comet shape with tail.",11/21/2010,34.1975,-119.1761111
8/12/2012 20:30,sun city summerlin,nv,,egg,120.0,2 minutes,Flying egg shaped object  bright white mlights hovered above me then glided west over red rock,8/19/2012,36.211718,-115.310428
1/4/2013 19:00,rotonda,fl,us,other,1800.0,30 minutes,"Object over Rotonda, Florida.",2/4/2013,26.8833333,-82.2902778
7/4/2013 22:30,mt. view,hi,,light,120.0,2 minutes,Bright Red object in the Hawaiian sky.,7/14/2013,19.555833,-155.108056
1/1/1976 21:00,fort gardens,ga,,flash,300.0,5min,Remember when the lights appeared over Georgia?,8/5/2001,33.355436,-82.395384
8/2/2012 0:00,modesto,ca,us,fireball,600.0,~5-10 minutes,"Fiery Orb in night sky, no tail, no sound, seemed to burn out, and looked like a oval disk.",8/5/2012,37.6391667,-120.9958333
8/10/2012 21:40,wenatchee,wa,us,circle,180.0,about 3 minutes,A silent light in the sky that flew in the area.,8/19/2012,47.4236111,-120.3091667
1/8/2012 19:00,phoenixville/kimberton,pa,,cone,3600.0,1:00 hour approx,Witnessed 10-15 low flying (the height of the tree) cones or top shaped UFOS with many colorful lights before helicopters showed,1/12/2012,40.130382,-75.514913
2/20/2013 19:15,olympia,wa,us,light,10.0,10 seconds,Light was moving erraticly in the evening sky.,2/28/2013,47.0380556,-122.8994444
9/19/2009 19:52,mount penn,pa,us,circle,30.0,30 seconds,"Light appears, searches, than disappears into a mist.  ((NUFORC Note:  Missile launch.  PD))",12/12/2009,40.3280556,-75.8911111
5/7/2013 22:00,coatesville,pa,us,circle,120.0,2 minutes,"Circular object with lights like the points of a star in the front, it made no sound.",5/15/2013,39.9830556,-75.8241667
8/17/2008 18:30,houston,tx,us,chevron,1200.0,20 min,black slow moving  V shape object over houston s george bush airport,10/31/2008,29.7630556,-95.3630556
9/12/2009 22:00,henley-in-arden (uk/england),,,,900.0,15 mins,low-flying orange light clusters in formation making no sound.,12/12/2009,52.292549,-1.779866
6/10/2007 22:24,myrtle beach,sc,us,triangle,1800.0,30 minutes,Bright glowing triangular object with red flash moving erratically in a fixed point.,6/12/2007,33.6888889,-78.8869444
7/11/2013 23:40,rathdrum,id,us,circle,5.0,5 seconds,Large dim orange circular object travels across sky at enormous rate.,7/22/2013,47.8125,-116.8955556
9/24/2011 23:00,fairport,ny,us,formation,60.0,1 minute,"2 large lights in the sky with a orange glow. At first thought to be a plane flying very low and quite, however they joined together to",10/10/2011,43.0986111,-77.4422222
3/13/2006 9:25,cleveland (suburb),oh,us,circle,300.0,5min+,"Saw a cloud-like object making swift, wide, regular circles over and over.",5/15/2006,41.4994444,-81.6955556
12/21/2001 23:30,bellevue,ne,us,sphere,180.0,3 minutes,A orange coilored sphere hovered over western horizon by Air Force base.,1/11/2002,41.1366667,-95.8905556
10/11/1999 20:35,kirbyville (due south of),mo,us,other,5400.0,1.5hours,"About 2030 cst I noticed what apeared to be a ""tumbler"" a flashing satellite. After observing for approx.10 min. I realized that the ob",10/19/1999,36.6230556,-93.1638889
8/4/1995 1:00,hazel dell,wa,us,,90.0,90 sec.,"Man reports witnessing strobe light in sky, then go dim. (Tumbling satellite?)",11/2/1999,45.6716667,-122.6616667
2/20/2012 1:45,williston,vt,us,light,5.0,5 seconds,Fast bright moving light came out of nowhere,3/13/2012,44.4375,-73.0686111
4/5/2006 6:05,newhall,ca,us,circle,5.0,5 seconds,"saw light  which ""imploded"" upon itself leaving a halo, then faded to nothing in the sky",5/15/2006,34.3847222,-118.53
7/6/2002 21:45,longmont,co,us,circle,90.0,90 secs,"Five circular bluish-white objects moving north to south, 3 first followed by two more in a vertical pattern.",7/30/2002,40.1672222,-105.1013889
10/8/2013 8:00,redondo beach,ca,us,oval,180.0,3 minutes,Possible UFO over Redondo Beach trench?,10/14/2013,33.8491667,-118.3875
8/7/1998 0:00,casa grande,az,us,triangle,180.0,about 3 min,Triangle Shaped Object Over I-10 Near Casa Grande,3/19/2009,32.8794444,-111.7566667
1/6/2009 1:00,cocoa beach,fl,us,other,4.0,2-4 seconds,Slow moving shooting star with unnatural light.,1/10/2009,28.3197222,-80.6077778
3/15/2009 23:00,muscatine,ia,us,triangle,20.0,20 seconds,Triangle object with 4 white lights silently flys through the sky very low to the ground.,12/12/2009,41.4244444,-91.0430556
5/30/2008 5:00,hollywood,ca,us,triangle,60.0,1 minute,UFO in Hollywood.,6/12/2008,34.0983333,-118.3258333
2/3/2008 17:30,victorville,ca,us,fireball,3.0,3 seconds,FALLING FIRE BALL,2/14/2008,34.5361111,-117.2902778
1/27/1998 21:50,anaheim hills,ca,us,light,3.0,2-3 seconds,Bright bluegreen light streaking across sky from South to North.,3/7/1998,33.8444444,-117.7763889
2/11/2008 2:01,cincinnati,oh,us,oval,4.0,4 seconds,Dark object falling rapidly downward from the sky with bright orange flames emanating from it,2/14/2008,39.1619444,-84.4569444
10/19/1998 18:00,virginia beach,va,us,fireball,600.0,10 min,2 fireballs flying  north to southwest about the speed of jetliner.,11/19/1998,36.8527778,-75.9783333
5/15/2005 0:00,earp,ca,us,triangle,16200.0,4.5 hr,Massive number of UFO's observed in one location.,5/24/2005,34.1647222,-114.3002778
8/2/2004 0:00,orlando,fl,us,light,600.0,10 minutes,"Saw a light slowly lift straight up from behind the trees, and then head South.  The light kept increasing and decreasing in brightness",5/24/2005,28.5380556,-81.3794444
6/1/1967 22:00,yucca valley,ca,us,light,300.0,5 minutes,"6 family members observe bright light for 5 minutes near Yucca Valley, CA 1967",7/4/2012,34.1141667,-116.4313889
11/24/2013 18:00,worcester,ma,us,triangle,1200.0,20 minutes,"Bright stationary object in s/sw night sky.  ((NUFORC Note:  Sighting of the planet, Venus.  PD))",12/2/2013,42.2625,-71.8027778
6/29/2013 23:44,chesterfield,va,us,light,360.0,6 minutes,Hovering circular ball of light that kept flashing. Followed it to figure out exactly where it was. It eventually faded away.,7/3/2013,37.3769444,-77.5061111
7/15/2011 15:00,denver,co,us,triangle,180.0,3 minutes,White Triangle in Denver Colorado,7/17/2011,39.7391667,-104.9841667
7/4/2011 23:00,arcata,ca,us,triangle,300.0,5 min,"Red, green, and white lights hovering, jumping, and zig-zagging above  Arcata, CA 7/4/2011",7/6/2011,40.8666667,-124.0816667
8/1/1988 0:00,ft. stewart,ga,,light,1200.0,20 minutes,ONE UFO OVER TANK RANGE AT FORT STEWART GA.,10/30/2006,31.88,-81.6075
3/15/2005 16:00,paradise,ca,us,cigar,900.0,15 minutes?,"a white ""contrail"" fixed in size, shape and consistency.",9/2/2005,39.7597222,-121.6208333
6/16/2012 1:26,sarasota,fl,us,unknown,120.0,1-2 mins,UFO as bright as star with green tail of fire over Siesta key,6/20/2012,27.3361111,-82.5308333
9/1/2013 20:00,vernon (canada),bc,ca,,900.0,several hours,"Night object with flashing red and green lights over Vernon, B.C. Canada.   ((NUFORC Note:  Twinkling star, we suspect.  PD))",9/9/2013,46.183333,-62.883333
10/10/1985 20:25,leeds (uk/england),,gb,triangle,600.0,10min,three light in the sky that led to a big black silent triangle shaped craft.,3/4/2003,53.8,-1.583333
1/1/1967 1:00,cam rahn bay (viet nam),,,cigar,30.0,30sec+,Saw UFO when in Viet Nam..no doubt about it.,4/27/2007,11.893334,109.170167
2/26/2001 1:15,charlotte,nc,us,unknown,120.0,several minutes,1:15am Feb 26 2001 red & white strobe like object moving rapidly,3/6/2001,35.2269444,-80.8433333
8/20/2002 23:59,milan,tn,us,light,3600.0,1 hour,A large dull light the color of the sun when it sets with a brite red flashing light that rotated around it. The object hovered for one,8/28/2002,35.9197222,-88.7588889
11/2/2010 1:17,inverness,il,us,disk,1800.0,30 minutes,Stationary object over with flashing colored lights in center and 4 or 5 dark disks on side of object.,11/21/2010,42.1180556,-88.0961111
11/13/2009 3:00,harper,ks,us,light,300.0,5 minutes,"It was a little after 3am, maybe 3:05am Nov.13thᄹ. My wife is a nurse at a hospital in Wichita,KS about 40miles north of where we liv",12/12/2009,37.2866667,-98.0255556
10/13/2003 1:00,deerfield beach,fl,us,cigar,900.0,15 mins,"Flashing red,blue & white lights, hovering over deerfield beach in florida",10/15/2003,26.3180556,-80.1
8/20/2003 22:30,lakewood,ca,us,sphere,20.0,20 seconds,Small bright orb appeared about 15 feet from me.,1/5/2011,33.8536111,-118.1330556
11/18/2013 19:45,virginia beach,va,us,sphere,5.0,5 seconds,"Small orb like object, made quick sharp turns, very very fast and from my vantage point appeared to be red.",1/10/2014,36.8527778,-75.9783333
8/22/2002 21:45,bloomington,il,us,light,20.0,20 sec.,seen red and green light above the clouds as i was driving home. the lights came from the west going east and then disappeared. no nois,8/28/2002,40.4841667,-88.9936111
6/24/2012 22:45,ypsilanti,mi,us,triangle,900.0,5-15 minutes,Triangle shaped craft traveling East over Ypsilanti,7/4/2012,42.2411111,-83.6130556
9/28/2005 23:00,bamfield (canada),bc,ca,light,21600.0,6 houres,We watched a light for 6 houres drag somthing off Diana Island and ride it out over the hurison.,10/31/2008,48.833333,-125.15
3/9/2012 5:30,carteret,nj,us,chevron,10.0,approx. 5-10 seconds,Possible UFO in area with a history of reported UFO sightings,5/29/2012,40.5772222,-74.2286111
1/31/2007 18:30,nice (france),,,triangle,15.0,15 seconds,"Triangular shaped UFO over Nice, south of France (January 2007)",2/1/2007,43.710173,7.261953
9/14/2008 16:49,hemet,ca,us,unknown,60.0,1 minute,"UFO spotted over Hemet, CA around 8:49pm Sep. 14, 2008",10/31/2008,33.7475,-116.9711111
5/15/2011 20:00,sun city,az,us,triangle,300.0,2-5 minutes,It was just before dark at dusk.  I just moved in and was looking at the sky to my left.  I saw an orange upside down triangle in the s,8/7/2011,33.5975,-112.2711111
1/25/2004 15:00,hayward,ca,us,egg,180.0,3 min,"I just read the other Hayward report on your site. Sound like the same thing I saw this weekend. It was along the Hayward hills, near t",1/31/2004,37.6688889,-122.0797222
7/31/2013 23:10,commerce,ca,us,egg,300.0,5 minutes,Stepped outside of my job for my 15 min break with my friend. I walked to my Car an sat on my trunk  facing east. While I was talking t,8/30/2013,34.0005556,-118.1588889
4/15/1973 15:00,mayfield,ky,us,cigar,30.0,about 30 sec.,Cigar shaped  silvery object  follows car's movement and speed then disappears into sky with incredible speed,4/16/2005,36.7416667,-88.6366667
12/21/2012 18:00,milwaukee,wi,us,other,300.0,5:00,I happened to look up in the sky' It was dark and the street lights were out. The objects appeared to be far away but our eyes can not,2/4/2013,43.0388889,-87.9063889
11/21/2008 1:20,savannah,ga,us,formation,150.0,30 seconds- 2 minutes,"8-12 lights viewed in the skies of Savannah, GA moving very fast and in unison.",1/10/2009,32.0833333,-81.1
1/3/2009 4:00,lafayette,co,us,triangle,7.0,7 seconds,I was at a friend’s house in Lafayette Colorado to watch the predawn Meteor Showers at 4:00am. We were standing outside having a smoke,1/10/2009,39.9936111,-105.0891667
3/29/2003 20:30,sunrise,fl,us,light,600.0,7-10 minutes,bright star-like objects that changes colors and brightness,4/22/2003,26.1336111,-80.1133333
5/7/2006 21:30,davenport,ia,us,light,60.0,less than 1 minute,I was sitting on steps leading to my house. I was facing west when I noticed a light moving from a westardly direction that was very hi,5/15/2006,41.5236111,-90.5775
10/6/2005 1:15,coon rapids/fridley,mn,,triangle,60.0,1 minute,object trailed by military aircraft flew over at high rate of speed knocking out power in certain homes.,10/11/2005,45.07974,-93.257551
9/2/2000 21:00,seattle,wa,us,other,1200.0,about 1/2 hr.,"one circular UFO with colored lights, one fireball object, revealed itself and disappeared.",9/17/2000,47.6063889,-122.3308333
11/10/2012 18:15,lower burrell,pa,us,unknown,60.0,1 minute,6 orange glowing lights.,11/19/2012,40.5530556,-79.7575
10/20/2003 22:30,swanley (uk/england),,,light,60.0,approx one minute,"at approximately ten thirty pm i was standing outside my house.  i had been photographing the moon.  suddenly, i became aware of a very",11/11/2003,51.396531,0.177326
12/1/1998 6:09,lehigh acres,fl,us,flash,2.0,seconds,wHITE STREAK AS IF A METEOR EXCEPT WENT FROM GROUND ELEVATION TO A 45 DEGREE ELEVATION CROSSED IN FRONT OF A AIRLINER WHICH HAD JUST TA,1/28/1999,26.625,-81.625
11/8/2004 22:30,mckees rocks,pa,us,unknown,1425.0,23:45,"Red, green and blue horizontal lights, up to five crafts - not in formation",12/3/2004,40.4655556,-80.0658333
4/26/2004 22:00,st. petersburg beach,fl,,light,600.0,approx. 10 min.,"Object bursted into a glow, then shot across horizon, shot back , and then moved smooth like a plane.Unreal!",6/4/2004,27.724722,-82.741944
2/8/2009 18:00,spring hill,tn,us,changing,10800.0,3 hours,Bright white light in the sky.  Spring Hill TN.  Sometimes changes shapes & Blinking colors Red Green & Yellow.,3/19/2009,35.7511111,-86.93
1/1/2012 0:10,bakersfield,ca,us,sphere,240.0,4 minutes,"2 orange fireball's over Bakersfield,CA",1/12/2012,35.3733333,-119.0177778
4/17/2002 20:50,mt. carmel,pa,us,light,300.0,five minutes approx,2 light objects in the night sky not corresponding to know jet  flying patterns or noise.,4/25/2002,40.7969444,-76.4122222
6/1/1987 17:00,ithaca,mi,us,other,900.0,15 min,The light's,1/5/2011,43.2916667,-84.6075
8/31/2003 0:30,picnic island (in honey harbour) (canada),on,,fireball,3.0,approx: 3 seconds,HBCCUFO CANADIAN REPORT:  A brilliant bright light with a slight green glow .,9/9/2003,45.989303,-81.944253
11/9/2011 19:00,columbia,sc,us,circle,5.0,5 seconds,"Round metallic jellyfish-like craft with white blinking lights flies over car low & slow, Columbia, SC",12/12/2011,34.0005556,-81.035
6/7/2002 21:00,taunton,ma,us,other,60.0,1 minute,Any explanations?,6/12/2002,41.9,-71.0902778
10/28/2006 18:15,marshfield,mo,us,light,1500.0,25 minutes,"Bright lights, jets, mystery.",10/30/2006,37.3386111,-92.9069444
5/31/1999 21:00,pekin,il,us,light,120.0,2 minutes,"bluish white light moving to the east,faster than a normal aircraft,in a straight horizontal path,no flashing lights,observed light mov",6/23/1999,40.5675,-89.6405556
10/23/2003 21:18,seattle,wa,us,cone,12.0,10-12 seconds,It was a red and green coneshaped object that flashed briefly across the night sky.,10/31/2003,47.6063889,-122.3308333
9/7/2005 1:56,los angeles,ca,us,light,120.0,2 minutes,Orange light climbs 3 minutes straight up into night sky over Los Angeles,10/11/2005,34.0522222,-118.2427778
7/27/1983 21:00,san antonio,tx,us,cigar,900.0,15 min,"We saw a cigar-shaped, craft with pulsating green, red, and yellow lights that defied normal earthly aircraft movements.",1/22/2004,29.4238889,-98.4933333
3/16/2006 20:00,san antonio,tx,us,triangle,5.0,5 seconds,Triangular aircraft tumbling on it's side!,5/15/2006,29.4238889,-98.4933333
8/30/2012 21:00,greer,sc,us,sphere,5.0,5 seconds,Large white falling star!,9/24/2012,34.9386111,-82.2272222
7/20/1962 18:00,burkesville,ky,us,disk,120.0,1-2 minutes,"Disk, flying very low, over small town in Kentucky in 1962; close enough to see details.",10/30/2006,36.7902778,-85.3705556
10/4/2009 19:25,grays (uk/england),,gb,fireball,240.0,4 minutes,"Was like an Orange ball of fire much larger than an aeroplane, that hovered for about 4 minutes and then flew very fast out of sight!",12/12/2009,51.483333,0.333333
8/10/2013 23:00,vernon (canada),bc,ca,other,3600.0,1 hour,"Multiple lights of red, green, blue and white blinking and hovering in the sky.",8/30/2013,46.183333,-62.883333
7/15/1979 14:00,fairmount,in,us,cigar,360.0,about 5-6 minutes,Cigar shaped craft - similar sighting listed in same area,10/20/2005,40.4152778,-85.6505556
8/29/2001 6:00,grantville,pa,us,disk,60.0,approx. 1 min,My 12 year old daughter came home from school and said that she had to tell me something and that she thought I would not beleive her.,10/12/2001,40.3777778,-76.6466667
10/9/1955 18:00,west covina,ca,us,,4.0,4 sec,Brilliant green meteor heading north west from view in California near L.A.,1/22/2004,34.09,-117.8894444
10/7/2008 20:30,baltimore,md,us,changing,14400.0,3-4 hours,"At about 8:30 on Tuesday, October 10, I looked out the third story window of my dorm room and saw a really bright white light that had",10/31/2008,39.2902778,-76.6125
3/31/2008 23:50,fort lauderdale,fl,us,unknown,300.0,3-5 minutes,Blue lights seen hovering 300 -400 feet above westbound lanes of I-75.,4/17/2008,26.1219444,-80.1436111
4/9/2011 0:15,annapolis,md,us,circle,600.0,10 minutes,"Stationary light over Annapolis, MD",5/2/2011,38.9783333,-76.4925
6/30/2009 22:00,center,tx,us,other,60.0,1 minute,Star-like object observed at night falls out of sky.  ((NUFORC Note:  Possible sighting of ISS?  PD)),8/5/2009,31.7952778,-94.1788889
7/17/1999 22:30,hatton,wa,us,sphere,30.0,30seconds,"On this date I was driving,(I am a Trucker) north on U.S. 395 between Pasco and Ritzville Wa at about 10:30 pm when I saw an orange bal",8/10/1999,46.7761111,-118.8252778
12/11/2006 22:55,birmingham (uk/england),,gb,light,5.0,5 seconds,"11/12/06, 22.50. Green light,, travelling fast, 5 seconds view over Birmingham UK",12/14/2006,52.466667,-1.916667
7/6/2013 22:30,canajoharie,ny,us,circle,300.0,5:00,"Driving east on N.Y. State thruway around 10:30 pm noticed orange orbs, looked like when people ski down a mountain at night with cande",7/14/2013,42.9055556,-74.5722222
3/23/2011 21:42,cranbrook (canada),bc,ca,triangle,45.0,0:45,Huge Black Triangular UFO.,3/18/2014,49.516667,-115.766667
10/26/1999 22:05,westmont,il,us,oval,180.0,3 minutes,oval shaped huge object with orange running lights circling ship . moving very slow,2/18/2001,41.7958333,-87.9755556
7/30/2011 20:15,rotherham (uk/england),,gb,sphere,10.0,10 seconds,"Black sphere traversed the sky over Rotherham, UK.",8/7/2011,53.433333,-1.35
10/22/2002 13:00,san francisco,ca,us,cigar,21600.0,afternoon,"Cigar shape,sliver color,hovering,in a group of trees,and it had two lights.",4/27/2004,37.775,-122.4183333
11/23/2003 18:30,piscataway,nj,us,triangle,180.0,1/2 hour,Triangle shaped abject that hovered in the sky,11/26/2003,40.4991667,-74.3994444
3/30/2003 20:30,stanwood,wa,us,triangle,180.0,3minets,very big the size of an aircraft carrier going north to south very slow  .,4/22/2003,48.2413889,-122.3694444
3/5/2010 22:00,west chester,pa,us,triangle,1800.0,30 minutes,Small triangular object with multi-color lights slowly moving,4/13/2010,39.8494444,-75.3561111
5/20/2012 19:00,moffett field,ca,,oval,60.0,1 min,"Eclipse oval ufo seen over Moffett field,ca",5/29/2012,37.41128,-122.054192
2/28/2008 12:00,hickory,nc,us,unknown,1800.0,30 min,The chrome dot never moved from its position.,3/4/2008,35.7330556,-81.3413889
3/31/1980 19:15,canoga park,ca,us,disk,60.0,1 minute,Saucer shaped craft hovering near Zody's dept store in Canoga Park,3/4/2008,34.2011111,-118.5972222
10/10/2013 20:30,savage,mn,us,circle,60.0,1 minute,I saw a sphere shaped object flying east to west moving faster than any conventional aircraft was white to orange in color as it reache,10/14/2013,44.7791667,-93.3361111
5/29/2010 13:00,lancaster,oh,us,chevron,2.0,2 sec.,A white chevron UFO moving at high rate of speed in perfect visibilty.,6/3/2010,39.7136111,-82.5994444
7/3/1996 5:00,union city,pa,us,other,300.0,5 min.,we ar more primitive than we think!,9/4/2003,41.8994444,-79.8455556
10/13/2013 2:59,salt lake city,ut,us,unknown,5.0,5 seconds,Bright flash in the sky followed by a distant explosion about 3 seconds later. It was not lightning. It was not a stormy night and ther,10/14/2013,40.7608333,-111.8902778
7/15/1996 22:00,sioux city,ia,us,triangle,10.0,10 seconds,Triangular shapes that only I could see.,4/22/2003,42.5,-96.4
7/8/2006 16:15,mansfield,tx,us,oval,13.0,13 seconds,the object was moving and had sound,7/16/2006,32.5630556,-97.1413889
3/1/2009 3:30,kansas city,mo,us,flash,7.0,7 seconds,flash of light over kansas city,3/19/2009,39.0997222,-94.5783333
7/7/2001 4:20,vancouver (canada),bc,ca,circle,7.0,7 seconds,"Fireball Over Vancouver BC, Pacific Northwest.",8/5/2001,49.25,-123.133333
4/15/1997 10:00,hawthorne,ca,us,light,2.0,2 seconds,A light flashed by a man at close range.,6/9/2009,33.9163889,-118.3516667
35058,pasadena,tx,us,light,600.0,about 10 minutes,"THE OBJECT WAS A LARGE RED BALL OF LIGHT. IT WAS DESCENDING SLOWLY, STRAIGHT DOWN.",6/18/1998,29.6908333,-95.2088889
7/16/2000 9:00,issaquah,wa,us,changing,60.0,1..45,"I live in Issaquah Washington and viewed the following around the middle of July 2006. Standing in my living room,we have a panaram",10/30/2006,47.5302778,-122.0313889
4/9/2010 21:30,indianapolis,in,us,triangle,60.0,1 minute driving past,Black Triaglular aircraft with two white lights and one red going across Indianapolis sky.,6/3/2010,39.7683333,-86.1580556
7/15/1974 19:30,matheson (canada),on,ca,sphere,3.0,3 seconds,"Big Orange sphere traveling very high rate of speed,no noise like a sonic boom,no vapor trail left,no descending like something falling",6/12/2002,48.533333,-80.466667
9/22/2007 3:30,cremona (15m northwest of) (canada),ab,ca,light,7200.0,2 hours,Bright fast and irratic moving light over cremona ab,10/8/2007,51.55,-114.466667
10/31/2001 19:11,san antonio,tx,us,formation,240.0,2 - 4 min/24 ttl,Very large UFO sighted while masked/hiding in rolling cloud bank at sunset.,11/20/2001,29.4238889,-98.4933333
9/21/1999 8:00,denver,co,us,light,40.0,40 seconds,"Star like light moved about 10 moons, disappeared, reappeared and moved 10 more moons then disappeared again.",10/2/1999,39.7391667,-104.9841667
9/19/2002 19:30,hollister,ca,us,fireball,900.0,15 min,"looked like a single landing light with a vapor trail that grew and grew till it was 8 to 10 times the size of the object, then with a",9/28/2002,36.8525,-121.4005556
7/28/2003 2:00,charlotte,nc,us,sphere,180.0,3 minutes,Large White & Orange Sphere over Kannapolis Concord NC Area,8/28/2003,35.2269444,-80.8433333
3/26/2009 21:45,chatsworth,ga,us,circle,120.0,2 minutes,object appeared to float over just barely above tree line way to low for a plane but saw red and white lights no noise,4/14/2009,34.7658333,-84.77
12/15/2004 23:00,charleston,mo,us,unknown,600.0,10 minutes,Low flying craft with no  sound,1/11/2005,36.9208333,-89.3505556
9/15/1995 14:00,las vegas,nv,us,other,1500.0,20-25 min,garbage can shaped object,5/24/2005,36.175,-115.1363889
6/27/1998 20:50,east amwell township,nj,,oval,600.0,aprox 10min,"the craft seemed to float parallel to the hills very very slowly and at a constant speed then it seemed to turn or ""widen"" so that one",11/21/1998,40.430833,-74.836944
11/4/2004 19:30,marlborough (uk/england),,gb,sphere,180.0,3 mins,"I was approaching the village on foot and noticed a bright orange ball, it appeared stationary.",11/9/2004,51.416667,-1.716667
7/7/2013 8:30,winter park,fl,us,light,60.0,1 minute,"Bright fixed orange light in sky, small pulsating lights slowly dropped beneath it and descended to ground.",8/30/2013,28.5997222,-81.3394444
7/16/2013 10:30,monroe,mi,us,teardrop,2.0,a few seconds,3 orbs of light too slow for shooting stars.,7/22/2013,41.9163889,-83.3977778
6/12/2011 21:00,doha,,,unknown,120.0,1 to 2 minutes,All three have the conical shape leaving a burning yellow trail...,3/13/2012,25.286667,51.533333
7/6/2008 1:45,sylacauga,al,us,rectangle,8700.0,2 hours 25 minutes,"July 6 2008 on or about 1:45 AM and ended at 4:10 AM Location Sylacauga Alabama, 35151, The object was Rectangle in shape, and addition",8/12/2008,33.1730556,-86.2516667
3/9/2008 12:30,freehold,nj,us,oval,5.0,4-5 secs,"3/09/08: Bright, shiny liquid-silver colored oval hovering in the sky.",3/31/2008,40.26,-74.2741667
4/1/2008 21:30,smyrna,ga,us,fireball,15.0,15 seconds,Fireball over Smynra Georgia USA 4/1/2008 21:30 falling straight to the ground over Dobbins AFB,4/17/2008,33.8838889,-84.5144444
2/6/2009 21:00,maysville,nc,us,fireball,60.0,1 min +,Moving bright light over Maysville,3/19/2009,34.9047222,-77.2316667
8/26/2001 2:28,seattle,wa,us,triangle,2.0,seconds,A dark aircraft with deep red colors triangularly shaped,10/12/2001,47.6063889,-122.3308333
3/6/2009 23:00,st. augustine,fl,us,fireball,30.0,30 sec,"ON MY WAY HOME I SAW A GLOWING SPHERE WITH A FIREY TRAIL, MUCH LIKE A COMET, EXCEPT THAT IT DIDN'T APPEAR TO MOVE.",3/19/2009,29.8944444,-81.3147222
7/21/2007 20:30,melville,ny,us,rectangle,60.0,half hour,"I was in the car with my mother,It was about 8:30 pm when i spotted two square objects in the skye. They were bright and stationary. Th",8/7/2007,40.7933333,-73.4155556
11/11/2013 5:00,savannah,mo,us,triangle,4.0,4 seconds,Triangle over heartland.,11/11/2013,39.9416667,-94.83
2/10/1979 23:00,huntersville,nc,us,oval,300.0,5 minutes,UFO near switchyard of nuclear power plant.,3/21/2003,35.4105556,-80.8430556
3/16/2013 8:35,knoxville,tn,us,triangle,120.0,~2 minutes,I was playing basket ball i looked up and two lights were next to eachother then a triangle appeared it scare all f the six witneses,5/15/2013,35.9605556,-83.9208333
6/2/2012 23:17,bozeman,mt,us,formation,600.0,10 minutes,Four orange lights brighter than stars moving erratically and forming a Y,6/20/2012,45.6797222,-111.0377778
7/12/2002 22:50,franklin,pa,us,light,60.0,1 minute,A light moved across the sky.,7/26/2002,41.3977778,-79.8316667
9/29/2007 23:30,chicago,il,us,circle,3.0,3 seconds,Falling Green Orb in Chicago,10/8/2007,41.85,-87.65
6/17/1953 7:30,galveston,tx,us,cigar,180.0,3 minutes,It had been my habit before I opened my place of business each morning to do my early morning fishing. This one particular morning I ha,8/5/2001,29.3011111,-94.7975
7/4/2001 0:00,kennewick,wa,us,light,60.0,~ 1 minute,"Silent, orange ball of light seen crossing the night sky in Kennewick, WA.",8/5/2001,46.2113889,-119.1361111
3/6/2003 21:00,natalia,tx,us,light,1800.0,+30 minutes,A row of 4 lights,3/11/2003,29.1894444,-98.8622222
8/30/2013 20:10,sedona,az,us,fireball,300.0,5 minutes,Two orange/red fireballs ascending in western sky.,9/9/2013,34.8697222,-111.7602778
4/28/2012 21:00,charlotte,nc,us,triangle,40.0,40 seconds,Red Lights Over East Meck High,5/13/2012,35.2269444,-80.8433333
6/8/2013 21:00,oshkosh,wi,us,sphere,120.0,2 minutes,Flying fiery sphere for 2 minutes.,7/3/2013,44.0247222,-88.5425
10/25/2006 19:15,fairbury,il,us,oval,10.0,10 seconds,2 OVAL SHAPED OBJECTS PURSUING EACH OTHER,10/30/2006,40.7472222,-88.5147222
3/14/2006 22:35,hamilton (canada),on,ca,oval,300.0,5 minutes,Oval shaped craft over Canada,5/15/2006,43.25,-79.833333
7/31/2002 21:00,fairlawn,oh,us,triangle,180.0,3 minutes,Triangular pattern witnessed on summer night in backyard,1/21/2008,41.1277778,-81.61
3/12/2010 21:20,crestview,fl,us,circle,600.0,10 minutes,We seen two orange lights in sky which other people who were in a different part of town seen 6 orange lights.,4/13/2010,30.7619444,-86.5705556
3/17/2009 0:00,grand rapids,mi,us,disk,2700.0,45 minutes,Multiple flying objects over Grand Rapids Michigan.,3/19/2009,42.9633333,-85.6680556
12/10/2008 19:25,happy valley,or,us,fireball,9.0,5-9 seconds,Observed Meteir/Fireball,1/10/2009,45.4469444,-122.5291667
6/19/2007 21:45,chicago,il,us,light,45.0,45 seconds,This turn was immpossible.,8/7/2007,41.85,-87.65
9/18/2013 21:30,shelbyville,ky,us,cigar,240.0,4 minutes,It was red and white then turned into a fireball going upwards then disappeared.,9/30/2013,38.2119444,-85.2236111
7/26/2013 21:15,tobyhanna,pa,us,light,900.0,15 minutes,"Lighted object in the SW sky, looked like a star but moved southward and slowly faded out. Then moved north 10 minutes later.",8/30/2013,41.1769444,-75.4183333
6/15/1993 22:30,oshawa (canada),on,ca,triangle,180.0,3  minutes,"Three white lights, no sound, not moving above tree line, then vanishes with no trace, sound,or light!",12/2/2000,43.9,-78.866667
7/6/2012 22:00,pedro,oh,us,formation,600.0,10 minutes,5 lights in formation,8/5/2012,38.6302778,-82.6675
11/1/2013 18:00,madison,ms,us,light,3600.0,hour,Star like obj. in mid air shining bright then dim then very bright for ~1 hour then just disappeared!  ((NUFORC Note:  Venus?  PD)),11/11/2013,32.4616667,-90.1152778
4/12/2010 0:00,camillus,ny,us,cigar,600.0,10 minutes,((SERIOUS REPORT??))  The ships were humming and faintly glowing.,5/12/2010,43.0391667,-76.3044444
12/31/2012 21:10,fort myers,fl,us,sphere,180.0,3 minutes,"Orange fireball flying slow at low altitude over Fort Myers, Florida, on New Year's Eve.",2/4/2013,26.6402778,-81.8725
3/26/2007 5:55,orlando,fl,us,light,40.0,30-40 seconds,"Pulsating ""star"" moves slowly, stops for several seconds, then continues moving in a different direction",4/27/2007,28.5380556,-81.3794444
12/1/2007 18:25,corpus christi,tx,us,light,60.0,1 minute,"12/01/07 @1825 hrs. over Corpus Christi and Ingleside Texas, bright light at medium altitude , medium speed then dissapeared high speed",3/4/2008,27.8002778,-97.3961111
12/11/1980 23:45,birmingham (uk/england),,gb,other,300.0,5 minuites,a huge roaring sound of some kind of animal sounding much bigger than a lion ..,9/2/2005,52.466667,-1.916667
7/18/2010 21:00,merritt island,fl,us,fireball,360.0,6 minutes,Five red fireballs.,7/19/2010,28.5388889,-80.6722222
6/1/1964 15:00,sallisaw,ok,us,light,1800.0,30 minutes,"''ON ICE PROJECT'' - UNDERGROUND CITY, 3 ET's - 2 were KIA in CRASH  and 1 ALIVE POW DIED LATER,  MILITARY INSTALLATION,",5/12/2011,35.4602778,-94.7872222
6/15/2013 22:00,westlake,oh,us,unknown,420.0,4-7 minutes,"A few dozen, low-altitude lights flying silently in a loose formation in a south-to-north direction from inland to out over Lake Erie",7/3/2013,41.4552778,-81.9180556
8/3/2013 22:00,grenada,ms,us,light,10.0,8-10 seconds,"I was driving back to Memphis when I seen a light out of the top of my windsheild, that zoomed past  and disappeared. It was pitch blac",8/30/2013,33.7688889,-89.8083333
2/15/2003 15:37,fort lauderdale,fl,us,oval,60.0,1 minute,shiny metallic oval object over the everglades,2/25/2003,26.1219444,-80.1436111
38370,granton,wi,us,unknown,600.0,5-10 min,"Doing a U turn in a second and shooting up toward space ,with spectacular speed!",1/19/2005,44.5888889,-90.4611111
2/16/2003 0:05,brooklyn,ct,us,triangle,900.0,10-15 minutes,"3-5 bright lights, sporatically flashing and forming a triangular shape",3/21/2003,41.7880556,-71.9502778
1/12/2005 3:00,smiths,al,,unknown,180.0,3  minutes,Witness hears strange object pass overhead.,5/11/2005,32.540139,-85.098547
11/7/2002 17:15,nogales,az,us,triangle,300.0,5 minutes,Red glowing triangle shaped object flying away from the sun.,11/9/2002,31.3402778,-110.9336111
7/25/1995 19:00,chula vista,ca,us,circle,300.0,5 minutes,What I saw was huge it flew over my apartment complex it was bigger than the complex itself... it had so much detail that it scared the,8/7/2011,32.64,-117.0833333
3/6/2010 11:00,moses lake,wa,us,other,10.0,10 seconds,Intense blue light in grassy field,5/2/2011,47.1302778,-119.2769444
8/2/1997 22:50,rocklin,ca,us,other,10.0,10 seconds,One object was obviously pursuing another at very high altitude,9/28/2002,38.7908333,-121.2347222
7/18/2012 22:00,oak island,nc,us,fireball,2.0,several seconds reoccurri,Lit up (orange in color) for a few seconds and then seemed to almost jump a distance in an instant. Light would fade and return several,8/5/2012,33.9163889,-78.1613889
8/11/2012 21:00,north ogden,ut,us,unknown,300.0,5 minutes,UFO turned off & on lights & landed in a nearby grove of trees.,8/19/2012,41.3072222,-111.9594444
4/8/1992 21:00,ventura,ca,us,disk,600.0,10 min,"Disc shaped object, multi colored lights around perimeter of the disc, bright spot light shining from bottom of craft, comfirmation",10/31/2003,34.2783333,-119.2922222
7/12/2007 21:00,st. charles,il,us,fireball,600.0,half hour,"I think there were humans aboard this giant ufo craft, The air forces span for hours.  ((NUFORC Note:  Star or planet?  PD))",8/7/2007,41.9141667,-88.3086111
5/25/2013 21:30,virginia beach,va,us,circle,120.0,2 minutes,I was outside talking on the phone when I looked up at saw two strange orange lights in the sky. I saw a black circle fall from the sky,6/2/2013,36.8527778,-75.9783333
12/7/2008 18:00,junction city,or,us,oval,300.0,5 mins,unknow object in sky no color or sound no running lights,1/10/2009,44.2194444,-123.2044444
8/31/2012 21:00,west valley city,ut,,triangle,180.0,3 minutes,Triangular UFO.,10/30/2012,40.691613,-112.00105
8/1/1984 2:30,bahamas,,,cigar,180.0,3 minutes,"Myself and another person witnessed two ""ghost rockets"" while onboard a ship at sea",6/12/2007,25.03428,-77.39628
9/30/2005 21:15,chicago,il,us,light,180.0,3 mins,several peculiar red lights flew about in a formation and appeared to climb,5/15/2006,41.85,-87.65
3/19/2004 21:40,methuen,ma,us,changing,300.0,5 minutes,"I looked over and low to the ground was a shape shifting, almost gas like form. At first I thought it was a balloon bieng launched from",3/23/2004,42.7261111,-71.1913889
11/1/2011 21:05,menomonie,wi,us,light,300.0,5 minutes,"November 1, 2011 approximately 9:05 P.M. Menomonie Wi. My husband stepped outside and called me to come and see what he was looking",12/12/2011,44.8755556,-91.9191667
6/11/2012 22:00,indianpolis,in,,circle,900.0,15 minutes,"My son, a neighbor and I saw a stretched out string of about 15 orange lights flying from south to north over Indianapolis near Camby.",6/14/2012,39.768403,-86.158068
10/19/2006 19:40,hammonton,nj,us,unknown,600.0,10 minutes,Continual blinking rows of lights on opposite sides of sky.,10/30/2006,39.6363889,-74.8027778
6/14/2012 22:30,newport,wa,us,light,5.0,5 seconds,Horizontal white light moving at amazing speed.,7/4/2012,48.1797222,-117.0422222
6/1/2000 4:30,saxton (a small village in yorkshire) (uk/england),,gb,sphere,5.0,5 seconds approximately,"Silver sphere sighted in Yorkshire, UK in the early hours of June 2000.",6/12/2002,53.816667,-1.283333
4/17/2006 17:45,columbus,in,us,formation,120.0,few minutes,5-6 rapidly blinking lights seen travelling in a straight line.,5/15/2006,39.2013889,-85.9213889
1/1/2000 0:03,los angeles,ca,us,unknown,120.0,2 minutes,High speed weird noise over Los Angeles midnight new years 2000.,3/6/2001,34.0522222,-118.2427778
9/13/2012 9:00,logan,ut,us,light,240.0,4 minutes,I think it was a pair of large military jets similar to a c-17 but I am only guessing by the load sound of the jet engine. Judging by t,9/24/2012,41.7355556,-111.8336111
2/15/2004 23:00,cape girardeau,mo,us,triangle,60.0,1min,i was on my carport and looked over by the street light when i noticed a small triangle shape fly under the light  it was glowing green,11/28/2007,37.3058333,-89.5180556
2/21/2014 2:30,daytona beach,fl,us,fireball,240.0,3-4 minutes,Fireball Object is recorded on the Daytona Beach Live Cam.  It went into the ocean.,2/27/2014,29.2105556,-81.0230556
5/13/1995 21:40,framingham,ma,us,,600.0,10 min.,"Woman repts. triangular ship flies overhead, stops, hovers.  Simply ""winked out.""  Object very bright.  First sighting for her.",11/2/1999,42.2791667,-71.4166667
7/4/1997 21:45,millstadt,il,us,light,5.0,5 seconds,"BRIGHT BLUEISH BALL OF LIGHT WITH TAIL, ILLUMINATED A 2000 SQ.FT. AREA FOR ABOUT 5 SECONDS.",9/26/1998,38.4613889,-90.0916667
10/16/2003 17:34,hayward,ca,us,unknown,600.0,at least 10 minutes,A black object that was stationary for at least 10 minutes in the clear sky.  Flat and  circular base with a strangely shaped top.,10/17/2003,37.6688889,-122.0797222
6/23/2013 0:05,santee,ca,us,circle,10.0,10 seconds,Bright green light over Santee Ca.,7/3/2013,32.8383333,-116.9730556
2/4/2004 20:35,shalimar,fl,us,sphere,240.0,4 minutes,red spheres flying in large cilrcles,2/12/2004,30.4455556,-86.5791667
11/25/1999 18:00,angleton,tx,us,light,2.0,a few seconds,"Driving home from fishing, and saw a light in the sky.",11/30/1999,29.1691667,-95.4316667
6/16/2000 2:00,portland (southeast),or,us,unknown,6.0,5-6 seconds,TheFull*MoonBathedTheSKY-WhileThe~*TWO-DOMES (BrightlyLit)`ObjectPlayed~likeA*rollercoaster,6/21/2000,45.5236111,-122.675
12/30/2013 22:00,brigham city,ut,us,other,600.0,10 minutes,5 Orange-Gold light flying around and hovering.,1/10/2014,41.5102778,-112.0147222
12/2/2008 19:30,schererville,in,us,triangle,180.0,3 minutes,"Triagular shapped objest with red lights moving fast, stopped, then disappeared",3/19/2009,41.4788889,-87.4547222
6/25/2005 4:30,milan,mi,us,disk,1800.0,approx 30 min,"Rotating object, looked at first like a star. Rotating lights  of red, white, green.  ((NUFORC Note:  Twinkling star??  PD))",7/5/2005,42.0852778,-83.6825
8/6/2012 21:35,springfield,vt,us,circle,60.0,1 minute,Bright Red Circle In the sky,8/19/2012,43.2983333,-72.4827778
8/24/2008 21:00,coeur d'alene,id,us,light,900.0,15 minutes,"I saw what appeared to be a satellite, but then it stopped moving, then moved in several directions.",10/31/2008,47.6777778,-116.7794444
11/30/2003 19:30,st. louis,mo,us,unknown,600.0,10 minutes,ufo with other strange goings on/ monster?,1/17/2004,38.6272222,-90.1977778
4/19/2002 21:30,hemel hempstead (uk/england),,gb,circle,120.0,1-2 mins,big red object flew by me.,4/25/2002,51.75,-0.466667
8/15/2005 5:12,o'fallon,mo,us,triangle,240.0,4 minutes,It was triangular shaped with two large circular lights centered across the craft.,9/15/2005,38.8105556,-90.6997222
8/18/2010 22:00,spring grove,pa,us,disk,10800.0,3+ hrs,A row of lights that keep fading in and then disappearing only to reappear again.,8/24/2010,39.8744444,-76.8661111
8/18/2002 19:00,richmond,tx,us,oval,480.0,8 minutes,A ufo over houston,8/28/2002,29.5819444,-95.7605556
3/14/1985 19:13,bellefontaine (st. louis county),mo,us,chevron,3600.0,1hr,"Coming home from taking my son to scouts, noticed bright lights in the western sky. The lights were too bright, too close and too low t",2/16/2000,38.6569444,-90.5544444
4/1/2003 2:00,jefferson  (holden),ma,us,changing,300.0,5 min +/-,"Three bright white lights at tree top level, then a half circle reddish orange light, and the three lights moving silently forward",7/16/2003,42.3638889,-71.8813889
8/1/1996 17:00,pueblo,co,us,triangle,180.0,3 min,Black Triangle in sky about 35 mi south of NORAD,5/15/2006,38.2544444,-104.6086111
6/30/1997 12:00,anchorage,ak,us,cylinder,900.0,15 minutes,Walking dog in the day and saw a silent and still chrome cylindrical object in the sky.,3/13/2012,61.2180556,-149.9002778
9/25/2007 21:05,wilmington,nc,us,light,60.0,60 seconds,Multiple orange lights over ocean in eastern sky of North Carolina,10/8/2007,34.2255556,-77.945
7/7/2002 0:15,bend,or,us,triangle,37800.0,1 1/2 hour,Oregon UFO Review Case:  Triangle craft decends to ground level.,7/26/2002,44.0583333,-121.3141667
11/15/2005 23:00,fernwood,id,us,circle,3600.0,1 hour,more than one person[strangers] have come to my unique viewing mountainside,5/15/2006,47.1122222,-116.3916667
9/19/2002 23:45,louisville,oh,us,unknown,45.0,45 sec,unknown aircraft seen trailed at low altitude be helicopter in stark county OH.,9/28/2002,40.8372222,-81.2597222
5/12/2004 12:07,london (uk/england),,gb,egg,120.0,2mins,"Flesh textured and dark, with lights on side.",7/5/2005,51.514125,-0.093689
10/31/1993 20:00,cape coral,fl,us,triangle,120.0,2 minutes,"I never reported this, but since I found this website, thought I would in case anyone else may have reported something around the same",1/12/2012,26.5625,-81.9497222
6/21/2012 23:05,davenport,ia,us,fireball,90.0,90 seconds,Two witness one amber fireball track south over the Quad Cities,7/4/2012,41.5236111,-90.5775
1/14/2008 0:00,stephenville,tx,us,disk,720.0,12 min,((HOAX??))  I saw the ufo it was about midnight on the farm I live on it hovered around the cows.,2/14/2008,32.2205556,-98.2019444
10/1/2013 21:40,sneedville,tn,us,circle,90.0,1-1.5 minutes,Large round bright white light moved away and upward for 1-1.5 min before completely disappearing.,10/3/2013,36.5297222,-83.2175
12/25/1969 21:38,rogersville,al,us,,120.0,90-120 sec,single laser-like red light traced numerous straight-line and angular 'waypoints' in  Christmas night sky,6/20/2011,34.8255556,-87.2947222
6/14/1995 1:35,ann arbor,mi,us,,120.0,2 min.,"Woman & friend witness ""green ball of light"" streak across sky, descend below overcast, & stop.  Hovered, streaked off.  Good rept.",11/2/1999,42.2708333,-83.7263889
9/29/2001 22:00,poughquag,ny,us,unknown,3600.0,1+ hours,"red, green and white (or yellow) flashing lights on a silent, stationary object in the east/northeast sky",10/12/2001,41.6088889,-73.6822222
11/30/2008 17:00,junction city,or,us,oval,180.0,3 mins,((HOAX?  Date is flawed.))  huge object in night sky while fliming two bright stars.,1/10/2009,44.2194444,-123.2044444
9/16/2002 6:00,johnston,ia,us,changing,1800.0,30 min,High flying objects spotted on Interstate-80 in Iowa on Sept 16th 2007,10/8/2007,41.6730556,-93.6975
3/4/2004 17:20,queensbury,ny,us,sphere,300.0,5 minutes,upstate ny ufo,3/17/2004,43.3772222,-73.6136111
6/1/1990 22:00,three rivers (canada) ??,,,,2700.0,45 min,large triangular shape with square shaped  white lights also several saucer shaped objects with one red and green light larger object s,4/1/2001,41.943937,-85.632493
5/13/2005 0:30,vista,ca,us,fireball,8.0,7-8 seconds,"Red/Gold streaking light w/ sparking trail flies North to South in straight line over Vista, Ca. (Shadowridge)",5/24/2005,33.2,-117.2416667
11/10/2006 21:45,buena park,ca,us,changing,60.0,1 minute,"Metallic, triangular object spotted above Knott's Berry Farm 11/10/06 at 9:45pm.",12/7/2006,33.8675,-117.9972222
9/29/2012 20:00,dedham,ma,us,circle,600.0,10 minutes,"Many orange lightsƼ formed a square, top 2 separated horizontally while bottom2 moved closer together",10/30/2012,42.2416667,-71.1666667
9/13/1998 18:00,gainesville,ga,us,other,15.0,10-15 sec.,ME AND THREE OF MY FRIENDS WHERE COMING BACK FROM HELEN GA.WHEN I SAW ABOUT TEN OR SO LIGHTS ZIGZAGGING EVERYWHER WHEN I DID A DOUBLE T,7/5/1999,34.2977778,-83.8241667
10/27/2007 1:00,league city,tx,us,oval,420.0,around 7 miniutes,((HOAX??))  Riding down the road and weird object flying around road and then creature jumps out on  road.,11/28/2007,29.5072222,-95.0947222
6/30/2001 21:25,chandler,az,us,disk,1.5,1.5 seconds,"Green, glowing saucer shaped object that paused , then speeded to the west.",8/5/2001,33.3061111,-111.8405556
39576,calhoun,ga,us,disk,240.0,3-4 min.,"The craft was amazing with the speed it had, and I sat in shock.",6/12/2008,34.5025,-84.9511111
5/20/2009 3:00,sharon,pa,us,circle,10.0,10 seconds,round light moved at regular speed moving out of Earth's atmosphere,6/9/2009,41.2330556,-80.4936111
6/20/2009 0:00,penn valley,ca,us,flash,600.0,10 minutes,Bizarre flashing lights,8/5/2009,39.1961111,-121.19
9/3/2011 1:00,gorge,wa,,fireball,5.0,5 seconds,Two orbs seen flying from West to East directly over the gorge ampitheatre sept. 2 around 1am,10/10/2011,48.823176,-121.89848
10/14/2011 0:00,ringgold,ga,us,unknown,1200.0,20 min,Fast moving white light with a smaller red light in the rear very high in the sky.,10/19/2011,34.9158333,-85.1091667
4/15/1999 4:30,wendover (76 miles north.& 50 miles south s.l.c.),ut,us,oval,45.0,3/4 sec,"crested ridge,bright white flash,around a curve,observed object moveing north to south at aprox. 25ꯠ agl leval travelƺ secs.appeare",8/5/2001,40.7372222,-114.0366667
1/21/2014 6:50,montana city,mt,us,changing,180.0,3 minutes,"A bright, white, scintillating, pencil-shaped light over the Elkhorn Mountains observed for 3 minutes.",1/30/2014,46.5377778,-111.9319444
1/8/2002 18:40,pontotoc,ms,us,other,30.0,30seconds,i saw a wedge shaped craft at about 6:40 pm it was heading in an east to south direction i would say that it was at about 2000 feet it,1/11/2002,34.2477778,-88.9986111
4/15/1975 0:00,florida (central),fl,,sphere,300.0,<5 mins,"Huge globe which changed colors, and moved incredibly quickly, but silently.",10/27/2004,27.664827,-81.515754
8/30/2013 22:45,vallejo,ca,us,flash,10.0,10 seconds,Bright burning white light suddenly appearing then fading into a small shooting star.  ((NUFORC Note:  Iridium satellite?  PD)),9/9/2013,38.1041667,-122.2555556
6/1/1979 20:00,hamilton (uk/scotland),,gb,light,15.0,15 seconds,Fast moving small bright light,2/14/2008,55.766667,-4.033333
4/16/2012 22:04,melbourne,fl,us,circle,120.0,2 minutes,Green zig zagging light,5/13/2012,28.0833333,-80.6083333
8/18/1995 15:00,salt lake city,ut,us,,1500.0,25 min.,"Father & son witness peculiar, silver-colored obj. moving N to S in daytime sky.  Moved very slowly.",11/2/1999,40.7608333,-111.8902778
1/2/2003 4:00,orange county,ca,us,light,900.0,15 min +,"bright white light in sky, stationary for 10 min. moved straight up and to the right and sat there for 15 min. too big to be a plane, s",3/11/2003,33.7877778,-117.8522222
2/4/2010 15:00,"nicolosi, sicily (italy; mt. etna)",tn,,,5.0,5 seconds,Posess surprise daytime image of huge triangle,4/13/2010,37.617495,15.024093
7/22/2003 21:15,"washington, d.c.",dc,,chevron,120.0,2 minutes,"Chevron-shaped craft gliding over Washington, D.C.",7/23/2003,38.907231,-77.036464
7/4/2007 9:00,eugene,or,us,disk,300.0,5 minutes,This report confirms another sighting posted in Eugene Oregon on this date.  I saw the entire event.  I was walking across 6th street t,3/19/2009,44.0522222,-123.0855556
10/9/2011 23:00,staten island,ny,,other,1200.0,at least a half hour,"After a closer look and seeing the moon was in the opposite sky as where this was, and planes flying what looked to be way under it, i",10/10/2011,40.579532,-74.150201
6/18/2008 18:20,norwalk,ca,us,oval,1200.0,20 minutes,3 different objects in th sky Norwalk.CA,7/5/2008,33.9022222,-118.0808333
4/19/2011 22:30,wilmington,nc,us,triangle,30.0,30 seconds,Triangular gold foil rolling across the sky,5/2/2011,34.2255556,-77.945
5/25/1998 12:05,madison,wi,us,cylinder,300.0,5 minutes,2 events separated by about 3-5 minutes,11/21/1998,43.0730556,-89.4011111
8/25/2013 1:00,tecumseh (canada),on,ca,changing,15.0,15 seconds,Orange fireball shape changer.,8/30/2013,42.316667,-82.9
2/14/2014 22:00,salt lake city,ut,us,fireball,420.0,7 minutes,Object seemingly on fire hovering over salt lake airport.,2/21/2014,40.7608333,-111.8902778
8/19/2005 23:00,"seaton (devon, uk/england)",,,diamond,600.0,10 minutes,seaton devon over the sea,10/11/2005,50.705313,-3.071873
4/6/2013 8:45,houston,tx,us,circle,300.0,5 minutes,Red light and circular shape.,4/12/2013,29.7630556,-95.3630556
5/21/2008 23:00,south bend,in,us,triangle,60.0,1 minute,"I was driving home from work headed North on US 933 when to the east of me I thought I saw an airplane, but then realized it wasn't beh",6/12/2008,41.6833333,-86.25
5/19/2012 21:50,kendallville,in,us,unknown,180.0,3 minutes,"Single file line of  8 objects fly below 5000 ft. at subsonic speed, displaying a front red-orange light, turn, disappear.",5/29/2012,41.4413889,-85.265
6/3/2004 22:00,milford,ma,us,circle,120.0,2 minutes,"a big white light, circle shot to the ground then stopped made a circle and shot horitonally upwards",6/4/2004,42.1397222,-71.5166667
1/17/2009 4:30,moraga,ca,us,light,60.0,1 minute,Bright red light seen only 100 yards at 0 angle  eye level from my house  500 Lights On Object0: Yes,3/19/2009,37.835,-122.1286111
7/3/1997 22:00,fennville,mi,us,sphere,300.0,5 minutes,white sphere witnessed over treeline from the shore of Lake Michigan,6/12/2007,42.5938889,-86.1016667
7/15/2007 23:30,cleveland,oh,us,changing,7200.0,2 hours,Several changing shapes and colored objects traveling at fast speeds or just sitting there until they disapeared in the blink of an eye,8/7/2007,41.4994444,-81.6955556
1/4/2003 21:41,bayport,ny,us,cone,258.0,4.3 min.,"Two glowing objects chasing, swirling, dancing in the nite sky.",3/21/2003,40.7383333,-73.0511111
6/1/1998 21:00,sulphur,la,us,sphere,3.0,2-3 seconds,Orb / Sphere seen over football Stadium,1/10/2009,30.2363889,-93.3772222
9/16/2004 21:00,boss,mo,us,light,45.0,45 seconds,four orange lights,9/29/2004,37.6430556,-91.1891667
9/26/2003 3:07,pleasant lake,mi,us,oval,8.0,0:08,I saw a U.F.O. while flying a kite at 8 yrs. old,10/30/2006,42.38,-84.3491667
7/17/2002 4:45,cleveland,tx,us,flash,360.0,6 min,My daughter and I were traveling on Hwy 105W between Moss Hill and Cleveland TX about 4:30 am.  There was not much traffic on the road,7/30/2002,30.3411111,-95.0852778
9/16/2001 19:00,chicago,il,us,light,60.0,about 1 min.,"Bright, very big, white light over Chicago",10/12/2001,41.85,-87.65
10/13/2003 17:00,kansas ??  (in-flight sighting),ks,,unknown,1200.0,15 - 20 minutes,Huge Unknown Phenomenon (Distant Stobe Effects) Seen From Airplane Window on Cross-Country Flight,3/23/2004,39.011902,-98.484246
3/6/2004 17:45,beaumont,tx,us,disk,300.0,05 minutes,waiting for crane at chemical plant late  afternoon object left no vapor trail every other  air craft in area left one,3/9/2004,30.0858333,-94.1016667
9/23/1998 21:00,winston,or,us,light,2.0,2 seconds,"Bright, green fireball",9/26/1998,43.1225,-123.4113889
1/21/2014 21:45,vacaville,ca,us,light,120.0,2 minutes,I saw 5 red lights hoovering/moving slowly in the sky that I'm convinced were not normal air crafts.,1/24/2014,38.3566667,-121.9866667
3/20/2014 0:05,miami/globe,az,,light,1200.0,20 minutes,Large Unknown Stationary Object With Flickering Lights Spotted Outside Of Globe Arizona,3/21/2014,33.405637,-110.841381
4/23/2000 23:00,eugene,or,us,disk,600.0,10 min.,It followed me for about 10 minutes.,2/8/2005,44.0522222,-123.0855556
6/7/2001 4:00,olympia,wa,us,light,2700.0,45 minutes,Electric Ball Rises Slowly Above Olympia,8/5/2001,47.0380556,-122.8994444
7/20/1982 19:00,athol,ma,us,triangle,600.0,10 minutes,"What i seen was a large dark colored v shaped craft,with 5 sets of lights on it's under side.",11/28/2007,42.5958333,-72.2272222
2/22/2013 21:45,vallejo,ca,us,light,1500.0,25 minutes,"Strange Lights traveling over Vallejo, CA.",2/28/2013,38.1041667,-122.2555556
4/12/2006 23:45,east preston (uk/england),,gb,light,120.0,2 minutes,ERRATIC LIGHT SEEN OVER GATWICK AIRPORT 4/12/2006,12/7/2006,50.783333,-0.466667
12/31/2002 13:30,buena park,ca,us,disk,60.0,60 seconds,I observed a silvery/opulesant colored disk hovering in an upwards position -  leveled out and moved quickly south-east,3/11/2003,33.8675,-117.9972222
9/26/2004 22:15,philadelphia,pa,us,formation,300.0,5 minutes,"sighting in philly south of the city moving west of 3 lights that seemed to be independant, and flying in formation",9/29/2004,39.9522222,-75.1641667
7/29/2012 22:21,sinking spring,pa,us,circle,300.0,5 minutes,3 reddish orange slow moving lights in the sky,8/5/2012,40.3272222,-76.0113889
12/6/2004 6:34,harbor beach,mi,us,unknown,7200.0,2 hours,"it was large and blinking kind of haveing a fierce glow around it , there was things dropping off of it.",12/14/2004,43.8447222,-82.6513889
2/14/2009 16:44,hallandale,fl,,light,120.0,2 minutes,Lights in the sky with 3 photos taken.,3/19/2009,25.981202,-80.148379
6/16/2012 4:20,lake charles,la,us,circle,4.0,2 to 4 seconds,"Object shrunk in size, and flew away at an amazing speed.",6/20/2012,30.2263889,-93.2172222
9/29/2013 19:00,maseru (lesotho; south africa),,,circle,1800.0,30 minutes,"White disk seen in the sky over Lesotho and South Africa, that moved and beacame smaller and was seen by many people.",9/30/2013,-29.31,27.48
3/19/2011 21:30,elkhart,in,us,sphere,1200.0,20 minutes,Seven sphereshaped objects on fire Elkhart Indiana 3/19/2011,5/13/2012,41.6819444,-85.9766667
11/4/1977 17:00,brockport,ny,us,disk,480.0,8 minutes,"Saucer craft moves slowly, hovers, tips up on angle, passes over town, lands in open field.",2/16/2000,43.2136111,-77.9394444
12/19/2013 18:50,rio rico,az,us,light,5.0,5 seconds,Lights in the sky.,12/23/2013,31.4713889,-110.9758333
5/20/2006 2:35,plainfield,il,us,light,3.0,3 seconds,"Single light moves through sky at alarming rate In Plaifield, Illinois",7/16/2006,41.6269444,-88.2038889
11/7/2005 18:40,navarre,fl,us,formation,600.0,10 mins,"Formation of five bright amber lights held a hover in ""W"" formation over NW FL Mon 7 Nov 1840L",12/16/2005,30.4013889,-86.8636111
2/15/1954 19:30,burney,ca,us,disk,1800.0,15-30 minute,Observance of one large and two smaller UFOs in a comparitive prolonged period of time.,4/18/2014,40.8825,-121.6597222
36531,spokane,wa,us,,60.0,1min.,"i saw three beings about 4ft tall looking into a cars window. they spotted my dog an i walking toward them.they lined up, one behind th",2/14/2010,47.6588889,-117.425
2/2/2002 2:02,mineville,ny,us,triangle,120.0,30 seconds to 2 minutes,"Two silent, rounded triangle shapes with a slight aura appeared in uppstate New York on a very strange date...",2/22/2002,44.0927778,-73.5186111
5/31/2008 0:20,smyrna,de,us,triangle,5.0,5 seconds,Large triangular craft with three bright lights.,6/12/2008,39.2997222,-75.605
7/12/2011 23:10,fairfield,oh,us,disk,120.0,2 min,Saucer with Winged-Shaped Lights,7/17/2011,39.3458333,-84.5605556
1/1/2009 0:05,southampton (uk/england),,gb,oval,900.0,15 minutes,"1.1.09. 00.05hrs and 15.6.09. 22.30hrs  Southampton, England. Oval shaped orange glows / craft travelling in sky in slow straight lines",8/5/2009,50.9,-1.4
11/1/2002 10:03,berkeley,mo,us,other,10.0,less than 10sec,there,11/16/2002,38.7544444,-90.3311111
5/10/2010 22:55,havre,mt,us,light,300.0,5 minutes,Saw Three Bright Lights,5/12/2010,48.55,-109.6833333
3/14/2008 19:00,denver,co,us,other,120.0,2 minutes,I saw two silver dots in the western sky as the sun was setting both were locked into a single position in the sky and then they were g,3/31/2008,39.7391667,-104.9841667
9/13/2002 22:00,dubai (uae),,,changing,16.0,16 seconds,"a flash movin slow at first,changes into a spherical shape,circles,races west,leavin behind a hazy greenish smoke trail",9/19/2002,25.047664,55.181741
7/4/2013 22:00,racine,wi,us,sphere,180.0,3 minutes,immediately after fireworks a orangish red shere floated by us moving at a slow rate of speed approximately 100 feet altitude moving pa,7/5/2013,42.7261111,-87.7827778
5/5/2013 23:20,portland,or,us,teardrop,3600.0,1+ hr,"Firey light, orb flashing red, retro rocket flying backwards.",5/15/2013,45.5236111,-122.675
9/17/2003 22:00,bristol,nh,us,rectangle,420.0,7 min,Building shaped object  w/lights moving west in mountains,9/24/2003,43.5911111,-71.7372222
6/17/1999 22:00,boulder,co,us,light,5.0,5 seconds,"June 17, 1999 Bright capsul shaped object which I thought was a star brightened and took off, then disappeared.",7/5/1999,40.015,-105.27
10/11/2004 1:00,honolulu,hi,us,triangle,3.0,2-3 seconds,3 trangular UFOs were spotted in a triangle formation for 3 seconds.,10/27/2004,21.3069444,-157.8583333
11/17/1995 23:30,seattle,wa,us,,2280.0,38 min.,"2nd Seattle Univ. student calls to report remarkable ""pink and "" blue flashing lights in, or above the clouds.",11/2/1999,47.6063889,-122.3308333
8/21/2008 15:26,santa caterina di pittinuri (italy),,,oval,60.0,1 min ?,"Very fast object captured by camera while taking panoramic images.  ((NUFORC Note:  No photo sent, we believe.  PD))",10/31/2008,40.10738,8.491163
2/18/2014 8:15,toney,al,us,disk,1500.0,25 minutes,((HOAX??))  I was a ufo house size ship that was on the tree line in my neighborhood when it was flashing this beam of light.,2/21/2014,34.8980556,-86.7336111
8/7/2002 22:10,tukwila,wa,us,light,4.0,3-4 seconds,"Sea-Tac  Washington,  solid red and orange object streaks across sky",8/16/2002,47.4741667,-122.2597222
12/4/2001 19:00,santa ana/garden grove,ca,,oval,60.0,less than a minute,Lighted Blimp south of Disney Land,12/5/2001,33.777372,-117.857842
3/31/2004 19:00,sand springs,ok,us,circle,5.0,5 seconds,"Mushroom shaped light flashed and  lit up white disc, then the light sucked back up into the sky.",4/27/2004,36.1397222,-96.1086111
8/28/2004 18:30,piscataquis county,me,,circle,30.0,10-30 seconds,"Well, I was watching TV, when I looked out my window (which is somewhat of a bay window) and saw a lowflying circular metallic object m",9/1/2004,45.704986,-69.337507
2/12/2009 8:15,irvine,ca,us,diamond,300.0,5 minutes,"3 diamond shaped light configurations in the northwest corner of the sky towards Newport Beach, CA",3/19/2009,33.6694444,-117.8222222
12/31/2010 21:00,alpine,ut,us,flash,600.0,10 minutes,"While walking up Alpine Cemetery to go sledding, a group of us saw a flashing light in the sky, the light started to dim and then quic",1/5/2011,40.4533333,-111.7772222
1/16/2014 23:00,miami,fl,us,other,30.0,0.3,"Red round light, southeast of Kendall, saw it for 30 seconds it just vanish in front of My eyes, at 11:07 pm, for sure not an airplane,",1/24/2014,25.7738889,-80.1938889
2/4/1999 22:13,st. louis,mo,us,unknown,20.0,10-20 seconds,Saw brief glow of light in northern sky. Light change color from soft blue to deep red. Saw it in at most three places,5/24/1999,38.6272222,-90.1977778
12/11/2005 18:00,san francisco,ca,us,fireball,40.0,40.00 sec,"flew like no other, a fireball in the sky u can say..",3/11/2006,37.775,-122.4183333
7/11/2002 21:30,easton,mi,us,circle,180.0,2.5-3.0 min,On 7/11/02 at 21.30 hours a white flashing light with a ring of red lights was seen over Easton Ma.,7/26/2002,43.1138889,-84.0883333
6/12/2010 0:00,rochester,ny,us,triangle,1200.0,20 mins,red white and blue lights forming a triangle,6/23/2010,43.1547222,-77.6158333
3/31/1997 21:00,juneau,ak,us,light,7200.0,approx  2hrs,"A friend and I saw a strange low altitudebright object flashing orange and greenrotating colors on Easter night in Juneau,Alaska. When",3/7/1998,58.3019444,-134.4197222
8/18/2004 23:00,cairo,ny,us,circle,300.0,5 min,UNIDENTIFIED FLYING OBJECT,8/24/2004,42.2988889,-73.9988889
3/15/2003 16:17,ellesmere port (uk/england),,gb,sphere,60.0,1 minute,Observed a bright round object which appeared to be the size of a football. The object was much lower than the passenger aeroplane whic,3/21/2003,53.283333,-2.9
8/4/2008 21:45,westchester county,ny,us,light,180.0,2 or 3 min,Reddish white light moving SSE across sky.  ((NUFORC Note:  Anonymous source does not indicate location of sighting.  PD)),8/12/2008,40.8472222,-73.8552778
8/12/2011 20:30,westport,ma,,fireball,300.0,5 minutes,orange ball of fire,8/21/2011,41.638889,-71.05
5/14/2010 21:35,cedar city,ut,us,light,120.0,2min,stead single white dot heading southeast then rose straight up and vanished,6/3/2010,37.6775,-113.0611111
4/26/2010 19:45,laguna hills,ca,us,fireball,180.0,3 minutes,Pulsating orb appears over houses and draws police attention.,5/12/2010,33.6125,-117.7119444
9/28/2001 2:30,davison,mi,us,cigar,300.0,5 min,Davison Michigan's Cigars shaped space craft,10/12/2001,43.0347222,-83.5180556
1/28/2005 7:45,victoria (canada),bc,ca,light,60.0,1 minute,bright light disappears with no trace,2/8/2005,46.216667,-63.483333
8/5/1999 23:20,tomah,wi,us,other,20.0,20seconds,"The object was a distorted mass of some sort that moved in a northwest direction across the sky,not real fast but not slow either.",8/10/1999,43.9786111,-90.5038889
11/28/2006 20:00,sylvania,ga,us,oval,2700.0,45 min.,"Symetrical horizontal lights fading in and out to the left and right in sequence, then up down and all around!",12/7/2006,32.7502778,-81.6369444
4/11/2003 19:16,corona,ca,us,cylinder,120.0,2 minutes,"Caught on video, another object in the sky",5/9/2003,33.8752778,-117.5655556
8/3/2010 14:00,boston,ma,us,changing,600.0,10 minutes,Changes shape and flashing lights- one dark window- blue beam came down- picked up something  5,8/24/2010,42.3583333,-71.0602778
11/30/2003 0:00,siren,wi,us,oval,3600.0,1 hour,"object was spoted two nights in a rowe south-east of siren wis.change shape,move from side to side and up and down fast.",12/9/2003,45.7858333,-92.3808333
9/12/2009 22:53,encino,ca,us,triangle,120.0,2 minutes each,Blue and red triangular craft spotted; red disc spotted soon after,12/12/2009,34.1591667,-118.5002778
12/6/2005 19:30,mount vernon,wa,us,unknown,120.0,2 minutes,Dark object with three lights on the bottom arranged in a triangle,12/16/2005,48.4213889,-122.3327778
10/7/1982 23:00,new haven,ct,us,triangle,600.0,10 minutes,"I, and another individual, observed a triangular-shaped, multi-colored, silent object slowly traverse the night sky of New Haven, Conn.",5/11/2005,41.3080556,-72.9286111
6/24/2011 21:00,welland (canada),on,ca,sphere,3.0,3 sec,round dim light size of a o on a keyboard floating fast accross the sky,6/27/2011,42.983333,-79.25
10/7/2013 20:00,oklahoma,ok,,circle,10526400.0,4 months,Bright flying orb.,10/14/2013,35.46756,-97.516428
2/10/2003 10:00,madras,or,us,sphere,180.0,3 min.,"Spherical metallic object seen about 7 miles NE of Madras, OR",2/12/2004,44.6336111,-121.1283333
11/19/2003 20:30,farisita,co,us,light,3600.0,1 hour,"Like stars, but moving in different directions, then disappear.",1/17/2004,37.7447222,-105.0708333
1/10/2010 20:00,butler,mo,us,chevron,120.0,1-2 minutes,((HOAX??))  I was heading driving to the store when I seen a red and yellow lighted craft in the air flying 1000 ft or less strobing.,2/14/2010,38.2538,-94.3356
11/6/2008 19:15,burleson,tx,us,unknown,1200.0,about 20 min,strange lights in sky.  ((NUFORC Note:  Stars or planets??  PD)),1/10/2009,32.5419444,-97.3205556
9/12/2000 23:30,windsor (canada),on,ca,cigar,120.0,2 minutes,"September 12, 2000 - 11:30 pm - Windsor, Ontario, Canada - glowing cigar-shaped craft spotted over Casino Windsor/Detroit River",12/2/2000,45.583333,-72.0
7/17/2013 1:30,south gate,ca,us,circle,60.0,1 minutes,"Yellow orange hue sphere seen over Los Angeles city ,pass midnight.",7/22/2013,33.9547222,-118.2111111
6/23/2005 0:49,leicester,nc,us,fireball,2.0,1to 2 seconds,"it was a fast moving fireball  with no tail or trail ,moving from west to east near asheville nc",7/5/2005,35.655,-82.6963889
8/15/1975 22:00,fildale,va,,triangle,3600.0,1 hour,"Multiple ,Three color, Triangular objects at high altitude and high speed I have seen twice 30 yrs apart.",10/30/2006,36.700137,-79.938652
9/17/2003 20:30,atlanta,ga,us,egg,6.0,3-6 seconds,"Floating, silent panel of lights",9/24/2003,33.7488889,-84.3880556
12/12/2013 18:25,henderson,co,us,sphere,240.0,4 minutes,Bright lights in triangle formation stationary in the sky,12/23/2013,39.9205556,-104.8652778
9/25/1998 23:00,eskasoni (canada),ns,,light,5.0,5 seconds,Blue Light rockets up into space,2/14/2006,45.948514,-60.601152
7/2/2001 20:10,victoria (canada),bc,ca,sphere,5.0,5 sec.,"white,hazy,circular,looked too large and fast to be a satelite,appeared indistinct even through binocculars",8/5/2001,46.216667,-63.483333
9/24/2013 7:07,columbus,oh,us,other,300.0,5 minutes,"Object sighted - Columbus, OH 09/24/2013 7:07? – 7:12 am.Location: Columbus, OH. North end east of  I71 and west? of Westerville ro",9/30/2013,39.9611111,-82.9988889
12/23/2005 19:00,morehead,ky,us,circle,600.0,10 minutes,"Strange light seen west of Morehead, Kentucky on December 23, 2005.",2/14/2006,38.1838889,-83.4327778
5/30/2008 23:30,bemidji,mn,us,other,180.0,2-3 minutes,Bright white light viewed in Hubbard county going faster then satellite's,6/12/2008,47.4736111,-94.88
7/17/2003 2:00,sandpoint,id,us,other,18000.0,5 hours,Object on orbital path around the moon.,7/23/2003,48.2766667,-116.5522222
8/10/2001 5:00,plattsburgh,ny,us,unknown,90.0,90 seconds,Mysterous object sighted in sky.,8/12/2001,44.6994444,-73.4533333
7/11/2011 21:10,boyne city (rural),mi,us,fireball,240.0,3-4 minutes,GIANT floating 'candle light' moved across sky above Boyne City Michigan around 9pm at night.,8/7/2011,45.2166667,-85.0138889
5/8/2013 21:47,onaway,mi,us,triangle,60.0,~1 minute,Saw two jets in pursuit of craft or crafts.,1/30/2014,45.3575,-84.2238889
7/21/2008 21:21,gridley,ca,us,formation,240.0,3-4 min,Silent Lights,8/12/2008,39.3638889,-121.6925
3/3/2005 21:30,holland,mi,us,sphere,60.0,1 minute,Planet-like spherical light in area where no planets should have been,4/16/2005,42.7875,-86.1088889
10/2/2010 21:00,severn/glen burnie (bwi area),md,,triangle,60.0,1 minute,Triangular shaped craft seen hovering near a highway. Large and did not move.,11/21/2010,39.123684,-76.43317
2/5/2001 11:00,fort lauderdale,fl,us,triangle,20.0,20 sec.,Small triangular objects seen near i-595 in fort lauderdale floating.,2/18/2001,26.1219444,-80.1436111
6/17/2002 23:57,paradise,ca,us,formation,240.0,4 minutes,There were three steady star blue lights in a triangular formation traveling from north to south before midnight,7/1/2002,39.7597222,-121.6208333
3/15/2001 3:30,oslo (norway),,,light,420.0,7min.,"First i thouhgt this was a sattelite,because it was moving and looking just like one until it zic-zaced four five times, and broke its",10/12/2001,59.913869,10.752245
7/4/2007 23:34,fort knox,ky,,triangle,30.0,30 seconds to about one m,Black Triangle sighted over my house in Fort Knox during Fourth of July!!!,8/7/2007,37.916104,-85.956247
3/23/2009 21:00,fairfield,ct,us,unknown,2700.0,45 min.,After seeing aircraft fly over head it or another hovered in sky for 20 minutes with multicolored lights.  ((NUFORC Note:  Star??  PD)),4/14/2009,41.1411111,-73.2641667
1/30/2013 20:50,kissimmee,fl,us,triangle,300.0,3-5 minutes,We saw a Orange triangle shaped flying towards us then flew  off.  ((NUFORC Note:  Cape Canaveral missile launch.  PD)),2/4/2013,28.2916667,-81.4077778
10/13/2010 20:40,grandview,mo,us,chevron,60.0,1 minute,"V-Shaped aircraft moving slow and low. 5 glowing lights underneath. No cockpit, or fusilage",5/12/2011,38.8858333,-94.5327778
8/1/2009 4:00,chicago,il,us,unknown,2.0,2 sec,UFO seen in Chicago.,8/5/2009,41.85,-87.65
1/8/1976 20:00,nashville,tn,us,triangle,2.0,seconds,"1976  bronze triangle seen in nashville, tn",4/27/2004,36.1658333,-86.7844444
8/15/2009 22:20,poole (uk/england),,gb,unknown,120.0,2 min,two amber/orange lights Poole Quay UK,8/27/2009,50.716667,-2.0
4/17/1999 22:30,"parkersburg (just outside of, on route 50 east)",wv,us,triangle,180.0,3 min.,"It was hovering in one spot about 100 ft off the ground, it was triangled with the brightest white lights I have ever saw, when the spa",5/24/1999,39.2666667,-81.5616667
12/15/2012 3:13,darwen (uk/england),,gb,light,1.0,split second,"A trail of light that spiralled extremely quickly ruling out comet, meteor etc.",12/20/2012,53.7,-2.466667
2/11/2011 13:25,round rock,tx,us,sphere,300.0,5 minutes,White Circular UFO,2/18/2011,30.5080556,-97.6786111
9/23/2012 22:00,riverbank,ca,us,triangle,4.0,4 seconds,"Elongated Triangle traveling at a high speed, Southbound over Riverbank CA.",9/24/2012,37.7361111,-120.9344444
6/3/2004 7:50,whitby (canada),on,ca,disk,10.0,10 seconds,"Saw the craft flying horizontally, it then climbed and disapeared.",6/4/2004,43.866667,-78.933333
12/17/2011 19:50,fluvanna county (off rt 15),va,,oval,3.0,2 to 3 sec,"Driving from Richmond to Lake Monticello, 1/4 mile from intersection of rt 15 and rt 616 on riight, I onserved the following:  bright m",1/12/2012,37.853286,-78.247615
7/21/1987 11:00,gypsum,co,us,oval,300.0,5 minutes,UFO near Gypsum and Eagle Colorado around 1987 - strange oval object hovers and speeds away,1/10/2014,39.6469444,-106.9511111
12/1/2008 19:00,brawley,ca,us,changing,600.0,10 min,3 small ships moved into clockwise and then counter clockwise,1/10/2009,32.9786111,-115.5294444
7/14/1999 1:35,springfield,ma,us,light,180.0,2-3 min.,2 bright white strobes. 1 behind other. medium/low alt. slow/medium speed. 10 deg. down from zenith. curved course NW to NE. totally si,7/14/1999,42.1013889,-72.5902778
2/24/1999 5:20,chicago,il,us,fireball,3.0,2-3 seconds,"Looking to the NNE at 5:20 A.M. I perchanced to see a fluorescent green fire fireball, about the size of a dime at arm's length.  Trail",4/2/1999,41.85,-87.65
8/20/1976 20:00,kissimmee,fl,us,disk,900.0,15 mins,"Vi junto con mis abuelos y mi hermana, un UFO muy grande, claro y nítido, como a 100 metros de nosotros y a una altura de 30 metros apr",4/14/2009,28.2916667,-81.4077778
6/4/1967 20:30,decatur,al,us,light,180.0,2-3 minutes,"Strange light shivered across sky, stopped overhead, tried to land, stopped, and then took off out of sight in 2 seconds.",4/18/2012,34.6058333,-86.9833333
7/11/2007 2:30,seattle,wa,us,light,1.0,<1 second,Bright lights blinked once and went off above the houses,8/7/2007,47.6063889,-122.3308333
12/10/2012 20:00,loris,sc,us,light,60.0,1 minute,3 bright lights - triangular formation.,12/20/2012,34.0561111,-78.8905556
7/6/2013 22:45,hiram,ga,us,sphere,120.0,2 minutes,"On a very cloudy night, one orb of red light was seen stationary stationary for a for a minute, then moved off slowly in a NW direction",7/14/2013,33.8755556,-84.7622222
8/19/2011 22:02,yuba city,ca,us,unknown,120.0,2 minutes,"4 amber lights in formation moved slowly over me silently , seemed like either 2 objects or 1 big one.",10/10/2011,39.1405556,-121.6158333
10/31/2008 8:30,franklin,tn,us,triangle,120.0,minutes,"Black triangular, round or rectangular object in broad daylight or sunset.",1/10/2009,35.925,-86.8688889
4/15/2006 1:30,san antonio,tx,us,oval,5520.0,1 hr 32 min.,Invisable by the human eye but caught on infared film.,8/12/2008,29.4238889,-98.4933333
1/15/2002 21:00,jackson,nj,us,fireball,5.0,3-5 seconds,Bright white/green light flying silently across horizon,4/8/2002,39.7763889,-74.8627778
8/22/2011 14:00,highland springs,va,us,formation,240.0,4 minutes,I have never seen anything like this after years of watching planes fly near the Airport.,10/10/2011,37.5458333,-77.3280556
3/15/2009 1:30,bellevue,wa,us,other,45.0,45 seconds,Two slow-moving very low altitude bright white lights about 20 feet apart undergoing rigid motion make a close approach.,12/12/2009,47.6105556,-122.1994444
8/11/2012 22:00,macomb,mi,us,light,600.0,10 minutes,"6 orange lights in formation 2 traveling bright orange lights Macomb, MI",9/24/2012,42.7008333,-82.9591667
10/19/2012 19:28,lockport,il,us,oval,60.0,1 minute,Five UFO's went past the three of us,10/30/2012,41.5894444,-88.0577778
11/20/2007 12:00,death valley,ca,,oval,120.0,2 minutes,An oval/disc hovered over Death Valley,11/28/2007,36.505389,-117.079408
5/18/2010 22:00,helena,mt,us,disk,120.0,two mins.,disk shaped object/ military choppers all around the object,6/3/2010,46.5927778,-112.0352778
4/1/1954 22:00,stanford campus,ca,,disk,600.0,10 minutes,Civil Defense plane spotter  reports UFO sighting at Stanford University,7/1/2002,37.427475,-122.169719
12/9/2013 18:00,mount vernon,oh,us,rectangle,600.0,5-10 minutes,Orange light pattern in the sky.,1/10/2014,40.3933333,-82.4858333
3/7/2003 20:15,colchester (uk/england),,gb,unknown,3.0,3 seconds,illuminated object very high in the atmosphere moving extremely quickly like a shooting star but in a lazy S shaped path.,3/21/2003,51.883333,0.9
5/7/2006 21:00,new washington,in,us,unknown,37800.0,1 1/2 hours,"low blinking stars, across the sky from one another. No movement, no sound,very distinct color. ((NUFORC Note:  Possible stars.  PD))",5/15/2006,38.5630556,-85.5397222
3/25/2001 22:00,dutzow,mo,us,other,3600.0,at least 1 hour,Unusual movement pattern of bright light with  an aura at times.,4/1/2001,38.6055556,-90.9944444
6/1/1910 15:00,wills point,tx,us,cigar,120.0,2 minutes,Cigar shaped object moving from West to East,4/16/2005,32.7091667,-96.0080556
5/18/2009 19:00,phoenix,az,us,sphere,21600.0,6 hours,Bubble like sphere seen in Phoenix sky.  ((NUFORC Note:  Confirmed high-altitude research balloon.  PD)),6/9/2009,33.4483333,-112.0733333
5/17/2013 21:51,colorado springs,co,us,fireball,20.0,20 seconds,orb/fireball ufo seen white/yellow sparkling light silent,6/2/2013,38.8338889,-104.8208333
11/30/2012 23:45,harker heights,tx,us,light,600.0,10 minutes,Very odd blue light in the sky caught my eye.,12/20/2012,31.0833333,-97.6594444
8/12/2013 18:30,greensboro,nc,us,cylinder,1200.0,20 minutes,There was a cylinder shape object that was stationary had to be atleast 20ꯠ ft and stayed there for about 20min.Then it vanished.,8/30/2013,36.0725,-79.7922222
9/21/2011 20:15,canby,or,us,fireball,15.0,brief,large green fireball plummenting out of the sky,10/10/2011,45.2630556,-122.6913889
7/27/2011 0:20,payne springs,tx,us,flash,3.0,0.03,Fast flash not typical of meteor,8/7/2011,32.2780556,-96.0666667
9/14/2010 0:35,picayune,ms,us,light,3.0,3 seconds,"A yellow ball of light ""turned on"" flickered then shot downward at a rapid speed for two seconds and vanished.",11/21/2010,30.5252778,-89.6794444
9/5/2007 23:55,roswell,nm,us,changing,15.0,10-15 seconds,dim lights moving in u shaped formation over Roswell,10/8/2007,33.3941667,-104.5225
10/31/2010 19:53,o'fallon,mo,us,changing,540.0,9 minutes,"Bright white light seen from a distance over O'fallon, Mo. gradually changed shapes. After slow hesitation...disappeared quickly!",11/21/2010,38.8105556,-90.6997222
9/17/2011 21:00,leonard,mi,us,formation,600.0,10 minutes,Formations of orange balls moving steadly from the northeast horizen to the west overhead then dissapering in the exact same spot.,10/10/2011,42.8652778,-83.1427778
7/12/2012 22:20,girard,oh,us,oval,180.0,3 minutes,Once in a lifetime,8/5/2012,41.1538889,-80.7016667
4/3/2010 20:15,las vegas,nv,us,light,10.0,10 seconds,i saw strange lights over las vegas.,5/12/2010,36.175,-115.1363889
8/17/2005 3:00,thunder bay (canada),on,ca,rectangle,30.0,30 seconds?,"Rectangular, grey, silent object passing over Thunder Bay, Ontario on August 17th.",10/11/2005,48.4,-89.233333
12/23/2002 4:00,rehoboth beach,de,us,disk,1800.0,30 minutes,fACING TO THE sOUTHEAST A VERY BRIGHT OBJECT HIGH IN THE SKY HOVERING OVER PROBABLY THE OCEAN AND i WATCHED IT MOVE HIGHER IN THE SKY D,12/23/2002,38.7208333,-75.0763889
11/13/2002 6:45,sparta,wi,us,egg,600.0,10 minutes,"Egg shaped bright and blinking lights descending slowly amoung cloud, then disappearing",11/16/2002,43.9441667,-90.8127778
6/30/2004 16:00,chicago,il,us,fireball,60.0,1 minute,fire ball moving horizontally across sky,3/4/2008,41.85,-87.65
11/23/2012 18:10,brockton,ma,us,sphere,2.0,few seconds,Bright white small round object..travelling very fast.,12/20/2012,42.0833333,-71.0188889
3/15/1990 22:00,los altos,ca,us,unknown,300.0,@ 5 minutes,"a grouping of white lights surrounded by haze, floodlight shining down, no sound",8/5/2009,37.3852778,-122.1130556
4/16/2013 22:00,townsend,mt,us,cigar,3600.0,1 hour,The first strange thing I noticed was three bright white lights in a row above our Elk Horn Mountains. I looked around the sky and I no,5/15/2013,46.3191667,-111.52
12/28/2013 20:57,forest hills,pa,us,unknown,300.0,5 minutes,"An evenly-spaced line of 3 bright fireballs traveled northwest, some emitting sparkling droppings.",1/10/2014,40.4197222,-79.8502778
3/13/2005 0:05,lacey,wa,us,light,600.0,ten minutes,"Early this Sunday, at approximately 12:05am, while meditating, I saw a very bright object in eastern sky over Lacey, Washington.  The o",4/16/2005,47.0344444,-122.8219444
10/12/2012 0:00,titusville,fl,us,fireball,30.0,30 second intervals,WE SAW 3 SEPARATE SIGHTINGS WITHIN 15 MINS TIME EACH TIME 3 ORANGE FLAME BALLS FLEW IN UNISON THROUGH THE NEIGHBORS TREES AT A FAST PAC,10/30/2012,28.6119444,-80.8077778
4/10/2011 23:00,stockton,ca,us,light,900.0,15 min.,unexplainable.,5/2/2011,37.9577778,-121.2897222
11/3/2004 19:20,girard township,pa,,rectangle,1200.0,20 min.,"Glowing objects,flying in formation,around Lake Erie",12/3/2004,41.976236,-80.332451
4/24/2013 3:30,manchester,nj,,circle,180.0,3 minutes,"Brilliant light in sky, switched to pulsating red and blue, then ascended.",5/15/2013,39.97117,-74.339282
7/13/2010 23:34,laguna niguel,ca,us,formation,10.0,10 seconds,Orange Orbs in Orange County,7/19/2010,33.5225,-117.7066667
10/15/2003 20:45,hamilton,oh,us,diamond,600.0,10 minutes,Detailed sighting in Southwest Ohio a little over an hour after the Collinsville sighting.,11/8/2003,39.3994444,-84.5613889
4/16/2012 23:00,fall river,ma,us,other,40.0,40 seconds,This was my very first UFO hope to see Moore.,4/18/2012,41.7013889,-71.1555556
6/15/1993 21:00,mt. isa (australia),,,unknown,30.0,30 sec,Driving home i saw a light hovering in the sky witch then shot off with a flash of light.,12/2/2000,-20.724705,139.497462
1/4/2014 16:35,ashburn,va,us,sphere,120.0,2 minutes,"Highly reflective sphere hovers near chemtrail, shrinks away rapidly, section of chemtrail evaporates.",1/10/2014,39.0436111,-77.4877778
12/9/2000 19:30,mesa,az,us,light,900.0,15 minutes,Red Light  over east valley of Phoenix,12/9/2000,33.4222222,-111.8219444
11/13/2006 7:01,strasburg,nd,us,teardrop,1680.0,28 minutes,"My wife and I were heading south out of Strasburg, North Dakota scanning the morning sky for ducks and geese flying out to field feed,",12/7/2006,46.1336111,-100.1611111
5/16/2007 7:30,lovelock,nv,us,cigar,900.0,15 minutes,"Yesterday a friend called to let us know he had been in SFO,CA and left on the 16 and tried to visit us but no answer to his call.We ch",6/12/2007,40.1794444,-118.4725
4/3/2004 23:00,thononasassa,fl,,triangle,900.0,15 minutes,Strange Triangles in Night Sky,4/27/2004,28.061407,-82.302313
2/4/2006 22:25,morganton,nc,us,light,30.0,30 sec,Bright Blue/Purple light with red center falls out of sky,2/14/2006,35.7452778,-81.685
9/13/2013 21:45,north myrtle beach,sc,us,unknown,60.0,1 minute (approx),"Fiery looking object, no sound, moved slowly at first then more rapidly and disappeared in the clouds.",9/30/2013,33.8158333,-78.6802778
4/29/2000 22:30,ogden,ut,us,circle,240.0,4 min.,i seen a red ball like thing coming from south to north along the mountains.and it was moving realy fast.,5/3/2000,41.2230556,-111.9730556
6/22/2013 17:00,stead,nv,,circle,10.0,10 seconds,Unreal,7/3/2013,39.660829,-119.874134
1/28/2008 9:55,ft. lauderdale,fl,us,cylinder,180.0,3 min,"On January 28, 2008 at approxmently 0955, I was driving north on A1A from Sunrise Blvd to 2100 block of Ft Lauderdale, Fla.  It is a cl",2/14/2008,26.1219444,-80.1436111
5/28/2007 0:30,chilliwack (canada),bc,ca,triangle,60.0,1 mins,"Triangular, 30ft wide, low floating over chilliwack city at night, no lights, no sound, translucent white; moved circle & straight",6/12/2007,49.166667,-121.95
11/7/2005 21:00,schellsburg,pa,us,oval,120.0,1 to 2 minutes,"I was halfway across Shawnee Lake looking towards Schellsburg ,The Mill Road area and saw this more round than oval bright light moving",12/16/2005,40.0488889,-78.6444444
8/14/2010 3:00,kennewick,wa,us,fireball,10.0,10 seconds,"On the night of August 24th at 3:00 A.M. I observed to huge stationary fireballs in the sky over Kennewick, WA., to the east.",8/24/2010,46.2113889,-119.1361111
7/25/1998 18:30,jefferson (near),co,us,oval,300.0,five minutes,"Black Oval-Shaped Object Hovering Near Jefferson, Colorado.",8/5/2001,39.3772222,-105.8
8/12/2007 21:45,isle of palms,sc,us,circle,4.0,4 seconds,roung grey object streaks across sky without lights or sound,8/14/2007,32.7866667,-79.795
3/15/1988 19:30,gallup (~10 miles west of on i-40),nm,us,cylinder,60.0,1 minute,"Driving west on I-40 just after dark, saw lights strobing over median of hwy. Thought it might be a helicopter, but there was no noise",2/24/2001,35.5280556,-108.7419444
8/28/2010 22:00,mason,oh,us,disk,1800.0,30min,i was looking up at the sky for the international space staion.. and had seen this bright light from the east.. adn it was a constant l,8/30/2010,39.36,-84.31
9/22/1998 23:55,ladson,sc,us,sphere,0.5,0.5 seconds,At approx. 23:55 EST 09/22/98 what is best described as a small orb or disc passed at high rate of speed directly above witness and was,11/1/1998,32.9855556,-80.11
3/18/1995 21:49,bakersfield,ca,us,,30.0,30 sec.,"Man sees light in sky w/ binocs.  Obj. moved across sky rapidly, stopped, reversed dir., descended. Streaked.",11/2/1999,35.3733333,-119.0177778
8/11/1968 20:20,niantic,ct,us,disk,5.0,about 5 secs.,Right after sunset I had seen a black disk against a dark blue sky with still a bit of twilight.,7/16/2003,41.3252778,-72.1936111
11/7/2008 23:30,arcadia,ca,us,sphere,1800.0,30 mins,"A bright sphere rapidly changing color - blue, green and red, in one spot.  ((NUFORC Note:  Sighting of Sirius.  PD))",1/10/2009,34.1397222,-118.0344444
8/22/1999 23:30,portland (@ the holiday inn),me,us,triangle,300.0,5min,"bright orange not to high up but move way to fast to not make any sounds,sharp turns at high speeds in and out of formation,dropped and",3/16/2000,43.6613889,-70.2558333
11/24/2004 0:00,winter garden,fl,us,changing,120.0,approx 2 minutes,"3 purple/white objects , fast no sound 1000ft , against black sky around midnight electrical dist in  truck",12/3/2004,28.565,-81.5863889
10/1/1978 0:00,windsor,nc,us,cone,300.0,5min,saw while parking with girl friend. rising full moonin back ground. 25 ft up. f 50 yrs away over field. hovering. completly silent. one,8/28/2003,35.9983333,-76.9463889
7/22/2005 21:10,wilmington,ca,us,other,420.0,7 minutes,"faintly red/white glowing object seen over Wilmington,CA",9/2/2005,33.78,-118.2616667
1/21/2010 22:45,bloomfield,nj,us,other,300.0,5 min,"3 lights sighted not blinking, moving slow, duration 5 min not jet or blimp.",2/14/2010,40.8066667,-74.1858333
5/29/2002 23:59,aylmer (canada),pq,ca,sphere,600.0,5-10 minutes,glowing orange spheres in aylmer quebec,6/12/2002,45.4,-75.85
5/3/2007 22:30,silver creek,ga,us,light,600.0,10 min.,Helicopter and unidentified lights in sky,6/12/2007,34.1761111,-85.1613889
8/12/2007 5:00,baconton,ga,us,circle,1200.0,20 minutes,Glowing circular object dancing across a single portion of the night sky surrounded by nothing.,8/14/2007,31.3794444,-84.1611111
8/14/1968 21:00,byron,ga,us,disk,300.0,3-5 minutes,Craft sighting related to protection or surveillance of niaki missile base?,8/7/2007,32.6536111,-83.7597222
6/30/2009 21:00,cicero,il,us,oval,300.0,3-5 minutes,Football-shaped-lit object moving in the sky,8/5/2009,41.8455556,-87.7538889
5/13/1983 17:00,london (uk/england),,gb,disk,120.0,2 mins,"silver disc sighted on Waterloo Bridge, London, England in 1983",6/20/2005,51.514125,-0.093689
8/16/2005 22:00,leander,tx,us,light,15.0,about 15 seconds,Bright light from nowhere.  ((NUFORC Note:  Possible flare from Iridium satellite.  PD)),10/11/2005,30.5786111,-97.8527778
2/2/2005 23:13,puyallup,wa,us,other,120.0,2 min,A RED STAR  LIKE OBJECT FROM WHICH 2-3 FIREWORK  LIKE STEAMERS FELL.,2/8/2005,47.1855556,-122.2916667
12/16/2003 11:45,riverbank,ca,us,other,10.0,10 seconds,"Skyquake Central Valley, California",12/19/2003,37.7361111,-120.9344444
6/15/1999 15:00,noblesville,in,us,circle,120.0,2 min.,"DRIVING SOUTH ON ST. RD, 213 MY FRIEND SPOTTED a BRIGHT SHINNING METALIC CIRCULAR OBJECT ,SHE ASKED IF I HAD SEEN IT . I SAID NO THEN A",2/16/2000,40.0455556,-86.0086111
9/17/2006 19:13,boksburg (south africa),,,light,240.0,4 minutes,Two lights diagonal from each other traveling across the night sky,10/30/2006,-26.2125,28.2625
7/3/2008 16:00,el reno,ok,us,diamond,30.0,30 seconds,"White diamond shape' (s) over El Reno, Oklahoma",8/12/2008,35.5322222,-97.9547222
9/25/2013 13:40,marin/san rafael,ca,,disk,6.0,6 seconds,Disk/Saucer shaped object hovering near Marin County in California for a few seconds and vanished @ 1340hrs on 9/25/13.,9/30/2013,37.973535,-122.531087
8/22/2001 21:12,charlesbourg (canada),pq,ca,sphere,3.0,0:03,"Sphère de couleur OR, déplacement très rapide!",10/12/2001,46.866667,-71.266667
5/3/2004 5:57,hayward,ca,us,oval,300.0,5 minutes,"Oval object with a rotating tethered object in the middle, observerd Oval blow up",5/4/2004,37.6688889,-122.0797222
1/5/2008 7:30,saskatoon (canada),sk,ca,light,120.0,two minutes or three,NEVER SEEN THAT MUCH BRIGHT LIGHT PASS SO CLOSE OVER MY HEAD SLOW DOWN TO LET ME LOOK UNDERNEATH AND TOOK OFF.,1/21/2008,52.133333,-106.666667
10/24/2009 23:00,colorado springs,co,us,changing,300.0,5 minutes,speeding stars over colorado springs,2/14/2010,38.8338889,-104.8208333
8/6/2012 21:57,ripley,oh,us,light,240.0,4 minutes,Bright light moving accross the night sky.,8/19/2012,38.7455556,-83.845
11/30/2012 20:47,sandwich,ma,us,fireball,60.0,1 minute,Orange silent fireball.,12/20/2012,41.7588889,-70.4944444
7/14/2004 18:30,paris,tn,us,disk,30.0,about 30 seconds,"I was sitting on a curb, I looked to my right and saw the object sailing by at a pretty fast speed.",7/25/2004,36.3019444,-88.3266667
4/21/2008 3:30,palm coast,fl,us,unknown,1200.0,20 minutes,Whirring sound like a giant bumble bee,6/12/2008,29.5847222,-81.2080556
6/10/2002 0:00,"sydney (nsw, australia)",,au,light,600.0,10 minutes,6 OR 7 BRIGHT ORANGE LIGHTS - LARGER THAN STARS - IN THE SOUTHERN CROSS FORMATION.  sTAYED STATIONARY FOR 5 MINUTES AND THEN DISPERSED.,10/15/2002,-33.861481,151.205475
6/6/2008 21:55,arlington,va,us,triangle,2.0,seconds,"""Bat-wing"" aircraft swiftly crosses night sky on south-to-north trajectory",6/12/2008,38.8902778,-77.0844444
2/5/2014 19:30,mesa,az,us,oval,120.0,1-2 minutes,2 orange glowing orb hovering in the sky by the South 202 and McKellips,2/7/2014,33.4222222,-111.8219444
1/18/2000 7:45,juneau,ak,us,,600.0,10 min,event reported to be a meteorite streaked through the skies at aprox o745 hrs Tues 18 Jan.  It was reported to have impacted in the mts,2/16/2000,58.3019444,-134.4197222
7/25/2003 14:30,philadelphia,pa,us,light,240.0,4 min,"looking eastward which would be facing NJ flashing over NJ I saw a flashing light in the sky, at first I thought it was a very high fly",8/1/2003,39.9522222,-75.1641667
1/4/2011 20:17,harrodsburg,ky,us,triangle,8.0,5-8 secinds,"Bright Triangular lights seen over Harrodsburg, KY.",1/5/2011,37.7622222,-84.8433333
11/8/2007 22:00,lancaster,pa,us,fireball,2.0,2 seconds,bright comet-like object with long tale traveling at high speed low to the ground,11/28/2007,40.0377778,-76.3058333
10/28/2007 17:30,bolingbrook,il,us,light,900.0,15 minutes,Numerous lights with jets following,11/28/2007,41.6986111,-88.0683333
11/23/2008 23:00,carmichael,ca,us,light,2.0,1-2 seconds,Red and blue lights streaking accross sky,1/10/2009,38.6172222,-121.3272222
5/1/1996 22:00,cody,wy,us,other,60.0,1 minute,strange lights around Cody area,6/12/2008,44.5263889,-109.0558333
8/13/2011 21:00,crystal lake,il,us,fireball,600.0,10 minutes,I witnessed unidentified lights in the sky.,8/21/2011,42.2411111,-88.3161111
1/15/1999 23:57,"stevenage, herts (uk/england)",,,fireball,60.0,1 minute,"Driving  home past railway station . Saw  ball of light rise up, travel horizontally for approx 100 yrds then unsteadily zig zag until",2/16/1999,51.903761,-0.196612
4/9/2010 23:30,delamar dry lake,nv,,other,600.0,10 minutes,"Thousands of lights in sky some shooting beams at others, Orange orb at low altitude",5/29/2012,37.320519,-114.948619
5/9/2005 3:00,carlisle,pa,us,chevron,180.0,3 min.,"I was sitting on the front porch, not able to sleep. My dog was with me. Suddenly my dog became very agitated and seemed to want back i",5/24/2005,40.2013889,-77.1891667
8/25/2000 21:30,bootle (uk/england),,gb,triangle,900.0,15 min,I was walking along the beach (north) towards Southport When I noticed a or really felt a strong warm breeze go past me. As I looked up,9/17/2000,53.466667,-3.016667
8/20/2006 22:12,omaha,ne,us,unknown,300.0,4-5min.,10:05p.m.in driveway witnessed strobing red/white lights moving from n.w to east in manner unlike no aircraft,10/30/2006,41.2586111,-95.9375
7/13/2013 14:50,cave creek,az,us,teardrop,105.0,1 min 45 seconds,"Flash, followed by falling teardrop ship, with fading redish trail.",7/14/2013,33.8333333,-111.95
12/28/2012 20:00,ocean city,md,us,triangle,3.0,3 seconds,A triangle of orange lights when looking north on Ocean City Beach towards DE. Later at 12:30 a.m. a bright flash of white lights (appr,2/4/2013,38.3363889,-75.0852778
8/8/2012 22:00,myrtle beach,sc,us,light,600.0,10 minutes,Lights over ocean,8/19/2012,33.6888889,-78.8869444
6/21/2013 20:00,atlanta,ga,us,cylinder,60.0,1 minute,Cylinder object seen near Downtown Atlanta.,7/3/2013,33.7488889,-84.3880556
6/3/2010 23:20,fort collins,co,us,circle,3.0,3 seconds,Green circle low in the sky in Fort Collins,6/10/2010,40.5852778,-105.0838889
4/15/2008 23:15,chandler,az,us,sphere,17.0,10-17 seconds,Glowing orange sphere spotted hovering and performing angular flying at various speeds.,6/12/2008,33.3061111,-111.8405556
11/5/2013 18:45,lansdale,pa,us,circle,180.0,3 minutes,5 slow moving glowing objects in the sky.,11/11/2013,40.2413889,-75.2841667
12/3/2003 15:43,west bridgewater,ma,us,unknown,45.0,approx 45 sec,Large gray object viewed for approx 30-45 sec,12/19/2003,41.9902778,-70.9755556
4/1/2014 0:24,boynton beach,fl,us,circle,240.0,4 minutes,Oh my gosh!!!  1st UFO sighting.,4/4/2014,26.525,-80.0666667
3/23/2000 19:15,fullerton,ca,us,teardrop,600.0,10 min.,"STRANGE OBJECT WITH 3 FLASHING LIGHTS,TWO AT THE FRONT AND ONE IN THE REAR.VERY BRIGHT,MOVED NORTH-SOUTH THAN EASTWARD OUT OF SIGHT",4/15/2000,33.8702778,-117.9244444
12/18/2009 20:10,leggett,ca,us,oval,4.0,4 seconds,Stationary object flashes  pure bright white light. It was like it was taking pictures.,2/14/2010,39.8658333,-123.7130556
9/19/2009 20:30,easton,md,us,other,10.0,10 seconds,"Orb of light raised from the ground, in the distance, slowly into the high sky; disappeared.((NUFORC Note:  Missile launch.  PD))",12/12/2009,38.7741667,-76.0766667
1/6/2012 9:05,tucson,az,us,light,10.0,5 to 10 seconds,"In Tucson Az I saw a point of light moving over the Catalina Mountains. It appeared to be rotating or tumbling. It was about 9:05 Am,",1/12/2012,32.2216667,-110.9258333
7/20/2010 9:00,wichita,ks,us,sphere,1200.0,20 minutes,10 sphere objects over wichita ks municiple airport,1/31/2011,37.6922222,-97.3372222
7/26/2002 1:00,waldorf,md,us,unknown,180.0,3 minutes,Was awoken by a very loud aircraft of some sort that was flying way too low.,7/30/2002,38.6244444,-76.9394444
3/7/2014 18:52,layton,ut,us,formation,1800.0,30+ minutes,"Several lights making formations seen north of Layton, UT",3/18/2014,41.0602778,-111.9702778
9/9/2012 16:36,waukegan,il,us,circle,180.0,3 minutes or less,"09/09/12 16:36  WKGN IL. APPEARANCE OF METAL FURTHER  AWAY, UP CLOSE A WHITE RING OF LIGHT, ROTATING IN THE MIDDLE  REFLECTING LIGHT",9/24/2012,42.3636111,-87.8447222
4/11/2011 1:08,los angeles,ca,us,changing,3.0,3 seconds,I dont think i can cope with reality anymore...,5/2/2011,34.0522222,-118.2427778
8/17/2001 21:15,prescott,az,us,light,180.0,3min+,"Erratic starlike  objects ""dancing"" in the sky",8/20/2001,34.54,-112.4677778
9/15/1971 18:00,houston (near),tx,us,circle,2700.0,45 min.,This is about a craft with a circular beam of light that could penetrate through a roof and ceilng of a house.,11/21/2010,29.7630556,-95.3630556
7/5/2007 1:47,sandy,ut,,triangle,15.0,15 seconds,Shadowy triangle that was invisible unless you were looking at it from a certain angle,11/28/2007,40.5725,-111.859722
8/8/2013 20:30,kelowna (canada),bc,ca,other,120.0,2 minutes,Space station flies over with object following close behind.,8/30/2013,49.9,-119.483333
9/30/2005 23:30,oak forest,il,us,circle,300.0,five minutes,red circle in sky flashing on and off,10/11/2005,41.6027778,-87.7438889
10/11/2013 3:00,hamilton (canada),on,ca,cylinder,3600.0,0300:0400,Enlarged still frame pics of the video show strage shapes and strange colors.,10/23/2013,43.25,-79.833333
1/30/1995 6:35,elbridge,ny,us,other,240.0,3-4 minutes,"copper colored-top shaped UFO sighted in elbridge,ny",6/18/2003,43.0344444,-76.4483333
11/8/2006 21:00,hollywood,fl,us,diamond,120.0,2 minutes,three diamond shaped constatnt lights in asymetrical steday formation flying from north to south horizons,12/7/2006,26.0108333,-80.1497222
3/19/2011 21:00,elkhart,in,us,fireball,600.0,10 minutes,Seven balls of fire spaced perfectly all vanished at a certain point,3/23/2011,41.6819444,-85.9766667
8/15/1987 19:00,bellefontaine,oh,us,rectangle,900.0,15 mins +,Rectangular object moving very slow,5/11/2005,40.3611111,-83.7597222
9/3/2005 22:20,seattle,wa,us,light,300.0,5 minutes,5 dark blue lights traveling east then south,9/15/2005,47.6063889,-122.3308333
12/1/1984 18:00,montgomery,al,us,fireball,2.0,seconds,"Southeast toward Northwest, low, large, lighting up sky,red, with a tail  which  split off behind.  May  have entered Florida, crossed",3/7/2000,32.3666667,-86.3
3/2/2013 22:00,cameron park,ca,us,fireball,900.0,10-15 minutes,We saw 6 firey type objects.,4/12/2013,38.6688889,-120.9861111
7/7/2012 0:45,midlothian,va,us,sphere,3.0,3 seconds,"Orange Orb with glowing light orange trail, very quick, disabled my cell phone, seen in Midlothian, VA",10/30/2012,37.5058333,-77.6494444
8/15/2003 2:45,los angeles,ca,us,diamond,45.0,45 seconds,The object bounced up and down did a semi-circle and shot up in the sky; disappeared,8/28/2003,34.0522222,-118.2427778
6/20/2004 18:35,norwell,ma,us,oval,300.0,5 minutes,White ovoid traveling towards the South East.,6/23/2004,42.1616667,-70.7944444
1/6/2004 20:40,guilford,ct,us,triangle,300.0,5 minutes,"A triangle shaped UFO rose straight up in the air, nose up, then stopped, straighted out so the nose was pointing at us and flew away.",1/17/2004,41.2888889,-72.6822222
12/11/2009 20:00,dexter,mi,us,other,600.0,~10 minutes,"12/11/09 Dexter, Michigan 20:00 hr 4 lg brightly lit objects moved E to W across the N. horizen, NO SOUND able to turn instantaneously",2/14/2010,42.3383333,-83.8886111
3/17/2007 14:45,edgewood,nm,us,triangle,180.0,2-3 minutes,Triagular object,4/27/2007,35.0613889,-106.1908333
2/2/1996 20:35,portland,or,us,,5.0,5 sec.,"Man sees wedge-shaped obj. pass overhead at high rate of speed.  Appeared to have 6-8 rectangular, white lights on each ""wing.""",11/2/1999,45.5236111,-122.675
10/1/2003 20:05,san diego,ca,us,unknown,240.0,4 minutes,us and  the object,4/27/2007,32.7152778,-117.1563889
9/22/2013 19:20,canterbury,nh,us,unknown,5.0,3-5 seconds,Blue-Green Object Streaking Through the Sky,11/11/2013,43.3369444,-71.5658333
4/2/2005 10:30,aviano (italy),,,diamond,7.0,4-7 seconds,"Arrow or Diamond shaped object observed near Aviano AB, Italy 2 April 2005",5/11/2005,46.069374,12.588306
5/25/1968 21:30,delta,co,us,sphere,45.0,45 seconds,Slow moving large red spherical object moving in a upward direction over the town. The object then split into two seperate objects and,3/19/2002,38.7422222,-108.0683333
3/1/2008 14:00,phoenix,az,us,other,1209600.0,2 weeks,Star-like craft over Phoenix Arizona inthe daytime.,8/12/2008,33.4483333,-112.0733333
6/9/2012 15:00,london (uk/england),,gb,circle,3.0,1 to 3 seconds,"Hi There,  On Saturday round 15:00 we finally got to see some blue skies after all the rain we have had for the last month. I was so ex",6/14/2012,51.514125,-0.093689
8/16/1992 22:30,tigard,or,us,unknown,120.0,1-2 minutes,"Lights 8-10 'v' shaped gliding across sky, no sound, gigantic, blacked out sky so no stars or planes could be seen.",1/28/1999,45.4313889,-122.7702778
2/1/2014 20:00,new york city (brooklyn),ny,us,circle,8.0,8 seconds,Red green UFO or drone sighting Brooklyn,2/7/2014,40.7141667,-74.0063889
12/26/2013 3:00,bartow county (hwy 20; near wilderness camp rd.),ga,us,circle,60.0,~1 minute,Ultra bright bluish circle hovered then shot to the ground on north side of Lake Allatoona.,1/10/2014,32.8786111,-82.4738889
10/20/2007 20:45,sioux lookout (canada),on,ca,light,3.0,3 seconds,"bright orange star is stationary, when witnessed by 2nd person it fades and moves away.  3rd time this season",11/28/2007,50.1,-91.916667
2/22/1999 19:00,otway,oh,us,other,1200.0,20 minutes,"My girlfriend and I were just leaving to go out of town, when I noticed two large glowing  orbs above my  small lake. They seemed to ju",12/2/2000,38.8663889,-83.1875
1/24/2014 19:55,honolulu,hi,us,light,300.0,5 minutes,"Small red light, first stationery then in fast motion over Waikiki observed from Ala Wai harbor.",1/30/2014,21.3069444,-157.8583333
8/21/2008 0:00,atlantic city,nj,us,flash,10.0,ten seconds,I witnessed a very small rod with two flashing lights going off only a few inches from my head.,10/31/2008,39.3641667,-74.4233333
6/18/2003 18:15,rio ranchi,nm,,disk,120.0,2 minutes,Hovering ship 15 feet above headand missing time - propulsion of ship gave off no heat,4/13/2010,35.232754,-106.663044
9/18/2008 21:55,crudwell (uk/england),,gb,circle,300.0,5mins,"Red/orange lights moving slowly in the dark night sky, with no sound.",10/31/2008,51.633333,-2.066667
4/14/2007 23:30,raleigh,nc,us,triangle,4.0,4 seconds,"Glowing green triangle moving at a very fast pace, stopping, flew away even faster, no noise over RBC Center.",6/27/2011,35.7719444,-78.6388889
11/14/2001 18:30,westlake village,ca,us,sphere,45.0,30-45sec,"redish-orange light moves across sky,hovers,drops a substance,then rapidly disapears",11/20/2001,34.1458333,-118.8047222
11/28/2003 23:45,bismarck,nd,us,other,1200.0,20 minutes,We spotted unusual bright lights and drove to investigate.  It came towards our vehicle as if it were going to hit us.,12/9/2003,46.8083333,-100.7833333
8/8/2012 19:45,myrtle beach,sc,us,sphere,300.0,5 minutes,Driving home from work on 501 we saw 2 orange lights in the sky and they faded within seconds.  From our position we could tell that th,8/19/2012,33.6888889,-78.8869444
10/11/2009 19:50,putnamville,in,us,flash,540.0,8 - 9 minutes,Two Hovering Aircraft Spotted Around a Strange Haze,12/12/2009,39.5741667,-86.8652778
11/24/2011 18:25,roseburg,or,us,light,300.0,5 minutes,Amber/Orange lights evenly spaced in a line moved north quickly and disappeared in the clouds,12/12/2011,43.2166667,-123.3405556
2/22/2011 12:00,gillsville,ga,us,oval,180.0,3 minutes,Oval Bell Shaped object in  sky hovering over trees at noon bright sunny day in Northeast Georgia,2/23/2011,34.3077778,-83.6336111
5/21/2000 2:40,new smyrna beach,fl,us,unknown,10.0,10 seconds,"Fiery object spotted east of New Symrna Beach, Florida.",6/6/2000,29.0255556,-80.9272222
2/24/2011 22:30,escondido,ca,us,triangle,60.0,1 minute,It was 10:30 at night when I spotter a grey triangular flying object that was at a very low altitude.,5/29/2012,33.1191667,-117.0855556
9/17/2009 20:50,greenbrook,nj,,light,1200.0,20 minutes,"we watched as several orbs warped, appeared changed sizes, and did all sorts of maneuvers meanwhile terrestrial craft persued",12/12/2009,40.147054,-74.834608
12/2/2001 16:00,greenwood,mo,us,changing,60.0,1 minute,My brother and I saw something strange burning into the atmosphere,3/21/2003,38.8516667,-94.3436111
11/8/2013 20:20,tomball,tx,us,triangle,1080.0,18 minutes,Yellow lights in an triangle form seen by other people.,11/11/2013,30.0969444,-95.6158333
11/13/2007 18:50,san diego,ca,us,triangle,900.0,10-15 minutes,LOW FLYING/HUGE TRIANGULAR CRAFT/LARGER THAN A STEALTH!,6/12/2008,32.7152778,-117.1563889
6/8/2012 22:15,zanesville,oh,us,sphere,180.0,3 minutes,Glowing white orb in the sky.  ((NUFORC Note:  Possible sighting of the ISS??  PD)),6/14/2012,39.9402778,-82.0133333
10/25/2004 0:30,fountain hills,az,us,triangle,1200.0,20 minutes,I was out and about walking my dog when all the sudden this triangle in the sky was up really high and id never seen any airplane shape,11/2/2004,33.6116667,-111.7166667
4/6/2009 1:02,pensacola,fl,us,triangle,30.0,30 sec,"I saw 7 lights in the shape of the letter ""V"", They were all independant but flew together.",4/14/2009,30.4211111,-87.2169444
11/16/1999 19:08,dearborn heights,mi,us,fireball,12.0,10 - 12 seconds,"I was talking to my son when I saw (to his back) what I thought was an airplane on fire, crashing ( we live aprox. 3mi. North, East of",6/21/2000,42.3369444,-83.2733333
3/5/2012 22:00,ainsworth,ne,us,light,5.0,4-5 seconds,"Bright white light, about 5 times brighter/bigger than the brightest star at night, north of Ainsworth.",3/13/2012,42.55,-99.8622222
11/5/2011 19:00,muscatine,ia,us,light,900.0,>15 minutes,Bright orange lights moving slow across the sky.,12/12/2011,41.4244444,-91.0430556
9/9/2001 23:00,eugene,or,us,sphere,60.0,1 minute,"Round, changed color, swerved, reversed direction without turning or stopping.",10/12/2001,44.0522222,-123.0855556
10/15/1981 9:00,apache lake,az,,egg,600.0,10 minutes,UFO sighting Apache Lake in 1981during broad daylight hours.,12/12/2009,33.581892,-111.253203
2/23/2014 23:00,cape girardeau,mo,us,unknown,120.0,2 minutes,2 Perfect White Circles hovering extremely low with no noise.,2/27/2014,37.3058333,-89.5180556
1/3/2000 22:43,reno,nv,us,light,3.0,3 seconds,"At 22:43 Jan 03, 2000 I observed in the night sky, a bright white object traveling at a very high rate of speed from north to south. It",1/7/2000,39.5297222,-119.8127778
11/11/2002 15:30,chattanooga,tn,us,other,30.0,30 sec,canard wing craft,11/16/2002,35.0455556,-85.3097222
7/30/2011 22:00,squaw valley,ca,us,light,10.0,10 seconds,Slow moving ball of light.,8/7/2011,36.7402778,-119.2458333
3/25/2003 20:55,coquitlam (canada),bc,ca,triangle,4.0,4 sec,Huge black triangle travels quickly,4/22/2003,49.266667,-122.783333
4/29/1997 17:00,fresh pond,ca,us,formation,1500.0,25 minutes,Large green glowing ball of light over the Sierras,12/14/2004,38.7602778,-120.5288889
10/15/2011 19:20,lancaster,pa,us,circle,300.0,5 minutes,"Bright circle, red/orange object in sky.",10/19/2011,40.0377778,-76.3058333
7/22/2011 20:30,mckinney,tx,us,light,4.0,4 seconds,White light fell out of the sky,8/7/2011,33.1975,-96.615
7/31/2010 22:00,waukon (15 miles se of),ia,us,unknown,300.0,5 mins,Triangular/V-shape UFO spotted over North East Iowa.,8/24/2010,43.2694444,-91.4755556
3/29/2008 22:50,lancaster,pa,us,triangle,300.0,five minutes,"Large triangle consisting of 3 inverted V shapes with pulsing red lighting, moved sideways & accelerated.",3/31/2008,40.0377778,-76.3058333
7/6/2009 3:30,hesperia,ca,us,light,3600.0,1 hour,extremely bright white light,8/5/2009,34.4263889,-117.3
7/10/2010 21:30,boynton beach,fl,us,light,2400.0,30-40 min,Strange light in Palm Beach County,7/19/2010,26.525,-80.0666667
9/25/1999 19:30,goldendale (3 miles ne of),wa,us,circle,5.0,3-5sec,Bright greenish light heading north-east,11/2/1999,45.8208333,-120.8205556
1/27/2001 20:45,johnson's creek,wi,,light,10.0,6-10 seconds,"I was travelling west on I94 towards Madison from Milwaukee, at the time I was near the Johnson's Creek area.  I saw a moving light for",2/18/2001,45.444017,-91.049111
10/25/2000 20:15,peoria,az,us,fireball,900.0,15 mins,it was like a fire in the sky,12/2/2000,33.5805556,-112.2366667
4/5/2014 21:25,bolingbrook,il,us,changing,15.0,15 seconds,"Whitish/grayish half circle shape that changed into two straight lines at a 45 degree angle, concaved then went to original shape.",4/11/2014,41.6986111,-88.0683333
6/3/2012 14:00,south  chicago  heights,il,us,egg,300.0,5 minutes,White  egg  shaped  object  over  south  chicago  heights  moving  from  west  to  east.,6/8/2012,41.4808333,-87.6377778
7/11/2012 23:30,mechanicsburg,pa,us,circle,8.0,8 seconds,Strange ball of light flashed in and disappears.,8/5/2012,40.2141667,-77.0088889
9/29/2012 11:00,petaluma,ca,us,other,300.0,5 minutes,UFO on Stony Point,10/30/2012,38.2325,-122.6355556
10/20/1995 22:00,simi valley,ca,us,light,25.0,many hours,"5 MILE High Laser Beam,  guarded by AMSEC/SAIC,  International Security Corp.",11/28/2007,34.2694444,-118.7805556
9/14/2013 19:02,morro bay,ca,us,fireball,20.0,20 seconds,"No noise, larger than golf ball sized,approximately  1100 to 2200 feet elevation, bright orange, light emmitting in the shape of badmit",9/30/2013,35.3658333,-120.8488889
11/30/2013 20:10,lake st. louis,mo,,formation,600.0,7-10 minutes,Observed (4) red orbs that were at different heights and moved very oddly then disappeared.  ((NUFORC Note:  Suspected lanterns.  PD)),12/2/2013,38.780938,-90.78836
10/29/2008 20:00,walnut ridge,ar,us,triangle,300.0,half hour,"((HOAX??))  Six trangle shaped crafts with no noise, bright white lights, a few red lights, flying and hovering over NE Ark.",1/10/2009,36.0683333,-90.9558333
4/4/2013 21:04,red wing,mn,us,triangle,180.0,3 minutes,Three orange lights in a triangular formation moving west to east and then east to west across the sky.,5/15/2013,44.5625,-92.5336111
7/7/2012 21:15,penn yan,ny,us,light,120.0,2 minutes,"We saw four floating, glowing lights in the early evening sky for about two minutes, beneath the clouds, making no sound, and they disa",8/5/2012,42.6608333,-77.0541667
7/25/2008 21:45,phoenix,az,us,light,30.0,30sec or less,Phoenix light sighting by indian resevation,8/12/2008,33.4483333,-112.0733333
3/31/2007 18:30,sydney (australia),,au,fireball,10.0,10 sec,"Before dark yesterday a huge bright golden light was seen, before it exploded and shot off on a right hand downward trajectory.",4/27/2007,-33.861481,151.205475
10/28/2004 20:00,gusum (sweden),,,circle,1200.0,20 min,10 glowing dots looking like circles...,11/2/2004,58.266667,16.483333
1/14/2009 1:08,argyle,tx,us,disk,360.0,6 minutes,"Slow moving object, hovering around highway, flashing lights, no noise low altitude",3/19/2009,33.1211111,-97.1830556
3/28/2003 23:59,capac,mi,us,light,120.0,a couple of minutes,"I woke up to take pain reliever at midnight, turned on the tv and sat on the livingroom couch facing the window on my front porch. I th",4/22/2003,43.0125,-82.9280556
2/1/2012 20:20,arlington,tx,us,light,10.0,6-10 seconds,"Bright light zooms across Arlington, TX",2/3/2012,32.7355556,-97.1077778
10/14/2002 18:05,windsor (canada),on,ca,other,600.0,10 minutes,5 slow moving objects near detroit/windsor,10/28/2002,45.583333,-72.0
9/17/2005 21:00,lake geneva,wi,us,circle,2700.0,45 minutes,"Lights over Lake Geneva, WI.",10/11/2005,42.5916667,-88.4333333
9/19/2009 20:00,pittsburgh,pa,us,changing,15.0,15 sec,"A brief, bright light in Western Pennsylvania.  ((NUFORC Note:  Missile launch.  PD))",12/12/2009,40.4405556,-79.9961111
6/17/2006 18:00,vancouver,wa,us,disk,1200.0,20 minutes,Clear or transparent 16 foot long 4 foot  wide  thing was 30 feet away  slowly  traveling  towards  the river while  i visited mom~inla,6/23/2010,45.6388889,-122.6602778
10/4/2005 21:30,hyvinkää (finland),,,other,90.0,90 seconds,The story of strange satellites REVEALED,10/11/2005,60.631811,24.857883
8/11/2012 23:00,bellingham,wa,us,circle,180.0,3 minutes,"Random, changing formations of many bright orange lights observed through apartment window.  Objects moved slowly, then eventually grew",8/19/2012,48.7597222,-122.4869444
11/8/2010 17:45,alachua,fl,us,cross,600.0,10 minutes,X Shaped UFO With Clean Red Flame Along Underside; Underside lit up then it was gone.,11/21/2010,29.7513889,-82.425
8/1/2010 23:15,niagara falls (canada),on,ca,oval,2.0,2 seconds,Bright colorful Shooting Light.,8/24/2010,43.1,-79.05
8/10/1997 2:55,newbury (canada),on,,light,100.0,100 seconds,I was on my way home from my brothers house. He lived just down the road. It was 2:30 in the morning.Instead of turning into my laneway,1/17/2004,42.683333,-81.797222
3/17/2001 15:00,gilbert,az,us,cylinder,900.0,15 min,white strong light  changed to fire almost looking colors -shape cylinder and again changed to white brigh light,4/1/2001,33.3527778,-111.7883333
6/1/1996 0:00,guerneville,ca,us,diamond,600.0,10 min,It occurred late at night when i happened to be gazing at the stars on a clear night.  i was looking all the big stars towards the nort,10/31/2008,38.5019444,-122.995
1/23/2014 22:00,clackamas,or,us,light,300.0,5 minutes,"Small lights in the sky over Clackamas, Oregon.",1/30/2014,45.4077778,-122.5691667
9/2/1999 12:10,aldergrove (canada),bc,ca,,3.0,3 seconds,SOMETHING FALLING OUT OF THE SKY,12/2/2000,49.06,-122.46
9/29/2003 17:00,glens falls,ny,us,cigar,15.0,15 sec.,Bright cigar shaped witnessed by three people through binoculars.,10/7/2003,43.3094444,-73.6444444
7/6/2012 23:00,liberty township,oh,,circle,180.0,3 minutes,Orange small cirlces,8/5/2012,39.403986,-84.406761
8/26/2012 0:00,stellenboch montains (south africa),fl,,oval,7200.0,2 hours,I was given knowledge,9/24/2012,27.664827,-81.515754
11/16/2012 22:30,duluth/hermantown,mn,,light,600.0,10 minutes,"Last night while I was outside of my work smoking a cigarette, I looked up at the sky as I always do on a clear night and noticed what",11/19/2012,46.823102,-92.224844
1/22/2006 20:00,brunswick,me,us,unknown,2400.0,40 minutes,I'm 35yrs old and love to look at the stars.  Tonight however I saw something extremely weird.  3 UFO's that where flying hoovering abo,2/14/2006,43.9144444,-69.9658333
10/29/2003 20:00,palatine,il,us,unknown,2.0,2 seconds,Booms associated with Bartlet sightings 10/29/03.,11/11/2003,42.1102778,-88.0341667
10/29/2007 22:11,knoxville,tn,us,light,5.0,5 sec,"Ball of Light over Knoxville,TN Fell from the Sky!",11/28/2007,35.9605556,-83.9208333
11/22/2006 1:25,uk/england (in flight),,,unknown,5.0,5 seconds,2 flying objects close to England in front of the airplane,3/31/2008,52.355518,-1.17432
7/21/2006 2:00,three rocks,ca,us,triangle,5.0,5 seconds,"triangle shaped craft flying low, rotating and turning before a freeway then taking a dive below some bushes.",6/12/2007,36.5025,-120.3905556
10/9/2010 1:56,st. augustine,fl,us,unknown,4.0,4 seconds,I live in a rural area of Saint Johns County Florida .  The Ort cloud and many meteorites are always visible. The typical meteor streak,11/21/2010,29.8944444,-81.3147222
9/8/2002 18:45,hilton head,sc,,other,900.0,15 minutes,"Over about a 15-minute period, I saw either 6 or 7 bright white, rice-shaped objects moving steadily across the sky.",9/13/2002,32.216316,-80.752608
6/1/1997 0:00,cardiff (uk/wales),,gb,triangle,240.0,4 min,large triangular object no sound at all,12/23/2002,51.5,-3.2
9/3/2003 23:30,omaha,ne,us,unknown,1200.0,20 minutes,"Two unidentifiable crafts ""playing"" over Omaha, that changed color and emitted no sound.",9/9/2003,41.2586111,-95.9375
5/6/1979 21:00,panama city beach,fl,us,light,5400.0,1.5 hours,"Five bright lights or glowing oval objects hovered over the horizon south of Panama City Beach, FL, during Memorial Day 1979.",10/27/2004,30.1763889,-85.8055556
7/5/2013 0:17,surprise,az,us,triangle,300.0,~5 minutes,"July 4TH to 5th 2013 ufo, 3 triangle shapes moving in triangle formation over nw phoenix metro area.",7/14/2013,33.6305556,-112.3325
12/24/2010 22:20,pretoria (south africa),,,sphere,180.0,3 minutes,"4 burning objects moving in irregular fashion before fading away above Pretoria, South Africa",1/5/2011,-25.746111,28.188056
4/1/2007 20:30,memphis,tn,us,triangle,6300.0,45 min to 1hr,At aprox. 8:20pm I saw a craft in the sky slowly moving from the east to the west. The craft stoped and rotated and other lights were v,4/27/2007,35.1494444,-90.0488889
6/1/1995 23:45,wailuku,hi,us,fireball,600.0,10 minutes,Fireball from the West Maui Mountains toward the Pacific Ocean,10/10/2011,20.8911111,-156.5047222
7/30/1980 22:00,clinton,me,us,oval,1800.0,30 minutes,"Luminous, oval ring of light",12/16/2005,44.6377778,-69.5036111
7/15/1998 1:30,council,id,us,triangle,2100.0,35 min.,"Krackowski ""Fast-Proton"" Detection   Vessel",8/1/2003,44.73,-116.4372222
10/5/2012 20:00,barnard,vt,us,sphere,180.0,2-3 minutes,"Bright orange, glowing orb over Barnard, VT",10/30/2012,43.7286111,-72.6194444
9/28/2000 1:00,vermilion,oh,us,disk,30.0,about 30 secs.,I saw 3 disc shaped crafts with a greenish hue.,12/2/2000,41.4219444,-82.3647222
7/28/2008 23:00,busby,mt,us,light,120.0,maybe 2 minutes if that,bobbing light object unknown,8/12/2008,45.5372222,-106.955
6/12/1978 0:00,diamond bar,ca,us,unknown,900.0,15 minutes,one craft intered and stoped east of me moved to my south viewed me met two other craft and left in a tryangel formation,11/4/2002,34.0286111,-117.8094444
10/13/2010 20:30,brick,nj,,circle,120.0,2 minutes,A fire disk was seen moving slowly as the light dimmed and object disappeared. 500 Lights On Object0: Yes,11/21/2010,40.057838,-74.137183
4/15/1995 23:30,kilgore,tx,us,circle,3600.0,60 minutes,"Prone to being ""ESCORTED""  by bright ball of light???",6/12/2002,32.3861111,-94.8755556
3/6/2008 20:00,columbia city,in,us,fireball,8.0,5-8 sec,row of arange balls in the sky.,3/31/2008,41.1572222,-85.4883333
11/30/2003 15:35,san diego,ca,us,circle,120.0,1-2 minutes,At 3:35 PM I went outside to feed the family of ravens who arrive/calling at that time. I went out onto my upstairs balcony to see how,12/9/2003,32.7152778,-117.1563889
8/12/2010 21:45,elkland,pa,us,sphere,600.0,10minutes,Two red globes hovering over a containment pond 50 feet overhead.,10/10/2011,41.9861111,-77.3111111
9/17/1999 20:50,anacoco,la,us,disk,2400.0,40 minutes,"My wife called me to the living room to see an ornange pulsating light. I watched it for a bit and it shot straight up, almost out of s",10/2/1999,31.2519444,-93.3411111
1/2/2011 21:33,arlington,wi,us,triangle,300.0,5 minutes,"While driving home, we saw a low flying triangular shaped aircraft, with lights that hovered, changed directions, and moved silently.",1/5/2011,43.3380556,-89.3802778
12/29/2011 18:03,arabi/chalmette,la,,triangle,600.0,10 min,"Triangle shaped aircraft with a light at each point, different colors, hovering about 100-200 feet above the ground.",1/12/2012,29.955454,-89.98349
12/7/2012 20:00,ingleside,tx,us,fireball,120.0,2 minutes,Red fireball light in night sky.,12/20/2012,27.8775,-97.2113889
10/1/2010 23:00,corona,ca,us,unknown,30.0,30 seconds,Star igniting accelerating and leaving a light beam behind.,4/18/2014,33.8752778,-117.5655556
9/10/2005 18:05,gig harbor,wa,us,unknown,300.0,5 minutes,"Gig Harbor, WA Sept. 10th, 6:00+ p.m.: Three lights in triangular formation cross telescope field of view...",10/11/2005,47.3294444,-122.5788889
6/30/2012 22:02,utica,ny,us,circle,240.0,2-4 minutes,We observed three round globes over a portion of East Utica.,7/4/2012,43.1008333,-75.2330556
5/15/1974 20:00,atlanta,ga,us,disk,300.0,3-5 minutes,"We saw a silent, saucer-shaped craft with 4 porthole-size lights blinking in sequence left to right, blue, white, red and yellow.",10/12/2001,33.7488889,-84.3880556
6/22/1995 15:00,amarillo,tx,us,triangle,180.0,3 min,TRIANGLE UFO SIGHTING IN AMARILLO TX,3/19/2009,35.2219444,-101.8308333
12/10/2011 13:00,perryville,mo,us,triangle,10.0,10 sec.,2 triangle shape objects hovering very high above missouri bootheel perfectly clear fall day 2 observers.,12/12/2011,37.7241667,-89.8611111
9/20/1973 15:15,mansfield,oh,us,cigar,1200.0,20 minutes,"In the Fall of 1973 my sister and I came upon a large silver object hovering approximatley 20 feet above us on a clear, sunny afternoon",1/28/1999,40.7583333,-82.5155556
3/31/1993 0:00,norfolk (uk/england),,gb,triangle,120.0,minutes,"3-31-1993 at approximately midnight:  Large, silent , motionless black triangle just above low cloud.",9/9/2013,52.666667,1.0
8/22/1998 2:00,madera/manteca (on the hiway),ca,,other,1080.0,18 minutes,not enogh room.,2/22/2005,37.797427,-121.216053
4/17/2008 9:15,sahuarita,az,us,circle,30.0,30 seconds,"Random flashing lights, moving very fast , North across the horizon. Most of the lights were grouped.",6/12/2008,31.9575,-110.955
11/10/2012 23:45,creswell,or,us,circle,240.0,3-4 minutes,"Very bright lights like an airplane, but went dark and saw a round, gray object at a high altitude.",11/19/2012,43.9180556,-123.0233333
3/18/2002 3:00,edison,nj,us,flash,60.0,< 1 minute,"In mid night, flashing big yellow white lights soared past my window  but then my neighbor claims to have seen it too.",7/5/2005,40.5186111,-74.4125
5/15/2001 18:30,st. thomas (canada),on,ca,oval,600.0,10 min.,Aliens prepared to protect themselves from other aliens,12/12/2011,42.783333,-81.183333
5/1/2008 4:30,kansas city,mo,us,changing,73800.0,2 1/2 hours,"MISSOURI INVESTIGATORS GROUP Report:  ..out of the white came a boomerang craft ""straight forward"" and ""flipped"" on its side …",12/12/2009,39.0997222,-94.5783333
6/1/2005 20:35,charleston,sc,us,changing,1200.0,20 minutes,WHILE I WAS OUT WITH A FRIEND DRIVING AROUND ON THE TOWN WE WENT OUT TO DINNER AND SAW SOME UFOS WE COULDN'T BEILEVE IT.,7/13/2005,32.7763889,-79.9311111
3/20/2000 21:00,ljubljana (slovenia),,,rectangle,7.0,7 sec,A grey soundless object zoomed thru the night sky. It seemed pretty close and it whent faster than any plane.,4/15/2000,46.056947,14.505751
6/1/1980 18:00,london (uk/england),,gb,circle,420.0,7 mins,"SAW A FLYING SAUCER CLOSE UP,  IN THE MIDDLE OF LONDON JUST BEFORE MORNING RUSH OUR ?",7/16/2006,51.514125,-0.093689
1/23/1995 23:42,ladysmith,wi,us,,1200.0,20 min.,Rusk Co. Sheriff's office reports officer's observation of hovering light in SE sky.  (Possible star?),11/2/1999,45.4630556,-91.1038889
2/4/2009 18:59,austin (rural),tx,us,circle,300.0,5 minutes,"It was right after dark, Wednesday,  February 4, 2009.  I had just let the dog out for a run.  The sky was clear with only a few stars",12/12/2009,30.2669444,-97.7427778
10/31/2008 22:00,watervliet/coloma,mi,,triangle,3600.0,1 hour-ish,"I was driving to a liqour store, but we were all 100% sober at the time, with a friend and her son, in my car. My friend mentioned it,",1/10/2009,42.145418,-86.246334
7/4/2009 22:00,auburn,wa,us,disk,210.0,3.5 minutes,7 year old describes red ufo at 4th of July gathering,8/5/2009,47.3075,-122.2272222
5/10/2012 23:15,riverton,ut,us,unknown,2400.0,40 minutes,"In distance, looked like a plane that decided to stay in one spot flashing its lights.",5/15/2013,40.5219444,-111.9383333
8/30/2011 11:20,bastrop,la,us,light,705.0,11:45,White/Orange Light Ball in sky at night over louisiana,10/10/2011,32.7561111,-91.8722222
3/11/2014 6:35,boulder,co,us,other,120.0,2 minutes,Loud Noise Along with UFO flashing lights aircraft.,3/18/2014,40.015,-105.27
3/8/2003 19:00,windham,me,,sphere,60.0,1 minute,A large turquoise colored sphere that moved slowly across the sky.,3/11/2003,43.810556,-70.416944
4/27/2000 23:38,plano,tx,us,triangle,3.0,3 seconds,"I saw a craft moving at an incredible speed, from north to south. The object was lit on it's underside, but only in a pattern of a rod.",5/3/2000,33.0197222,-96.6986111
5/21/2011 5:15,littleton,co,us,disk,600.0,10 minutes,UFO found in background of picture in CO,5/29/2011,39.6133333,-105.0161111
4/9/1997 0:00,sarnia (canada),on,ca,unknown,30.0,30 seconds,On this particular night my sister and I went out to our side porch to have a cigarette when she noticed something suddenly appear to t,12/2/2000,42.966667,-82.4
7/12/2012 21:30,st. louis,mo,us,fireball,300.0,5 minutes,Glowing orange balls of light moving silently throught the sky,8/5/2012,38.6272222,-90.1977778
7/20/2011 22:00,paradise,ca,us,other,60.0,1 min,Multiple aircraft,10/10/2011,39.7597222,-121.6208333
1/25/2001 21:03,filion,mi,us,diamond,1920.0,32 min.,dimond shaped object in michigans huron county sky.,2/18/2001,43.8955556,-83.0036111
11/15/1998 22:00,camp lejeune/jacksonville,nc,,triangle,60.0,1 minute,"Triangular shaped ufo witnessed by 200 Marines in Camp Lejeune, NC.",6/20/2005,34.72534,-77.3442
11/19/2003 22:25,abbeville,la,us,formation,600.0,10 minutes,It was a scarey sight.,11/26/2003,29.9744444,-92.1341667
7/10/2004 20:14,abita springs,la,us,formation,2.0,seconds,Distant objects in formation visible in sunset photos,7/25/2004,30.4783333,-90.0375
6/19/2007 22:40,dearborn heights,mi,us,other,60.0,30-60 seconds,"2 bright lights over Dearborn Heights, MI Ford and Beechdaly rd area.  ((NUFORC Note:  Space Shuttle w/ ISS??  PD))",8/7/2007,42.3369444,-83.2733333
4/15/1992 22:00,neosho,mo,us,unknown,60.0,one minute,"I don't remember for sure when this happened, it was between 10 and 15 yrs ago. I had recently moved from Ca. to Mo. I was with two fri",11/28/2007,36.8688889,-94.3677778
6/1/1990 22:00,fullerton,ca,us,disk,600.0,10 mins,"already did this, forgot witness form",5/29/2011,33.8702778,-117.9244444
9/15/1981 6:30,georgetown,sc,us,triangle,180.0,-3 min,"Triangular shape over Georgetown, early 1980's",1/31/2011,33.3766667,-79.2947222
2/5/2006 21:00,bekasi (indonesia),,,unknown,15.0,15 sec,"and unidentified flying object had three lights, the color of the light is red,green,and blue",2/14/2006,-6.249028,106.996952
8/15/1996 21:00,kelowna (canada),bc,ca,egg,120.0,2 minutes,"Large, bright  two egg-shapped orbs attached together forming oval/circular shape.",7/23/2000,49.9,-119.483333
9/14/2008 19:20,stroudsburg,pa,us,other,180.0,3 minutes,Flying wing observed in pennsylvania on september 14 2008,10/31/2008,40.9866667,-75.195
5/27/2009 23:00,"washington, d.c.",dc,,fireball,240.0,4 minutes,"Glowing orb with sharp turns in Washington ,DC",6/9/2009,38.907231,-77.036464
8/11/2012 23:55,san jose,ca,us,fireball,30.0,30 seconds,Green fireball in southern night sky,9/24/2012,37.3394444,-121.8938889
8/4/2006 23:30,o'fallon,mo,us,disk,1800.0,30 min and still going,I know it is a UFO. It's crazy!!!,10/30/2006,38.8105556,-90.6997222
3/24/1999 20:30,pacific city,or,us,sphere,2700.0,45 minutes,Three lighted circular aircraft,3/10/2011,45.2025,-123.9616667
7/14/2012 3:00,somerset,ky,us,circle,5.0,5 seconds,"Bright white circle of light appears, moves from south to north extreamly fast the disappears in thin air",8/5/2012,37.0919444,-84.6041667
12/29/1996 20:00,bastrop,la,us,light,3600.0,1 hour,"due south of bastropA bright light was seen in the sky, and was thought to be a star until it started moving. It moved back and for",3/7/1998,32.7561111,-91.8722222
9/26/2008 17:30,denver,co,us,changing,300.0,5 min.,Three moving craft near Lowry.,10/31/2008,39.7391667,-104.9841667
7/7/2011 22:40,coon rapids,mn,us,light,120.0,2 minutes,Bright light in Coon Rapids,7/17/2011,45.12,-93.2875
11/11/1979 19:30,wickenburg (near),az,us,light,3600.0,at least 1 hour,"Orange ball bouncing up and down, side to side. Changed to green and a few other colors.",8/24/2004,33.9686111,-112.7288889
5/6/2007 12:35,kalamazoo,mi,us,cone,600.0,10 minutes,"A slightly conical black UFO hovered for roughly 10 minutes over Kalamazoo, Michigan.",6/12/2007,42.2916667,-85.5872222
11/18/2012 6:40,birmingham,al,us,unknown,30.0,30 seconds,Fast Light Moving.,11/19/2012,33.5205556,-86.8025
9/26/1996 20:00,breckenridge,tx,us,changing,2.0,1-2 seconds,constantly changing nebulous-shaped object flying disturbingly fast at the moment of a full lunar eclipse,9/2/2005,32.7555556,-98.9019444
7/11/2004 5:18,kahului,hi,us,light,300.0,4-5 minutes,"Bright light (low flying) moving south toward Haleakala....no sound...non-aircraft, non-meteor",7/25/2004,20.8947222,-156.47
8/25/1995 9:15,olean,ny,us,triangle,300.0,4 to 5 minutes,"low, slow moving Triangular shaped craft with lights on pionts of triangle and one in center on bottom sighted",10/31/2008,42.0775,-78.43
6/8/1996 16:30,beloit,wi,us,other,1200.0,20 minutes,Oddly shaped black object hovering high in the daytime sky for about 20 minutes and then dissappearing.,10/31/2003,42.5083333,-89.0316667
11/23/2008 20:00,summerville,sc,us,light,900.0,15 minutes,"On November 23, 2008 I saw a blinking orange light in the sky that hovered for a few minutes and then disappeared.",1/10/2009,33.0183333,-80.1758333
11/8/2005 4:45,steamboat springs,co,us,unknown,90.0,1.5 min,"Slow moving craft made no sound, had incredibly bright lights that didn't illuminate the trees or ground. 500 Lights On Object0: Ye",2/24/2007,40.485,-106.8311111
5/25/2007 14:15,bergenfield,nj,us,other,300.0,5 minutes,"May 25, 2007 - Silver object with lights in the eastern sky hovering in NJ",6/12/2007,40.9275,-73.9977778
2/5/2009 6:30,maple valley,wa,us,triangle,180.0,3 min,Triangle shaped ufo in maple valey almost crashes,3/19/2009,47.4066667,-122.0375
9/1/2013 21:15,provincetown,ma,us,fireball,180.0,0.5 hour,4 rocket fires seen in succession traveling northeast over Cape Cod Massachusetts.,9/9/2013,42.0583333,-70.1791667
10/20/2003 21:15,prophetstown,il,us,other,900.0,15 min.,"we saw a star and it raised above the clouds, a few nights later saw the same thing and it then dissappeared",1/17/2004,41.6713889,-89.9361111
7/27/2009 23:35,wesley chapel,fl,us,triangle,1800.0,30 min,Triangle Shaped Object in Wesley Chapel,8/5/2009,28.2394444,-82.3280556
7/31/2011 22:50,princeton,mn,us,other,600.0,10 min,25-50 orange-yellow lights come out of the thunder storm,1/12/2012,45.57,-93.5813889
8/1/1991 19:00,columbus,ms,us,triangle,900.0,10-15 min,Two people view triangular hovering object.,5/9/2003,33.4955556,-88.4272222
8/17/1999 23:34,marmora,nj,us,light,20.0,10-20 seconds,Erratic Light In The Sky,8/30/1999,39.2666667,-74.6452778
10/9/2000 18:45,border,wy,,teardrop,480.0,5 to 8 minutes,"We saw a big, bright, white teardrop that seemed to rotate/shift its light and a second object seemed to split from this one.",12/2/2000,35.579392,-94.461373
8/8/2011 10:30,kearns,ut,us,chevron,900.0,15 + minutes,"Blue, purple and green craft hovering and flying up and down around Kearns, UT 8/8/2011",8/21/2011,40.66,-111.9955556
7/15/2006 0:56,sturgeon bay (north of),wi,us,light,900.0,15 + minutes,"A moving light traveled in many directions, zig-zagging and stopping over the waters of Green Bay  - high level of activity.",7/16/2006,44.8341667,-87.3769444
6/20/1999 2:34,lathorp (near manteca),ca,,sphere,5.0,5 seconds,"Lathorp near Mantica 2:34am Sun 6/20/99 driving W on 205 two mi before city limit of Tracy, approx 1200 ft S of 205 FWY I noted a singl",7/5/1999,37.822705,-121.27661
11/5/2006 18:00,panama city,fl,us,circle,10.0,10 sec to 15 sec,"reddish ,orange light orb over bayou george panama city florida",12/7/2006,30.1586111,-85.6602778
10/19/2007 21:14,clinton township,mi,,disk,300.0,5 minutes,"Silver Saucer Seen, Also Heard ""Alien"" Type Noises",11/28/2007,42.586888,-82.919551
4/4/2006 2:00,frazier park,ca,us,circle,60.0,1:00 minute,"The Love of my Life is snoring so I can’t sleep, I go into the kitchen and watch the snow fall, and it is 1:00 A.M. A star is trying to",5/15/2006,34.8227778,-118.9438889
8/2/2005 18:21,exeter,nh,us,cigar,240.0,4 min,"cigar shaped, silver craft",9/2/2005,42.9813889,-70.9483333
2/5/2006 23:00,yucaipa,ca,us,sphere,60.0,1 minute,Orangish Light emitting flashes or sparks,3/11/2006,34.0336111,-117.0422222
7/22/2004 23:10,portland,or,us,circle,8.0,8 seconds,Around 11:10 p.m. on July 22񫺔 my boyfriend and I were out watching satelites on our front lawn.  As I looked to my right I exclaime,8/11/2004,45.5236111,-122.675
12/5/2005 17:25,richland,wa,us,triangle,30.0,30 seconds,"Triangle over Richland, WA",12/16/2005,46.2858333,-119.2833333
12/19/2005 16:45,columbia,ms,us,fireball,900.0,apx 15 min's,Object's light looks like a meteor falling in Earth;s atmosphere,2/14/2006,31.2516667,-89.8375
3/6/2013 19:55,eugene,or,us,other,10800.0,3 hours,"Round red, yellow and blue flashing ball seen by myself and my friend 5 miles away.  ((NUFORC Note:  Possible twinkling star??  PD))",5/15/2013,44.0522222,-123.0855556
3/16/2010 20:10,pont sur yonne (france),,,light,5.0,5 sec,"White light over Sens, France",4/13/2010,48.287803,3.203991
4/11/2014 23:00,parrish,fl,us,,7200.0,2 hours,Strange rumble/jet engine noise followed by orange/red glow on horizon.,4/18/2014,27.5872222,-82.4252778
11/29/2006 0:05,salisbury north (australia),,,triangle,180.0,3 minutes,sighted huge triagular ufo with white lights each corner plus large red light centre misty light trail at rear,12/7/2006,51.068785,-1.794472
7/31/2001 23:29,coleman,wi,us,circle,2.0,seconds,"July 31, 01 large blue light,red tail, 23:29",8/12/2001,45.065,-88.0341667
1/1/1968 22:00,da nang (viet nam),,,unknown,600.0,10 min,"Silent, slow moving light that eventually took off very fast.",9/17/2000,16.054407,108.202167
7/5/2010 22:00,linton,in,us,fireball,240.0,4 mins,Orange glowing ball going across the sky about 50ft above me!,7/10/2010,39.0347222,-87.1658333
3/5/2005 18:55,fayettville,tn,,fireball,30.0,30seconds,Green fireball shoots across the sky in southern TN,5/11/2005,35.152027,-86.570551
9/3/2011 15:00,black diamond,wa,us,teardrop,120.0,2 minutes,"Was traveling East on Hiway 18 just before black Diamond, Saw a black upside down teardrop shape object above treetops north from hiway",10/10/2011,47.3088889,-122.0019444
8/14/2001 2:30,sault ste. marie,mi,,unknown,180.0,3 minutes,Sounded like an aircraft low in the sky flying and then combination of beeps and bells like it was hovering and sped off.,8/20/2001,46.521858,-84.34609
7/1/2000 21:00,phoenix,az,us,formation,120.0,1 or 2 minutes,"The lights stretched out in a arc type fashion, stationary, evenly spaced and appeared to be as big as Camelback Mountain.",6/18/2004,33.4483333,-112.0733333
8/25/2008 3:00,st. louis,mo,us,disk,2.0,seconds,Near light speed flying metallic shining energy charged saucer on a road to a city that is located between west and east bumblefudge,5/12/2009,38.6272222,-90.1977778
6/1/1969 22:00,athens,ny,us,rectangle,180.0,3 minutes,Rectangle shaped object was huge dark colored with some white lights. Oddly quiet and fast.,1/16/2014,42.2602778,-73.81
9/14/2009 21:00,burlington,ma,us,unknown,5400.0,90 minutes,Multicolored object moving vertically and horizontally without sound. ((NUFORC Note:  Possible twinkling star??  PD)),12/12/2009,42.5047222,-71.1961111
7/4/2012 23:30,lexington,ky,us,light,120.0,2 minutes,Two red lights seen moving near each other until disappearing.,8/5/2012,37.9886111,-84.4777778
1/1/2002 19:00,el paso (100 miles outside),tx,us,unknown,15.0,about 15 sec,biazzare lights in the desert where there were no living things,4/25/2002,31.7586111,-106.4863889
5/16/2011 22:05,vancouver (canada),bc,ca,triangle,600.0,for ten minutes,"((HOAX??))  I was look out side my window when I saw 3 lights floating outside, all of them where yellow, and in a triangle formation",3/13/2012,49.25,-123.133333
6/16/2003 15:00,windsor (canada),on,ca,changing,45.0,40-45 seconds,"I do nature photography. Yesterday June 16/13 I saw an object in the sky, it looked about 350 ft in the air.  Flew directly over head i",7/3/2013,45.583333,-72.0
11/5/2013 21:28,mayflower,ar,us,triangle,1300.0,21:40,Bright light v shaped craft.,11/11/2013,34.9569444,-92.4272222
11/13/2011 17:30,moriches bay area,ny,,sphere,45.0,45 seconds,"Two huge red spheres over Moriches, Long Island, witnessed by officer.",3/13/2012,40.712784,-74.005941
9/15/2003 18:00,morris plains,nj,us,formation,2400.0,25-40 minutes,"Four sets of four circular, white globes, in ""infinity""",3/4/2008,40.8216667,-74.4813889
12/15/2010 3:00,emory-yantis,tx,,light,7200.0,2 hours,flashing lights in a certain spot in sky seeming to communicate with one another.,12/12/2011,32.930399,-95.574956
6/25/2010 23:35,utica,ny,us,light,60.0,about one minute,Fast  moving light seen from passenger jet over upstate NY,7/6/2010,43.1008333,-75.2330556
7/29/2013 21:45,tacoma (northeast area),wa,us,sphere,5.0,5 seconds,Orange glowing sphere seen flying from the direction of The Cascade Mountains then over house.,8/30/2013,47.2530556,-122.4430556
8/1/1964 19:30,samuel-/bardstown,ky,,fireball,900.0,15 minutes,Fireball slowly decended to fence row and rolled on the ground slowly then back into the air,12/19/2003,37.809228,-85.466902
8/8/2010 19:00,granite city,il,us,light,30.0,30 seconds,"bright light, stationary,seemed to kind of roll then slowly dissapeared,",8/24/2010,38.7013889,-90.1486111
10/25/2013 19:50,padang (west sumatra) (indonesia),,,light,7200.0,2 hours,Thursday 25 Oct 2013 at 1950pm cyrcle with lights around flying and stand still for 2 hrs in the sky of Padang West Sumatra,11/11/2013,-0.95,100.353056
12/31/2010 21:00,temecula,ca,us,fireball,240.0,3-4 minutes,"Seven bright, orange, round lights on New Year's Eve 2010",1/31/2011,33.4936111,-117.1475
5/15/1998 4:30,puerto banus (spain),,,circle,60.0,app. 1 minute,A star like shape but much brighter.,12/5/2001,36.4875,-4.9525
10/19/2013 22:30,jupiter,fl,us,light,300.0,5 minutes,2 orange/yellow round lights traveling slowly one after the other from east to west until disappearing into the clouds.,10/23/2013,26.9338889,-80.0944444
7/4/2005 20:00,colorado springs,co,us,circle,60.0,1 minute,Golden orb seen over Colorado Springs,7/13/2005,38.8338889,-104.8208333
1/8/2007 19:00,newington,ga,us,light,6.0,6 seconds,Strange glowing green object falling from the sky.,2/1/2007,32.59,-81.5041667
11/11/2004 12:30,sioux falls (near),sd,us,light,300.0,approx. 5 mins,"My husband and I were driving south on Interstate 29 going to Sioux Falls. When we were about 6-7 miles north, of the city, I was looki",12/3/2004,43.55,-96.7
9/20/1994 22:00,higginsville,mo,us,other,900.0,15 minutes,We saw what we thought was a star that kept moving around and disappeared.,12/16/1999,39.0725,-93.7169444
7/27/2008 22:10,lexington,va,us,sphere,3.0,2-3 seconds,White light witnessed from aircraft is seen traveling at an extremely high speed,8/12/2008,37.7838889,-79.4430556
12/25/2006 18:30,porterville,ca,us,light,300.0,3-5 min,orange glow that droped what looked like fireworks twice and the fadded away,2/1/2007,36.0652778,-119.0158333
2/13/2012 21:00,north ogden,ut,us,sphere,300.0,5 minutes,Weird moving ball of light/craft?,3/13/2012,41.3072222,-111.9594444
7/4/2012 22:50,allyn,wa,us,fireball,180.0,3 minutes,Bright organe and red and disapeared with not a cloud in the sky,8/5/2012,47.3858333,-122.8263889
4/8/2007 22:00,new milford,ct,us,light,604800.0,1 week,Formation reapper/dissapear in the night sky.  ((NUFORC Note:  Possible sighting of Venus.  PD)),4/27/2007,41.5769444,-73.4088889
7/11/2003 0:45,forestill,mo,,unknown,1800.0,30 minuites,MISSOURI INVESTIGATORS GROUP Report:  Large object with smaller objects in vicinity and close to ground.,9/2/2005,38.81505,-90.955972
12/15/2008 22:00,windsor,mo,us,light,3.0,3 seconds,Strange flashing green light outside of Windsor on South 52 one mile from city limits,4/14/2009,38.5322222,-93.5219444
9/22/2012 21:50,dublin,oh,us,rectangle,300.0,5 minutes,9/22/2012 Saw around 20 objects that changed stages.,10/30/2012,40.0991667,-83.1141667
10/18/2003 13:30,fair oaks,ca,us,disk,240.0,4 min,"I saw a disk shaped black and white very sleek and shiny, at least a 1/4 mile in front of me able to travel very slow or very rapid",10/31/2003,38.6447222,-121.2711111
6/18/2005 18:15,chicago,il,us,circle,300.0,5 minutes,Neighbor caught some UFOs  2 bright white circular round objects flying over Chicago on his new digital video camera Saturday evening.,6/20/2005,41.85,-87.65
10/30/2003 4:00,solon,oh,us,other,10.0,10 seconds,Cream (light tan) colored half circle  near Richmond Rd. Aurora Rd Intersection north of Hillcrest Memorial Park Cemetary.,11/11/2003,41.3897222,-81.4413889
2/15/1992 23:30,baumholder (germany),,de,triangle,1800.0,30min,three red lights/triangle pattern/gust blackness between the three lights..,11/20/2001,49.616667,7.333333
7/2/2011 23:00,friendship,wi,us,sphere,180.0,2-3 minutes,"Bright orange light over Friendship, WI.",7/6/2011,43.9705556,-89.8166667
8/12/2001 18:30,singapore,,,fireball,900.0,15 min,This was reported on Channel News Asia (www.channelnewsasia.com.sg).  http://sg.cna.mediacorpnews.com/articles/2001/08/14/singaporenews,8/20/2001,1.352083,103.819836
12/21/2005 21:00,georgetown,tx,us,circle,7200.0,2 hours,"Expanding/retracting spherical object sighted in southwestern sky.  ((NUFORC Note:  We suspect a celestial body, possibly Venus.  PD))",2/14/2006,30.6325,-97.6769444
3/10/2010 3:00,west liberty,il,us,triangle,2700.0,45min,A star wars aeronautic spectacle.,4/13/2010,39.8794444,-91.1077778
7/27/2001 0:20,goderich (canada),on,ca,formation,7.0,7 seconds,"The two objects in formation left no trail , sound or other noticables.",8/5/2001,43.733333,-81.7
7/25/1998 21:00,vancouver,wa,us,triangle,900.0,15 min,close encounter at the clark county fair,8/5/2001,45.6388889,-122.6602778
7/10/1997 13:00,onalaska,wi,us,sphere,30.0,30 secs,"Silver ball, became stationary and shot at a sharp right angle at a high rate of speed and disappeared",1/28/1999,43.8844444,-91.235
7/27/2013 21:10,draper,ut,us,triangle,3.0,3 seconds,"Triangular, translucent object seen in Draper sky",8/30/2013,40.5247222,-111.8630556
6/1/1984 13:00,elmendorf afb,ak,,diamond,900.0,15 minutes,Observed red-diamond-shaped object with C-90 telescope on tripod.  Object was motionless at an altitude of approximatiely One Thousand,2/16/2000,61.252563,-149.808326
6/22/2005 14:00,centerville,oh,us,other,900.0,15 minutes,15 objects were doing maneuvers and then 9 objects flew at a very slow speed in pattern over our heads.,7/5/2005,39.6283333,-84.1594444
6/15/2013 23:30,issaquah,wa,us,other,120.0,2 minutes,Red glowing UFO about South side of Squak mountain in Issaquah WA,7/3/2013,47.5302778,-122.0313889
9/18/1986 16:00,owensboro,ky,us,cylinder,180.0,approx 3 minutes,"""Baton-shaped"" object moving end-over-end in clear afternoon sky.",9/17/2000,37.7741667,-87.1133333
4/16/2006 9:54,hoover,al,us,other,240.0,4 min,2 different ships 2 different days,5/15/2006,33.4052778,-86.8113889
7/7/2010 22:30,dyer,tn,us,triangle,300.0,5 minutes,strange triangle formation flying in the night sky **PLEASE READ**,7/10/2010,36.0666667,-88.9938889
3/14/2005 23:00,bluefield,wv,us,other,20.0,15 to 20 seconds,"dark to light brown ""rounded boomerrang"" or crescent moon shaped object moves silently overhead.",5/11/2005,37.2697222,-81.2225
8/14/2009 23:50,litchfield,ct,us,fireball,5.0,5 seconds,"Sparkling green fireball shooting over Litchfield CT.  ((NUFORC Note:  Possible meteor, we suspect.  PD))",8/27/2009,41.7472222,-73.1891667
10/15/2012 22:00,st. cloud,mn,us,formation,30.0,30 seconds,One becomes three three becomes six.,5/15/2013,45.5608333,-94.1622222
1/26/2008 18:15,los angeles,ca,us,rectangle,300.0,5 minutes,1-28-08 5 Large burning pieces entering atmosphere over Los Angeles,2/14/2008,34.0522222,-118.2427778
11/9/2007 22:45,redding,ca,us,unknown,240.0,4 minutes,"Burning object in Night Sky over Redding, CA 11/09/2007.",11/28/2007,40.5866667,-122.3905556
11/3/2007 19:30,benson,nc,us,triangle,1.0,1 second,"I saw a very brief sighting, of what I would describe as a stealth craft. It was dark gray colored, and the best that I could tell, was",11/28/2007,35.3819444,-78.5488889
1/8/2003 16:30,wauwatosa,wi,us,,5.0,5 sec,Bird flys into Transparent Craft/Ship,3/4/2003,43.0494444,-88.0075
7/30/2002 22:00,graham,nc,us,circle,3600.0,1 hour,Spastic stars,8/16/2002,36.0688889,-79.4008333
7/11/2013 21:54,st. charles,mo,us,light,540.0,9 minutes,Hovering crafts dropping colored balls,7/14/2013,38.7838889,-90.4811111
11/18/2005 20:00,county durham (uk/england),,gb,light,1800.0,30 minutes,six lights in the moors flashing at each other.,12/16/2005,54.766667,-1.566667
10/2/1999 1:45,alhambra,ca,us,light,3.0,3 seconds,Luminous green object seen in slow descent before winking out.,10/19/1999,34.0952778,-118.1261111
4/14/2011 20:00,richmond,va,us,disk,60.0,1 minute,UFO Found in Moon Pictures,5/2/2011,37.5536111,-77.4605556
12/11/2007 21:00,madison,al,us,circle,540.0,9 minutes,"Small , violet-blue, quiet u.f.o. moves and hovers around grocery store parking lot in Madison, Alabama.",3/4/2008,34.6991667,-86.7483333
10/28/1998 23:10,sherwood,ar,us,other,1800.0,20-30 min,"It was about 100-120 feet away.  It was about the size of a mini-van.  It was an oblong light.  It was not shining, but rather glowing.",4/26/1999,34.815,-92.2241667
7/15/1978 22:30,regina (canada),sk,ca,light,240.0,3-4 minutes,Stationary Lights which then separated and disapeared,4/27/2007,50.45,-104.616667
7/1/2007 5:30,placerville,ca,us,light,30.0,30 seconds,1-2 sized orange light orb flew out of my throat and mouth.,2/4/2013,38.7297222,-120.7975
7/21/2000 12:20,sheffield (near) (uk/england),,gb,disk,45.0,3/4mins,Craft was above my car. It was disc shaped and threw out a hundred speckled lights. It moved away slowly.,7/23/2000,53.366667,-1.5
11/23/2002 5:22,swaledale,ia,us,circle,300.0,5 minutes,A moving circle of white light,12/23/2002,42.9786111,-93.3166667
6/14/2001 22:00,orinda,ca,us,changing,600.0,10 min,"IT was 6/14/02, I had just woken up from a nasty dream about scary stuff, and I notice these three glowing things in the sky. I discard",10/15/2002,37.8772222,-122.1786111
3/13/2004 20:30,tumwater,wa,us,unknown,1200.0,20 minutes,A brilliant gold light over the Black Hills in the west. It did not move and remained there for 20 minutes then dissapppeared.,3/17/2004,47.0075,-122.9080556
7/25/2009 22:00,indianapolis,in,us,disk,240.0,3 to 4 minutes,"At 10:00 p.m. EST on 7-25-09, 20 to 30 yellowish disks were observed  travelling accross the northern sky near Indianapolis.",8/5/2009,39.7683333,-86.1580556
3/17/2006 20:00,nanuet,ny,us,oval,1200.0,20 minutes,My grandparents were just pulling into the driveway and I went outside to meet them.  I was helping them take suitcases out of the trun,5/15/2006,41.0886111,-74.0138889
9/20/2009 20:15,franklin,nh,us,disk,10.0,7  to 10 seconds,"I was driving on route 127 towards Franklin from the Sanborton area. I was with 2 friends. We had just passed the damn, on our right wa",12/12/2009,43.4441667,-71.6477778
9/18/2005 20:30,dayton,oh,us,fireball,60.0,1minute,A fireball in the southwestern hemosphere that was five times the size of a planet that lasted for 60 seconds,10/11/2005,39.7588889,-84.1916667
3/12/2011 7:30,santa cruz,ca,us,oval,5.0,5 seconds,"Me and My friend saw a UFO, just astonished!",5/13/2012,36.9741667,-122.0297222
10/14/2005 9:35,san antonio,tx,us,other,300.0,5 minutes,Didn't really look like a craft. Maybe something biomorphic?,10/20/2005,29.4238889,-98.4933333
3/4/2008 1:15,milton,ma,us,unknown,1.0,1 second,Clearly visible light/object flew just above the tree line  at an amazing speed into the horizon.,3/4/2008,42.2494444,-71.0666667
6/12/2009 23:00,fort collins,co,us,light,120.0,2 minutes,"Amber light floating in one place, deposited several blue or green lights for 2 minutes before drifting away.",8/5/2009,40.5852778,-105.0838889
1/11/2012 17:01,collinsville,il,us,unknown,180.0,2-3 minutes,"Object in the sky not moving, changing light colors from red, blue and pink. Numerous sides.",1/12/2012,38.6702778,-89.9844444
9/15/2009 22:30,renton,wa,us,sphere,45.0,45 seconds,Two brown spherical objects rotating around each other,12/12/2009,47.4830556,-122.2158333
2/16/2013 20:00,fairlawn,oh,us,unknown,300.0,5 minutes,Red-orange lights over Ohio 18 / State Road.,2/18/2013,41.1277778,-81.61
9/24/1998 22:35,north pole,ak,us,sphere,600.0,10 minutes,"Two Orange sphere appeared low on horizon just to left of North Star.  One was hidden during filming I believe by trees.  They hovered,",9/26/1998,64.7511111,-147.3494444
8/12/2005 1:00,whitby (canada),on,ca,other,2.0,1-2 seconds,"MY husband and I were sitting in our backyard last Friday night around 1am. I looked up at the sky, it was a clear night and you could",9/2/2005,43.866667,-78.933333
5/7/2006 0:00,idaho falls,id,us,triangle,60.0,1 minute,A BIG TRIANGULAR  OBJECT,10/30/2006,43.4666667,-112.0333333
2/18/2012 22:30,pembroke,nh,us,light,15.0,15 seconds,Witnessed 2 red lights in formation proceeding slowly NW to SE.  After covering about one third of the sky they suddenly went out toget,3/13/2012,43.1466667,-71.4580556
3/30/2008 22:30,sayville,ny,us,disk,360.0,6 minutes,"circular disk with smaller circular top pulsating red, green and bluish lights alternately (which differs from planes). moved slowly ac",3/31/2008,40.7358333,-73.0825
7/26/2006 3:00,colinga (near),ca,,light,300.0,5 minutes,LIGHTS SEEN ON 5 NORTH NEAR COALINGA,10/30/2006,36.139678,-120.36015
10/4/2007 21:00,toledo,oh,us,light,600.0,10 minutes,Unknown Lights above The Maumee River,10/8/2007,41.6638889,-83.5552778
5/8/2011 21:50,west palm beach,fl,us,light,5.0,5 seconds,"ok was outside, noticed the sky looked a bit brighter, then what i thought e=was a star began to move  .  not fast but unusual because",5/12/2011,26.7052778,-80.0366667
4/13/2005 14:15,somerset,nj,us,cigar,120.0,2 mins.,I saw a dull white cigar shaped UFO at 2:15 pm flying horizontal in a crystal clear blue sky.,2/24/2007,40.4975,-74.4888889
5/20/2006 1:20,newcastle upon tyne (uk/england),,gb,unknown,10.0,8-10  seconds,Well I was watching a movie with my girlfriend.We live on the sixth floor of an 8 storey building. All of a sudden a very bright light,7/16/2006,54.988056,-1.619444
