network_packet_size,login_attempts,session_duration,ip_reputation_score,failed_logins,unusual_time_access,attack_detected,protocol_type_ICMP,protocol_type_TCP,protocol_type_UDP,encryption_used_AES,encryption_used_DES,encryption_used_None,browser_type_Chrome,browser_type_Edge,browser_type_Firefox,browser_type_Safari,browser_type_Unknown
599,4,492.9832634,0.60681808,1,0,1,0,1,0,0,1,0,0,1,0,0,0
472,3,1557.996461,0.301568968,0,0,0,0,1,0,0,1,0,0,0,1,0,0
629,3,75.04426166,0.739164328,2,0,1,0,1,0,0,1,0,1,0,0,0,0
804,4,601.2488352,0.123267176,0,0,1,0,0,1,0,1,0,0,0,0,0,1
453,5,532.5408884,0.054873857,1,0,0,0,1,0,1,0,0,0,0,1,0,0
453,5,380.4715502,0.422485861,2,1,0,0,0,1,1,0,0,1,0,0,0,0
815,4,728.1071647,0.413771929,1,0,1,1,0,0,1,0,0,1,0,0,0,0
653,3,12.59990601,0.097719366,3,1,1,0,1,0,0,1,0,1,0,0,0,0
406,2,542.5588952,0.294579688,0,1,0,0,1,0,0,0,1,1,0,0,0,0
608,6,531.9441066,0.424116564,1,0,0,0,0,1,0,0,1,1,0,0,0,0
407,6,580.7219254,0.122893739,3,0,1,0,0,1,0,1,0,0,0,1,0,0
406,9,191.0528369,0.339711271,1,0,1,0,0,1,0,1,0,0,1,0,0,0
548,2,186.1476383,0.406898633,2,1,0,0,1,0,0,0,1,0,0,0,1,0
117,4,833.4889649,0.473291905,2,0,1,0,1,0,0,1,0,0,0,0,0,1
155,3,77.84995157,0.352475575,3,0,1,0,1,0,0,0,1,1,0,0,0,0
387,6,292.136196,0.254912451,3,0,1,1,0,0,0,1,0,1,0,0,0,0
297,8,1421.414372,0.345367552,3,0,1,0,1,0,1,0,0,0,0,1,0,0
562,1,87.64100169,0.13672919,2,0,0,0,0,1,0,0,1,0,0,1,0,0
318,5,504.98867,0.394231457,1,0,1,0,1,0,1,0,0,0,0,0,0,1
217,2,883.6175678,0.310113157,0,0,0,1,0,0,0,1,0,1,0,0,0,0
793,3,122.1894142,0.369324649,2,0,0,0,1,0,1,0,0,0,0,1,0,0
454,1,299.711548,0.373874592,1,0,0,0,1,0,0,0,1,1,0,0,0,0
513,3,654.5261426,0.497029544,1,0,0,0,1,0,1,0,0,0,0,1,0,0
215,8,317.0788581,0.461950842,2,0,1,0,1,0,1,0,0,1,0,0,0,0
391,5,93.171125,0.536245189,2,0,0,0,1,0,1,0,0,0,0,1,0,0
522,4,211.5958425,0.107898558,3,0,1,0,1,0,1,0,0,0,0,1,0,0
269,9,92.70169297,0.506819426,0,0,1,0,1,0,0,0,1,1,0,0,0,0
575,3,3286.221728,0.420471185,0,0,0,0,1,0,0,1,0,1,0,0,0,0
379,2,214.9821223,0.786315444,2,0,1,0,0,1,1,0,0,1,0,0,0,0
441,7,604.9615523,0.336031848,0,0,1,0,1,0,1,0,0,0,0,1,0,0
379,1,447.6233073,0.099389819,0,0,0,0,1,0,0,1,0,1,0,0,0,0
870,2,674.2716308,0.272086841,1,0,1,0,0,1,0,1,0,1,0,0,0,0
497,1,551.469339,0.035139253,1,1,0,0,1,0,0,0,1,1,0,0,0,0
288,2,1039.101186,0.110269439,3,0,1,1,0,0,1,0,0,1,0,0,0,0
664,6,1650.942099,0.391544209,2,1,0,0,1,0,0,0,1,1,0,0,0,0
255,2,268.713238,0.517336177,1,1,0,0,1,0,1,0,0,1,0,0,0,0
541,5,162.2873081,0.137975823,2,0,0,0,1,0,0,0,1,1,0,0,0,0
108,7,3325.308689,0.079509322,2,0,1,0,1,0,1,0,0,0,0,1,0,0
234,5,1608.365097,0.64590426,4,0,1,0,1,0,0,1,0,0,0,1,0,0
539,4,361.9425946,0.30878996,0,0,0,0,1,0,0,1,0,1,0,0,0,0
647,2,1801.413259,0.299184039,1,0,0,0,1,0,0,0,1,1,0,0,0,0
534,4,888.2555882,0.036752136,3,0,1,0,1,0,1,0,0,1,0,0,0,0
476,4,460.1784563,0.397419462,2,0,0,0,1,0,0,1,0,0,1,0,0,0
439,5,1653.516944,0.245313115,2,0,0,0,1,0,0,0,1,1,0,0,0,0
204,4,899.840303,0.33732114,1,0,0,0,1,0,0,1,0,1,0,0,0,0
356,2,1401.037266,0.672976828,1,0,1,0,1,0,0,1,0,1,0,0,0,0
407,7,432.697683,0.081769711,3,1,1,0,1,0,0,1,0,0,1,0,0,0
711,5,1282.428571,0.207445484,2,0,1,0,1,0,1,0,0,0,1,0,0,0
568,6,365.7355549,0.534368332,2,0,1,0,1,0,1,0,0,0,0,0,0,1
147,1,1062.65915,0.263372632,1,0,0,0,1,0,1,0,0,0,1,0,0,0
564,2,457.4952009,0.219704732,1,1,0,0,1,0,0,0,1,0,1,0,0,0
422,5,415.6167951,0.466324168,1,0,0,0,1,0,1,0,0,1,0,0,0,0
364,5,1274.194239,0.870833689,2,0,1,0,1,0,1,0,0,0,0,1,0,0
622,6,106.8587436,0.32988897,1,1,1,0,1,0,0,0,1,0,0,1,0,0
706,4,2107.197167,0.465856259,2,1,0,0,1,0,0,1,0,0,1,0,0,0
686,3,568.5288982,0.613643254,1,0,1,0,1,0,0,1,0,0,0,1,0,0
332,2,808.6446595,0.174245482,2,0,0,0,1,0,1,0,0,1,0,0,0,0
438,4,415.7067631,0.217234637,1,0,0,0,1,0,0,1,0,1,0,0,0,0
566,5,830.4834648,0.602850193,1,0,1,0,0,1,0,1,0,0,0,1,0,0
695,1,989.8897961,0.259418552,2,0,1,0,0,1,1,0,0,0,1,0,0,0
404,9,1622.860871,0.23567555,2,0,1,0,1,0,0,1,0,1,0,0,0,0
462,5,1541.39677,0.040019183,2,0,0,0,1,0,1,0,0,1,0,0,0,0
278,8,354.3027102,0.511602646,2,0,1,0,1,0,1,0,0,0,1,0,0,0
260,6,765.383721,0.540234287,1,0,0,0,0,1,1,0,0,1,0,0,0,0
662,3,1213.404212,0.454412186,1,0,0,0,1,0,0,0,1,0,0,0,1,0
771,6,1158.071232,0.135778505,2,1,0,1,0,0,0,0,1,1,0,0,0,0
485,5,1772.622948,0.436298742,2,0,0,0,1,0,0,0,1,1,0,0,0,0
700,6,1426.764225,0.199766631,4,0,1,0,1,0,0,1,0,1,0,0,0,0
572,10,1012.269951,0.164457348,1,0,1,0,1,0,0,1,0,1,0,0,0,0
370,1,1105.380602,0.408653717,2,0,1,0,1,0,1,0,0,1,0,0,0,0
572,6,1317.893595,0.205391788,0,0,0,0,1,0,1,0,0,0,1,0,0,0
807,3,1455.57678,0.627154755,0,0,1,0,1,0,1,0,0,0,0,0,0,1
492,4,347.9180542,0.263864328,1,0,1,0,1,0,1,0,0,0,1,0,0,0
812,7,1217.91392,0.651720998,2,0,1,0,0,1,0,1,0,1,0,0,0,0
64,6,2384.028669,0.512511543,1,0,0,0,1,0,0,0,1,1,0,0,0,0
664,3,212.1765961,0.105560286,0,0,0,0,1,0,0,0,1,1,0,0,0,0
517,5,39.54966375,0.336033753,1,0,1,0,1,0,0,1,0,0,1,0,0,0
440,5,60.12054049,0.346652348,1,0,0,0,0,1,0,1,0,1,0,0,0,0
518,7,195.4101799,0.447208836,0,0,1,0,0,1,1,0,0,1,0,0,0,0
102,3,2018.489323,0.20807832,2,0,0,0,1,0,0,0,1,0,1,0,0,0
456,5,108.4689356,0.10976251,2,0,0,0,1,0,0,1,0,0,0,1,0,0
571,5,1101.401768,0.481822214,2,1,0,0,1,0,0,1,0,1,0,0,0,0
795,6,1614.18861,0.179652028,2,0,1,0,1,0,1,0,0,1,0,0,0,0
396,6,1679.852697,0.610744011,0,0,1,0,1,0,0,0,1,1,0,0,0,0
338,2,431.3095535,0.32548557,1,0,0,0,0,1,1,0,0,0,1,0,0,0
399,3,546.9722169,0.59543355,0,0,0,0,1,0,0,0,1,1,0,0,0,0
683,5,312.3613276,0.341571913,3,0,1,0,1,0,1,0,0,0,0,1,0,0
565,8,127.5196421,0.198150388,2,1,1,0,1,0,1,0,0,1,0,0,0,0
394,4,190.7796533,0.384014995,1,0,1,0,0,1,1,0,0,1,0,0,0,0
602,4,115.8219298,0.282699535,1,1,1,0,1,0,1,0,0,1,0,0,0,0
519,3,418.7535921,0.507471856,2,1,0,0,1,0,1,0,0,0,0,1,0,0
693,4,149.3968243,0.746532992,2,0,1,0,1,0,0,1,0,0,1,0,0,0
359,4,413.2077482,0.39613548,3,0,1,0,1,0,1,0,0,1,0,0,0,0
434,7,1524.06328,0.265375088,0,0,1,0,0,1,0,1,0,0,0,1,0,0
421,7,850.2462962,0.736307167,3,0,1,0,1,0,0,1,0,0,0,0,1,0
207,4,869.5488497,0.180195229,3,0,1,0,0,1,1,0,0,0,0,1,0,0
559,3,1336.480972,0.280459505,1,0,0,0,1,0,1,0,0,0,0,0,1,0
552,2,33.65280381,0.311972498,0,0,0,0,1,0,1,0,0,0,0,1,0,0
501,3,1265.88981,0.359586098,2,0,0,0,0,1,1,0,0,0,0,1,0,0
453,5,174.8719898,0.439698956,2,0,0,0,1,0,1,0,0,0,0,1,0,0
216,6,339.6289337,0.792908724,0,0,1,0,1,0,1,0,0,0,1,0,0,0
415,2,294.5849672,0.204681271,3,0,1,0,1,0,1,0,0,1,0,0,0,0
431,2,89.33142788,0.021302683,2,0,0,0,1,0,1,0,0,0,0,1,0,0
339,3,152.6475055,0.408680982,2,0,0,0,1,0,0,1,0,0,0,1,0,0
467,1,2505.190225,0.20998862,2,0,0,1,0,0,1,0,0,1,0,0,0,0
580,3,733.5772845,0.24224525,2,0,0,1,0,0,0,1,0,1,0,0,0,0
877,4,513.9203055,0.181515664,0,0,1,0,1,0,0,0,1,0,1,0,0,0
534,4,1134.375925,0.635654906,2,0,1,0,1,0,0,0,1,1,0,0,0,0
551,5,1344.486704,0.215335639,0,0,0,0,1,0,0,1,0,0,0,1,0,0
485,6,93.46336108,0.406331228,2,0,0,0,1,0,0,1,0,1,0,0,0,0
116,4,1080.449674,0.46236871,0,0,0,0,1,0,1,0,0,0,1,0,0,0
494,6,2155.276873,0.408226133,1,0,0,0,1,0,1,0,0,0,0,1,0,0
512,6,704.4224885,0.221273259,1,1,0,0,1,0,0,1,0,1,0,0,0,0
992,2,761.8596818,0.042538989,1,0,0,0,1,0,0,1,0,0,0,1,0,0
461,3,1634.686998,0.090224415,1,0,1,0,1,0,0,1,0,0,1,0,0,0
560,5,910.2548698,0.29384813,2,0,0,0,1,0,0,1,0,1,0,0,0,0
493,1,4282.643311,0.427157044,1,0,0,0,0,1,0,1,0,0,0,0,0,1
266,5,265.801795,0.310699613,2,1,1,0,1,0,0,0,1,0,0,0,1,0
728,9,1493.948385,0.344070749,0,0,1,0,1,0,0,1,0,1,0,0,0,0
650,9,758.2441511,0.397054059,1,1,1,0,1,0,0,0,1,1,0,0,0,0
658,3,364.2314265,0.422818254,1,0,0,0,1,0,0,1,0,1,0,0,0,0
318,2,1716.873183,0.173547597,1,0,0,0,1,0,0,1,0,0,1,0,0,0
780,5,4468.001253,0.513376979,1,0,0,0,1,0,0,0,1,1,0,0,0,0
219,4,47.67208919,0.083924523,3,1,1,1,0,0,0,1,0,0,0,1,0,0
617,5,2077.809327,0.756641279,1,0,1,0,1,0,1,0,0,0,0,1,0,0
938,5,181.6319084,0.328952529,2,0,0,0,1,0,1,0,0,0,0,1,0,0
301,6,183.7197583,0.263931384,2,0,0,0,1,0,1,0,0,0,0,1,0,0
386,1,34.12234568,0.292313203,1,1,0,1,0,0,0,0,1,1,0,0,0,0
519,8,2042.764959,0.233775326,3,0,1,0,0,1,1,0,0,1,0,0,0,0
399,6,1139.68906,0.717362731,1,0,1,0,0,1,1,0,0,1,0,0,0,0
189,1,43.94449987,0.324800802,2,0,0,0,1,0,1,0,0,1,0,0,0,0
513,3,803.0822653,0.145353831,0,1,0,1,0,0,1,0,0,1,0,0,0,0
287,6,102.3889242,0.063838808,1,0,1,0,1,0,0,0,1,1,0,0,0,0
594,9,1113.544883,0.201536376,1,0,1,0,1,0,1,0,0,0,0,1,0,0
316,3,420.8242964,0.101049712,0,0,1,0,0,1,0,1,0,1,0,0,0,0
809,4,42.53231749,0.18402175,1,0,1,0,0,1,1,0,0,0,0,0,0,1
343,5,1414.781847,0.109978895,3,1,1,0,1,0,1,0,0,0,1,0,0,0
435,4,679.6785161,0.251661491,3,0,1,0,1,0,1,0,0,0,0,0,1,0
662,1,1185.779775,0.506076781,2,0,0,0,1,0,1,0,0,1,0,0,0,0
253,1,897.9900819,0.238038682,4,0,1,0,1,0,0,1,0,0,0,0,0,1
545,4,455.8891209,0.262453772,3,0,1,0,1,0,1,0,0,0,0,0,0,1
761,1,959.6300159,0.177541302,2,0,0,1,0,0,1,0,0,1,0,0,0,0
178,3,11.89070051,0.286340689,1,1,0,0,1,0,1,0,0,0,1,0,0,0
536,3,332.0943081,0.703334184,0,0,1,0,0,1,0,1,0,0,0,1,0,0
551,3,1203.534189,0.117891497,2,0,0,0,0,1,0,1,0,1,0,0,0,0
656,5,1151.965106,0.345206646,1,0,0,0,1,0,1,0,0,1,0,0,0,0
252,4,1747.197406,0.306495936,0,0,1,0,0,1,1,0,0,0,0,1,0,0
235,3,755.4343689,0.250965986,3,0,1,0,1,0,1,0,0,1,0,0,0,0
604,3,2280.568942,0.803907588,0,0,1,0,1,0,0,0,1,1,0,0,0,0
559,3,652.635594,0.132526685,2,0,0,0,1,0,1,0,0,1,0,0,0,0
550,1,555.2444852,0.365041798,2,0,0,0,1,0,0,0,1,1,0,0,0,0
569,7,175.7362809,0.516714172,1,1,1,0,0,1,0,0,1,1,0,0,0,0
363,6,1207.082133,0.351040042,2,0,0,1,0,0,1,0,0,1,0,0,0,0
546,5,942.2728648,0.34365596,1,0,0,0,1,0,1,0,0,1,0,0,0,0
558,9,494.0766463,0.314431634,2,0,1,0,0,1,0,1,0,0,0,0,1,0
357,9,72.91081298,0.199537317,2,0,1,0,1,0,0,1,0,0,1,0,0,0
873,3,107.4675487,0.051226281,2,0,0,0,0,1,0,1,0,1,0,0,0,0
594,3,97.24720088,0.407685946,4,0,1,0,1,0,1,0,0,1,0,0,0,0
261,10,376.7703858,0.2406993,1,0,1,0,1,0,0,0,1,0,0,0,1,0
631,6,138.5095628,0.100603633,1,0,0,0,1,0,1,0,0,1,0,0,0,0
305,6,1577.716811,0.34691659,1,0,0,0,1,0,1,0,0,0,1,0,0,0
657,6,1836.854066,0.147279397,3,0,1,0,1,0,0,0,1,1,0,0,0,0
731,5,1554.637615,0.254922628,2,0,1,0,0,1,0,1,0,0,0,1,0,0
335,3,750.9414291,0.123096785,3,0,1,0,1,0,0,1,0,1,0,0,0,0
692,7,725.7763899,0.52319762,2,0,1,0,0,1,0,0,1,1,0,0,0,0
582,5,1772.568948,0.232832331,1,0,0,0,0,1,1,0,0,1,0,0,0,0
664,8,417.1159066,0.371064229,2,0,1,0,1,0,1,0,0,0,1,0,0,0
879,5,51.49798032,0.101001663,0,0,1,0,1,0,0,0,1,0,0,1,0,0
450,1,508.4962829,0.257770486,2,0,0,0,0,1,1,0,0,1,0,0,0,0
349,8,645.4298805,0.242800051,1,0,1,0,1,0,1,0,0,1,0,0,0,0
322,1,637.8327849,0.199911269,1,0,0,0,1,0,1,0,0,1,0,0,0,0
336,2,138.5347758,0.117115577,2,0,1,0,1,0,0,0,1,1,0,0,0,0
484,5,1223.810273,0.395754209,1,1,1,0,1,0,1,0,0,1,0,0,0,0
568,5,1053.315867,0.189134671,2,0,1,1,0,0,0,1,0,0,1,0,0,0
555,5,208.9390298,0.551708413,1,0,0,0,1,0,1,0,0,1,0,0,0,0
665,6,640.9945335,0.500371339,3,0,1,0,1,0,0,1,0,0,0,1,0,0
502,12,1249.769495,0.29821402,1,0,1,0,1,0,0,1,0,0,0,1,0,0
790,4,6.171441467,0.196972633,2,0,1,0,0,1,0,1,0,0,0,1,0,0
447,3,257.4377388,0.067681543,0,1,0,0,0,1,1,0,0,0,0,1,0,0
1044,4,510.9845737,0.500439394,2,0,0,0,1,0,1,0,0,0,1,0,0,0
625,1,1491.627244,0.229239608,3,0,1,0,1,0,1,0,0,1,0,0,0,0
328,4,1283.430038,0.279087731,2,0,0,0,1,0,0,0,1,1,0,0,0,0
285,7,130.9498296,0.25465667,2,1,1,0,1,0,0,1,0,1,0,0,0,0
596,2,497.0213241,0.117917916,2,0,0,0,1,0,1,0,0,1,0,0,0,0
455,2,290.6566795,0.404946429,2,0,0,1,0,0,0,0,1,0,0,1,0,0
642,1,410.5743325,0.25351395,2,0,0,0,1,0,0,0,1,1,0,0,0,0
594,4,622.3103995,0.811027788,2,0,1,0,1,0,1,0,0,1,0,0,0,0
485,4,553.4633423,0.091498377,2,0,0,0,0,1,0,1,0,1,0,0,0,0
330,2,122.1244353,0.550907729,0,0,0,0,1,0,1,0,0,0,1,0,0,0
197,7,103.8028281,0.444103087,2,0,1,0,1,0,1,0,0,0,1,0,0,0
410,5,111.6569627,0.391004361,1,0,0,0,1,0,1,0,0,0,1,0,0,0
671,4,1472.532658,0.109354345,3,0,1,0,1,0,0,1,0,0,0,0,0,1
542,5,16.10939608,0.310733074,1,1,0,0,0,1,1,0,0,0,0,1,0,0
250,4,180.9230958,0.175276251,1,0,0,0,1,0,1,0,0,1,0,0,0,0
534,7,2496.887261,0.245132296,1,0,1,0,1,0,0,1,0,1,0,0,0,0
577,5,54.64134539,0.299448435,1,0,0,0,1,0,0,0,1,0,1,0,0,0
323,5,29.59799365,0.277632762,1,0,0,0,0,1,0,1,0,1,0,0,0,0
530,5,391.9421775,0.301605386,2,0,0,0,1,0,0,1,0,0,0,1,0,0
511,2,131.1458838,0.13891479,2,0,0,0,1,0,1,0,0,1,0,0,0,0
271,3,667.3328622,0.08636302,3,0,1,1,0,0,0,1,0,1,0,0,0,0
571,5,330.6941724,0.098960584,0,0,0,0,1,0,0,1,0,0,0,1,0,0
612,3,187.5349142,0.534195673,2,0,0,0,0,1,0,1,0,0,0,0,1,0
716,3,5258.007877,0.080676186,2,0,0,0,1,0,0,0,1,1,0,0,0,0
710,2,333.7518061,0.371247348,3,0,1,0,1,0,0,1,0,0,0,1,0,0
224,5,819.5606828,0.26348398,2,0,0,0,1,0,0,1,0,0,1,0,0,0
312,4,1657.896733,0.23637224,1,0,0,0,1,0,1,0,0,1,0,0,0,0
603,8,2044.817851,0.651433788,3,0,1,0,1,0,1,0,0,1,0,0,0,0
602,7,422.2788269,0.21509486,3,0,1,0,1,0,1,0,0,0,1,0,0,0
603,1,2988.986788,0.276089652,2,0,0,0,1,0,0,1,0,1,0,0,0,0
1270,5,1031.523815,0.774615759,1,0,1,0,1,0,0,1,0,1,0,0,0,0
614,7,700.26444,0.148814945,3,0,1,0,1,0,1,0,0,1,0,0,0,0
727,2,945.4542593,0.651828634,1,0,1,1,0,0,1,0,0,1,0,0,0,0
690,8,357.2019171,0.212842269,1,0,1,0,1,0,0,0,1,1,0,0,0,0
630,3,441.8813258,0.33794037,2,0,0,1,0,0,1,0,0,0,1,0,0,0
436,2,706.0315238,0.359457451,0,0,0,0,1,0,1,0,0,1,0,0,0,0
651,7,316.6108122,0.273088318,2,0,1,0,1,0,1,0,0,1,0,0,0,0
345,3,1171.618343,0.382091434,1,1,1,0,1,0,0,0,1,0,0,0,0,1
452,4,231.3057527,0.17588986,3,0,1,0,0,1,1,0,0,0,0,0,1,0
402,6,1274.873343,0.418685906,1,0,1,0,0,1,1,0,0,1,0,0,0,0
516,7,132.0481602,0.256915858,2,1,1,0,1,0,0,1,0,1,0,0,0,0
962,3,196.0975201,0.566783447,1,1,0,0,0,1,1,0,0,1,0,0,0,0
126,2,1118.997808,0.251305311,1,0,1,0,1,0,1,0,0,1,0,0,0,0
637,7,244.2875861,0.123828366,1,0,1,0,1,0,0,0,1,1,0,0,0,0
177,3,1269.336265,0.112941757,1,0,0,1,0,0,0,0,1,0,0,1,0,0
405,5,1225.500148,0.730273906,0,0,1,0,0,1,1,0,0,1,0,0,0,0
717,3,237.9718023,0.614620605,2,0,1,1,0,0,1,0,0,0,0,0,0,1
512,2,60.71129062,0.427602943,3,1,1,0,1,0,1,0,0,1,0,0,0,0
284,5,145.5634574,0.472629242,1,0,0,0,1,0,1,0,0,0,0,1,0,0
356,5,1117.162157,0.241214336,1,0,0,0,1,0,1,0,0,1,0,0,0,0
635,10,1501.823589,0.072490082,3,0,1,0,1,0,1,0,0,0,0,1,0,0
353,5,386.3809841,0.427222496,0,0,0,0,0,1,1,0,0,1,0,0,0,0
543,4,143.510768,0.164087378,0,0,0,0,1,0,0,0,1,0,1,0,0,0
509,5,62.77560611,0.663391629,2,0,1,0,1,0,1,0,0,1,0,0,0,0
369,4,194.4892995,0.441784013,1,0,0,0,1,0,0,1,0,1,0,0,0,0
928,5,3117.111124,0.21923788,2,0,0,0,1,0,1,0,0,1,0,0,0,0
626,6,149.3268544,0.487592557,1,0,1,0,1,0,0,1,0,1,0,0,0,0
94,3,72.08595471,0.167300344,2,0,0,0,1,0,1,0,0,1,0,0,0,0
537,4,1231.45769,0.317502069,0,0,0,0,0,1,1,0,0,1,0,0,0,0
367,6,764.4650684,0.552296105,1,0,0,0,1,0,0,0,1,1,0,0,0,0
670,4,612.2670042,0.632472946,2,0,1,0,0,1,0,1,0,1,0,0,0,0
341,4,475.1521219,0.114246418,1,0,1,0,1,0,0,1,0,1,0,0,0,0
477,5,968.1034736,0.1763342,0,0,0,0,1,0,0,0,1,1,0,0,0,0
600,3,958.8035428,0.317945614,1,0,0,0,1,0,0,0,1,0,1,0,0,0
673,5,441.9098512,0.245764911,3,0,1,0,0,1,1,0,0,1,0,0,0,0
259,3,213.496481,0.592040118,3,0,1,0,1,0,1,0,0,0,0,1,0,0
433,3,1472.407526,0.463348176,3,1,1,0,1,0,0,1,0,0,1,0,0,0
405,10,143.8970594,0.571196954,1,0,1,0,1,0,1,0,0,1,0,0,0,0
369,3,610.8665546,0.307482394,2,0,0,0,1,0,1,0,0,0,0,1,0,0
853,4,943.8772652,0.397246425,3,0,1,0,0,1,1,0,0,0,0,1,0,0
580,2,814.8292492,0.125007081,2,0,0,0,0,1,0,0,1,1,0,0,0,0
247,5,771.5329877,0.12758305,2,0,1,0,1,0,0,1,0,1,0,0,0,0
683,3,868.9664999,0.295363963,0,0,0,0,1,0,0,0,1,1,0,0,0,0
924,6,1667.755718,0.288450033,2,0,0,0,0,1,1,0,0,1,0,0,0,0
706,4,363.7989546,0.248932846,2,1,0,0,1,0,1,0,0,0,0,1,0,0
196,3,789.878243,0.264014198,1,0,0,0,1,0,1,0,0,1,0,0,0,0
403,3,955.1300121,0.272788497,1,0,0,0,1,0,0,0,1,1,0,0,0,0
753,2,713.9159269,0.556800575,2,0,0,0,1,0,1,0,0,0,1,0,0,0
358,2,1866.457232,0.447738083,1,1,0,0,1,0,0,1,0,0,0,0,1,0
588,2,850.8558379,0.207947551,4,0,1,0,0,1,0,1,0,1,0,0,0,0
654,6,441.9142581,0.099173481,0,0,0,0,1,0,0,1,0,0,1,0,0,0
314,6,1494.500082,0.080557135,3,0,1,0,1,0,0,1,0,0,0,0,1,0
488,5,537.9982787,0.296293923,0,0,0,0,0,1,1,0,0,1,0,0,0,0
64,4,604.2960287,0.245609205,1,0,1,0,1,0,1,0,0,1,0,0,0,0
295,4,698.354192,0.453387845,4,0,1,0,1,0,0,1,0,0,0,1,0,0
449,2,311.8128136,0.301447602,1,0,0,0,1,0,1,0,0,1,0,0,0,0
250,4,1025.662318,0.143158554,2,0,0,0,1,0,1,0,0,1,0,0,0,0
826,9,82.62453258,0.390141665,1,0,1,0,0,1,1,0,0,1,0,0,0,0
213,3,1625.125988,0.294838013,1,0,0,0,0,1,1,0,0,1,0,0,0,0
411,4,1123.689696,0.080983718,1,0,0,0,1,0,1,0,0,1,0,0,0,0
526,3,349.1087772,0.23875021,2,0,1,0,0,1,0,0,1,1,0,0,0,0
788,5,205.3531376,0.305117008,2,1,0,0,1,0,0,1,0,0,1,0,0,0
212,6,392.6850038,0.369986537,1,1,0,0,0,1,1,0,0,1,0,0,0,0
732,2,1308.020308,0.191904657,4,0,1,0,1,0,1,0,0,0,1,0,0,0
502,6,25.66391557,0.217315966,3,0,1,0,1,0,0,0,1,1,0,0,0,0
303,4,504.7755404,0.036139236,1,0,0,0,1,0,0,0,1,1,0,0,0,0
592,1,234.5419425,0.40821513,2,0,0,0,1,0,0,0,1,0,1,0,0,0
539,2,1663.242253,0.135376812,2,0,1,0,1,0,1,0,0,0,0,0,1,0
379,4,427.3321394,0.70826773,1,0,1,0,1,0,0,1,0,0,0,1,0,0
513,4,957.5933245,0.210372349,1,0,1,0,0,1,1,0,0,1,0,0,0,0
422,5,354.399623,0.039525545,1,0,1,0,1,0,1,0,0,0,0,0,1,0
522,7,320.0235285,0.719121519,1,0,1,1,0,0,1,0,0,0,0,1,0,0
632,6,315.4692575,0.381284963,2,0,0,0,1,0,1,0,0,0,0,1,0,0
817,7,906.996921,0.207692399,1,0,1,0,1,0,0,0,1,1,0,0,0,0
252,5,2664.760254,0.322920546,2,0,0,0,0,1,0,1,0,0,0,1,0,0
926,6,186.7013392,0.264824668,1,0,0,0,1,0,1,0,0,1,0,0,0,0
109,3,826.0377247,0.507041505,2,0,0,0,0,1,0,0,1,0,0,1,0,0
469,3,246.7808154,0.38523621,3,0,1,0,0,1,1,0,0,1,0,0,0,0
617,3,637.6515281,0.348054976,1,0,1,0,1,0,0,1,0,1,0,0,0,0
556,3,624.0084851,0.168913981,1,0,0,0,1,0,0,1,0,0,0,1,0,0
375,3,478.3365407,0.231506389,3,0,1,0,1,0,1,0,0,1,0,0,0,0
458,6,552.3513165,0.148239517,3,0,1,0,1,0,0,1,0,1,0,0,0,0
401,4,1697.753303,0.434880854,2,0,0,0,1,0,1,0,0,1,0,0,0,0
382,5,74.22269221,0.07826154,2,0,1,0,0,1,1,0,0,0,0,0,0,1
669,1,1418.899013,0.452811981,1,1,0,0,1,0,1,0,0,1,0,0,0,0
571,3,496.3834309,0.308044554,4,0,1,0,1,0,1,0,0,0,0,1,0,0
361,4,324.6849905,0.308993446,0,0,0,0,1,0,0,0,1,0,0,0,1,0
679,1,155.9811702,0.350909059,2,0,0,1,0,0,1,0,0,0,1,0,0,0
561,4,1349.083065,0.424437996,1,0,0,0,1,0,0,1,0,1,0,0,0,0
662,6,717.2732949,0.344299883,3,0,1,0,1,0,1,0,0,1,0,0,0,0
625,7,1042.668396,0.21516442,2,0,1,0,1,0,0,0,1,1,0,0,0,0
334,4,302.6262417,0.372264786,3,0,1,1,0,0,0,1,0,1,0,0,0,0
387,2,399.3275016,0.395613837,1,0,0,1,0,0,1,0,0,0,0,1,0,0
649,3,1959.419082,0.30656638,2,0,0,0,1,0,0,1,0,0,0,1,0,0
622,3,2599.102861,0.060365498,2,0,0,0,0,1,1,0,0,1,0,0,0,0
495,4,1077.173463,0.703207906,3,1,1,0,1,0,1,0,0,0,0,0,0,1
523,3,1107.200843,0.406877814,0,0,0,1,0,0,0,1,0,1,0,0,0,0
755,1,948.3833027,0.758852133,2,0,1,0,1,0,1,0,0,0,0,1,0,0
381,6,707.8529082,0.398148573,2,1,1,0,1,0,1,0,0,0,0,1,0,0
609,5,723.2493103,0.237840731,4,1,1,0,1,0,0,1,0,1,0,0,0,0
459,7,2655.020806,0.385317833,2,1,1,0,1,0,1,0,0,1,0,0,0,0
456,2,1111.957705,0.191032584,2,1,0,0,0,1,1,0,0,1,0,0,0,0
719,6,852.1604925,0.124791926,1,0,0,0,1,0,1,0,0,1,0,0,0,0
665,2,167.6584417,0.311150174,1,1,0,1,0,0,1,0,0,1,0,0,0,0
662,2,3020.386032,0.205628071,0,0,0,0,1,0,0,0,1,1,0,0,0,0
761,5,587.6644391,0.223404842,3,0,1,0,1,0,1,0,0,1,0,0,0,0
504,4,2301.836606,0.037554854,1,0,0,0,1,0,1,0,0,0,0,1,0,0
636,5,1000.174074,0.530251747,2,0,1,0,1,0,1,0,0,1,0,0,0,0
437,9,32.72496453,0.655557008,2,0,1,0,0,1,0,0,1,1,0,0,0,0
564,5,619.4779793,0.700845966,3,0,1,0,1,0,1,0,0,1,0,0,0,0
473,3,1785.567996,0.206551231,1,0,0,0,1,0,1,0,0,0,0,1,0,0
519,3,42.53556727,0.094259056,3,0,1,0,1,0,1,0,0,0,1,0,0,0
619,1,1612.287802,0.287408031,1,0,0,0,1,0,1,0,0,0,0,0,1,0
336,1,760.2737508,0.166368751,1,0,0,1,0,0,1,0,0,0,0,0,0,1
918,3,36.43923791,0.090857542,0,0,1,0,1,0,0,1,0,0,1,0,0,0
298,5,374.2107755,0.120292144,0,0,0,0,0,1,0,1,0,1,0,0,0,0
257,1,24.50807465,0.052748925,2,0,0,0,1,0,0,1,0,1,0,0,0,0
731,2,1.374217826,0.596147402,2,0,0,0,1,0,1,0,0,1,0,0,0,0
658,3,1813.968433,0.273189035,1,0,1,1,0,0,1,0,0,0,0,1,0,0
624,4,1104.498939,0.392921256,1,0,0,0,1,0,0,0,1,1,0,0,0,0
625,4,273.3975467,0.869193052,3,0,1,0,1,0,0,1,0,1,0,0,0,0
497,5,96.56933345,0.328681121,1,0,1,0,1,0,1,0,0,0,0,1,0,0
320,5,44.77607149,0.240583882,0,0,0,0,1,0,1,0,0,1,0,0,0,0
515,4,1993.277559,0.425469374,1,0,0,0,0,1,1,0,0,0,0,1,0,0
364,5,785.8522366,0.242100325,2,0,0,0,1,0,0,1,0,1,0,0,0,0
695,5,140.0151608,0.268389913,1,0,1,0,0,1,1,0,0,1,0,0,0,0
470,5,915.2107097,0.384418576,1,0,0,0,1,0,0,0,1,1,0,0,0,0
334,4,5443.232509,0.1400076,1,0,0,0,1,0,1,0,0,0,0,1,0,0
435,2,1241.038683,0.149423039,0,0,0,0,1,0,1,0,0,1,0,0,0,0
582,4,473.2415177,0.156339294,0,0,0,0,1,0,1,0,0,1,0,0,0,0
387,3,1346.367119,0.506632905,3,0,1,1,0,0,0,0,1,1,0,0,0,0
335,10,1091.021223,0.419770377,2,0,1,0,1,0,0,0,1,0,0,1,0,0
548,2,74.26541694,0.426519135,0,0,0,0,1,0,1,0,0,1,0,0,0,0
548,8,2079.679127,0.591484221,1,0,1,0,0,1,1,0,0,1,0,0,0,0
398,1,1724.044442,0.020164717,3,1,1,0,0,1,0,0,1,0,0,1,0,0
405,1,714.3709933,0.373661773,1,1,0,0,1,0,1,0,0,0,0,1,0,0
546,5,567.6638977,0.266271018,0,1,0,0,0,1,1,0,0,0,1,0,0,0
210,5,206.748624,0.050745958,3,0,1,0,1,0,0,0,1,1,0,0,0,0
218,2,1438.823738,0.774469965,1,0,1,0,1,0,0,0,1,0,0,0,1,0
356,5,452.3471177,0.365331434,3,1,1,0,1,0,1,0,0,1,0,0,0,0
457,8,692.6809548,0.040714334,2,0,1,0,1,0,1,0,0,0,0,1,0,0
562,8,149.1479899,0.436620873,1,0,1,0,1,0,0,0,1,0,1,0,0,0
795,5,192.4584108,0.516055143,4,0,1,0,1,0,1,0,0,0,1,0,0,0
671,3,3370.574061,0.36419331,3,0,1,0,1,0,1,0,0,0,0,1,0,0
468,5,544.9748402,0.265169605,1,0,1,0,0,1,1,0,0,0,0,0,0,1
496,3,1353.138477,0.247824023,1,0,0,1,0,0,0,0,1,1,0,0,0,0
299,5,1416.295905,0.583533769,0,0,0,0,0,1,1,0,0,0,0,1,0,0
496,4,3192.434491,0.467379886,3,0,1,0,1,0,1,0,0,1,0,0,0,0
442,2,3255.129333,0.462124301,3,0,1,0,1,0,1,0,0,1,0,0,0,0
564,10,488.4510877,0.318648705,2,0,1,0,1,0,0,0,1,1,0,0,0,0
334,3,2401.728352,0.094255671,3,0,1,0,1,0,0,1,0,0,0,1,0,0
603,3,363.876926,0.632443083,1,0,1,0,1,0,0,1,0,0,1,0,0,0
806,6,748.4586144,0.729387194,0,0,1,0,1,0,0,1,0,1,0,0,0,0
478,5,1379.485976,0.548642161,2,0,0,0,0,1,0,1,0,0,0,1,0,0
580,7,1960.743147,0.213434189,4,0,1,0,1,0,1,0,0,1,0,0,0,0
638,4,593.599774,0.202530015,1,0,0,0,1,0,0,0,1,0,0,1,0,0
419,5,432.8347036,0.461211518,1,1,0,0,1,0,0,1,0,1,0,0,0,0
544,3,1043.08771,0.230473141,3,1,1,0,1,0,0,1,0,1,0,0,0,0
502,2,486.9383157,0.232017343,2,0,0,0,1,0,0,1,0,0,0,0,0,1
519,2,891.3091644,0.518790532,1,0,0,0,1,0,1,0,0,0,1,0,0,0
345,4,1304.606497,0.312577903,2,1,0,0,1,0,1,0,0,0,0,1,0,0
504,5,1471.721459,0.563342678,1,0,0,0,1,0,0,1,0,1,0,0,0,0
599,5,234.7605879,0.327744186,2,1,0,0,1,0,1,0,0,0,0,1,0,0
790,6,677.8934495,0.056714208,1,0,0,0,0,1,1,0,0,1,0,0,0,0
691,7,20.2823604,0.100432534,1,1,1,0,0,1,0,1,0,0,0,1,0,0
930,6,1278.625149,0.384253129,3,0,1,0,1,0,0,1,0,0,1,0,0,0
346,2,106.9121342,0.287944899,2,0,0,0,1,0,0,0,1,0,0,1,0,0
674,1,1642.610566,0.264778589,2,1,0,0,0,1,0,1,0,0,1,0,0,0
536,5,417.7918884,0.292890961,1,1,0,0,1,0,1,0,0,1,0,0,0,0
937,6,146.4350007,0.763865272,1,0,1,0,1,0,1,0,0,1,0,0,0,0
338,4,1270.982731,0.392721105,2,1,1,0,1,0,0,1,0,1,0,0,0,0
332,6,178.8012794,0.217152145,1,0,0,0,1,0,0,0,1,0,1,0,0,0
380,7,401.2478457,0.217827316,4,1,1,0,0,1,1,0,0,1,0,0,0,0
75,2,669.3853367,0.696400029,1,0,1,0,0,1,0,1,0,0,0,1,0,0
394,5,357.0671062,0.078366881,1,0,0,0,1,0,1,0,0,1,0,0,0,0
348,2,157.8137434,0.13292962,3,0,1,0,1,0,1,0,0,0,0,1,0,0
530,6,416.8271023,0.090985716,1,1,0,0,1,0,0,1,0,0,0,0,1,0
568,7,124.6163386,0.307605259,2,0,1,0,1,0,0,1,0,1,0,0,0,0
875,4,1015.963208,0.126803501,3,0,1,1,0,0,1,0,0,1,0,0,0,0
690,5,150.5155473,0.150341,2,0,0,0,1,0,0,0,1,0,0,1,0,0
384,4,526.8150374,0.117335389,1,0,0,0,1,0,0,1,0,0,1,0,0,0
320,4,657.4724714,0.334490656,0,0,0,0,0,1,0,1,0,1,0,0,0,0
598,2,2321.311931,0.054976941,2,1,1,0,0,1,1,0,0,1,0,0,0,0
235,4,65.19224417,0.245024511,2,0,0,0,0,1,1,0,0,1,0,0,0,0
866,8,2132.628167,0.118687722,1,0,1,0,1,0,0,0,1,1,0,0,0,0
735,2,186.7837862,0.119475509,2,0,0,0,1,0,0,1,0,1,0,0,0,0
406,1,1470.760245,0.386785272,2,0,0,0,1,0,0,0,1,1,0,0,0,0
157,7,75.88405038,0.09911792,2,0,1,0,1,0,1,0,0,1,0,0,0,0
770,2,3586.530364,0.437419939,1,0,0,1,0,0,0,0,1,1,0,0,0,0
477,2,1318.679191,0.357127994,0,0,0,0,1,0,1,0,0,0,0,1,0,0
747,3,52.01584766,0.172396815,4,0,1,1,0,0,1,0,0,1,0,0,0,0
181,5,192.7518185,0.434781187,0,0,1,0,1,0,1,0,0,1,0,0,0,0
380,4,636.2236509,0.519926678,3,0,1,0,0,1,0,0,1,0,0,0,1,0
501,5,593.150954,0.377176643,0,0,1,0,1,0,1,0,0,0,0,0,0,1
509,6,793.8232754,0.148851366,2,0,0,1,0,0,1,0,0,0,0,1,0,0
409,3,498.1609302,0.189520341,0,0,0,0,1,0,1,0,0,1,0,0,0,0
624,4,1059.901482,0.263002679,2,1,0,0,1,0,1,0,0,0,0,0,1,0
286,4,342.7646285,0.157159695,0,0,0,0,0,1,0,1,0,0,0,1,0,0
471,4,155.2434571,0.383912497,2,0,0,0,1,0,0,0,1,1,0,0,0,0
524,3,27.49055556,0.362269685,1,0,0,0,1,0,1,0,0,0,1,0,0,0
602,5,314.1563265,0.289065349,1,0,0,1,0,0,1,0,0,1,0,0,0,0
642,6,445.3264986,0.318640241,0,0,0,0,1,0,0,1,0,0,0,1,0,0
275,6,860.8594654,0.145454359,1,0,0,0,1,0,1,0,0,1,0,0,0,0
193,2,1313.801753,0.275964215,2,1,0,0,1,0,0,0,1,0,0,1,0,0
755,6,219.6155862,0.479602014,2,0,0,0,0,1,1,0,0,1,0,0,0,0
566,5,543.715128,0.615184812,2,0,1,0,1,0,0,0,1,0,0,1,0,0
350,4,212.9805955,0.319267029,3,0,1,0,1,0,1,0,0,1,0,0,0,0
810,6,2415.452121,0.486050128,2,0,0,0,1,0,1,0,0,0,0,1,0,0
523,1,834.2698472,0.245715101,1,0,1,0,1,0,0,1,0,1,0,0,0,0
735,5,906.3205408,0.041778128,2,0,1,0,1,0,0,0,1,1,0,0,0,0
513,2,606.1044441,0.440786022,1,0,1,0,1,0,1,0,0,0,1,0,0,0
912,6,264.838918,0.519106392,2,0,1,0,1,0,1,0,0,1,0,0,0,0
851,7,178.9448375,0.24651144,2,0,1,0,1,0,0,1,0,0,0,1,0,0
450,4,855.1935031,0.140499663,1,0,0,0,1,0,1,0,0,1,0,0,0,0
694,4,2037.839554,0.134227562,4,1,1,0,1,0,0,1,0,0,0,1,0,0
629,7,191.5135728,0.181773887,0,1,1,0,1,0,1,0,0,0,0,1,0,0
773,2,678.4652915,0.166040925,1,0,0,0,1,0,0,1,0,0,0,1,0,0
307,6,602.8699076,0.787027046,3,0,1,0,1,0,0,0,1,0,1,0,0,0
637,2,821.0030059,0.144507002,1,0,0,0,1,0,1,0,0,0,1,0,0,0
711,5,708.9777705,0.046325732,2,0,0,0,1,0,0,0,1,1,0,0,0,0
148,4,254.8370557,0.233241369,1,0,1,0,0,1,1,0,0,0,0,1,0,0
263,3,940.6755582,0.121795795,3,1,1,0,1,0,0,1,0,1,0,0,0,0
92,1,254.6887829,0.291331822,4,0,1,0,1,0,1,0,0,1,0,0,0,0
446,2,846.7298282,0.575462812,1,0,0,0,1,0,1,0,0,1,0,0,0,0
643,3,285.2637909,0.253875261,3,0,1,0,1,0,0,1,0,1,0,0,0,0
800,3,68.81479968,0.564630378,1,0,0,0,0,1,0,1,0,1,0,0,0,0
514,2,108.8604371,0.367437097,2,0,1,0,1,0,1,0,0,0,0,1,0,0
825,8,1437.07797,0.383950945,3,1,1,0,1,0,1,0,0,0,1,0,0,0
223,5,103.4997025,0.625918113,2,0,1,0,1,0,1,0,0,1,0,0,0,0
159,4,320.995089,0.165069783,2,0,0,0,1,0,1,0,0,1,0,0,0,0
488,2,271.3394688,0.118112115,3,0,1,0,1,0,1,0,0,1,0,0,0,0
576,6,47.6808694,0.440980888,2,0,0,0,1,0,0,1,0,0,1,0,0,0
493,4,732.0722289,0.528736226,0,0,1,0,0,1,0,0,1,0,0,0,0,1
86,4,1282.706905,0.399724831,2,0,1,0,1,0,0,1,0,1,0,0,0,0
482,3,3896.328708,0.258230168,3,0,1,0,1,0,1,0,0,1,0,0,0,0
239,3,2199.498919,0.678759019,2,0,1,0,1,0,0,0,1,1,0,0,0,0
633,5,40.46735178,0.116791067,2,1,0,0,1,0,1,0,0,0,0,1,0,0
573,4,238.1952989,0.045119625,1,0,0,0,1,0,0,1,0,1,0,0,0,0
312,3,424.9835811,0.123326407,2,0,1,0,1,0,1,0,0,1,0,0,0,0
397,2,1663.645062,0.277245156,3,0,1,0,1,0,0,1,0,0,0,1,0,0
288,4,357.1356621,0.377761829,1,0,0,0,1,0,1,0,0,0,1,0,0,0
487,3,675.7573724,0.298436585,3,0,1,0,0,1,1,0,0,0,0,1,0,0
691,5,862.090649,0.279660388,2,1,0,0,1,0,0,1,0,0,1,0,0,0
302,4,283.0104775,0.655056049,1,0,1,0,0,1,0,0,1,1,0,0,0,0
600,2,697.7052943,0.284606189,2,0,0,0,1,0,1,0,0,0,0,1,0,0
393,1,41.78067201,0.322375782,1,0,0,0,1,0,1,0,0,1,0,0,0,0
341,6,523.4231991,0.327686062,2,0,0,0,0,1,1,0,0,1,0,0,0,0
478,3,380.5414987,0.210344227,3,0,1,0,1,0,0,0,1,0,1,0,0,0
292,2,351.7404524,0.031763495,1,1,0,0,0,1,0,0,1,0,0,1,0,0
389,2,214.1915632,0.358443921,1,0,1,0,0,1,1,0,0,0,0,1,0,0
260,4,1361.831532,0.516578602,1,0,0,0,1,0,1,0,0,1,0,0,0,0
892,5,1709.134691,0.499203837,2,0,0,0,1,0,1,0,0,0,0,0,1,0
507,5,1752.323344,0.284167434,0,1,0,0,1,0,1,0,0,0,0,1,0,0
360,3,403.4865778,0.155770999,1,0,0,1,0,0,1,0,0,0,1,0,0,0
542,3,239.9778828,0.501838885,1,1,0,0,0,1,1,0,0,1,0,0,0,0
477,2,82.87836042,0.063392462,2,1,0,0,1,0,1,0,0,0,0,1,0,0
455,3,892.7882702,0.084223022,0,0,0,0,1,0,1,0,0,0,1,0,0,0
622,4,320.5823949,0.55494438,1,0,0,0,1,0,0,1,0,1,0,0,0,0
651,6,259.1076529,0.375560527,2,0,0,0,1,0,0,0,1,1,0,0,0,0
393,3,371.4566393,0.254138199,0,0,0,0,1,0,0,0,1,1,0,0,0,0
384,5,647.2481939,0.432081926,1,1,0,0,1,0,0,1,0,0,0,1,0,0
444,5,141.3183977,0.503328966,2,0,0,0,1,0,0,0,1,1,0,0,0,0
64,4,2602.309129,0.119709018,0,0,0,0,1,0,1,0,0,1,0,0,0,0
196,4,1055.24986,0.408471499,2,0,0,0,0,1,1,0,0,1,0,0,0,0
773,2,38.33239482,0.219132719,1,0,0,0,0,1,1,0,0,1,0,0,0,0
828,4,293.1352808,0.552050933,1,0,0,0,0,1,1,0,0,0,0,0,1,0
450,3,41.26408919,0.171733281,1,0,0,0,0,1,0,1,0,0,0,0,1,0
615,6,208.5612853,0.446197309,0,0,1,0,1,0,1,0,0,0,0,0,0,1
562,3,270.1601889,0.128091047,2,0,0,0,1,0,0,1,0,0,1,0,0,0
1115,1,1012.621059,0.457402478,1,0,0,0,1,0,0,1,0,0,1,0,0,0
723,3,1014.780205,0.529852743,3,0,1,0,0,1,0,0,1,0,1,0,0,0
474,3,37.10770707,0.791473205,2,0,1,0,0,1,0,1,0,1,0,0,0,0
308,5,709.63344,0.188579743,2,1,0,0,0,1,1,0,0,1,0,0,0,0
178,6,2593.523797,0.657908236,1,0,1,0,0,1,0,1,0,0,1,0,0,0
540,8,791.8745689,0.133995797,1,0,1,0,1,0,0,1,0,1,0,0,0,0
348,3,2586.122756,0.313418565,2,0,0,0,1,0,0,1,0,0,1,0,0,0
215,2,383.1504075,0.311746798,0,0,0,0,1,0,1,0,0,1,0,0,0,0
370,6,492.6205214,0.145284174,0,0,0,0,1,0,1,0,0,1,0,0,0,0
283,4,547.3285633,0.158913605,1,0,0,0,1,0,1,0,0,1,0,0,0,0
837,7,2061.060847,0.043577137,3,0,1,0,1,0,1,0,0,1,0,0,0,0
676,3,382.7913718,0.511457897,1,0,0,0,1,0,1,0,0,0,1,0,0,0
498,6,3279.569709,0.548764248,4,0,1,0,1,0,1,0,0,0,0,0,1,0
795,7,626.6781713,0.144089338,3,1,1,0,1,0,0,0,1,0,0,1,0,0
515,3,196.8439416,0.147762246,1,0,0,0,1,0,1,0,0,1,0,0,0,0
327,2,87.57341324,0.246605933,4,0,1,0,1,0,0,1,0,1,0,0,0,0
804,4,151.8373813,0.215081115,1,0,0,0,1,0,0,1,0,0,1,0,0,0
607,5,32.06010456,0.41556775,3,0,1,0,1,0,0,1,0,0,1,0,0,0
292,6,942.9306556,0.286948542,1,0,1,0,0,1,1,0,0,0,0,0,1,0
461,6,582.0322081,0.406620522,3,0,1,0,1,0,0,1,0,0,0,1,0,0
324,4,1071.296265,0.339230724,2,1,0,0,1,0,0,1,0,1,0,0,0,0
223,6,1219.570666,0.609144954,1,0,1,0,0,1,0,0,1,1,0,0,0,0
685,2,2143.140628,0.395629263,2,0,0,0,0,1,1,0,0,1,0,0,0,0
881,4,99.54254759,0.358983626,1,0,0,0,0,1,0,1,0,1,0,0,0,0
220,2,164.7374052,0.326798618,3,0,1,0,1,0,0,0,1,0,0,0,1,0
612,3,635.7441516,0.619831458,1,0,1,0,1,0,1,0,0,0,1,0,0,0
369,4,110.97236,0.344468203,2,0,0,0,1,0,0,1,0,1,0,0,0,0
402,4,77.84485554,0.275764639,4,1,1,0,1,0,1,0,0,0,0,1,0,0
381,8,878.1004577,0.37866248,0,0,1,0,0,1,1,0,0,0,1,0,0,0
327,2,1031.948558,0.102267541,1,0,0,0,1,0,0,0,1,0,1,0,0,0
509,6,1483.250914,0.095397204,2,1,0,0,1,0,1,0,0,0,1,0,0,0
333,3,1979.141828,0.427971703,2,0,0,0,1,0,0,1,0,0,1,0,0,0
554,3,467.4334236,0.504181255,2,0,0,0,1,0,1,0,0,0,0,1,0,0
489,5,3124.607658,0.354935564,0,0,0,0,1,0,1,0,0,1,0,0,0,0
452,3,30.89869121,0.081618662,2,1,1,0,0,1,0,0,1,1,0,0,0,0
318,6,1632.962415,0.174534453,3,1,1,0,0,1,1,0,0,1,0,0,0,0
384,6,310.2681752,0.479249768,1,0,0,0,0,1,1,0,0,1,0,0,0,0
651,4,2037.914324,0.24347611,1,0,1,0,1,0,1,0,0,0,0,1,0,0
600,2,201.444723,0.037883138,2,0,0,0,1,0,1,0,0,1,0,0,0,0
304,5,1080.722174,0.50031096,3,0,1,0,1,0,1,0,0,0,0,0,1,0
519,5,443.3439576,0.121444641,2,0,0,0,1,0,0,1,0,1,0,0,0,0
650,2,384.3209933,0.531266875,3,0,1,0,0,1,0,1,0,1,0,0,0,0
166,3,49.00639147,0.083852131,2,1,0,0,1,0,1,0,0,1,0,0,0,0
608,5,979.100246,0.658658485,1,0,1,0,0,1,0,1,0,0,1,0,0,0
367,7,154.2396579,0.228894665,3,0,1,0,1,0,0,1,0,1,0,0,0,0
614,7,497.3955699,0.116936763,1,1,1,0,1,0,0,0,1,1,0,0,0,0
347,1,121.8760886,0.259977487,3,0,1,0,1,0,0,0,1,0,0,1,0,0
139,2,742.0387262,0.296828426,0,0,1,0,1,0,0,0,1,1,0,0,0,0
174,3,210.1951533,0.416858911,2,0,1,0,0,1,1,0,0,0,0,1,0,0
509,8,721.9034189,0.17760868,0,0,1,0,1,0,1,0,0,0,0,1,0,0
551,7,2344.192072,0.208918802,0,0,1,0,0,1,0,1,0,0,0,0,0,1
319,6,2029.821054,0.332564322,1,0,1,0,0,1,1,0,0,0,0,0,0,1
627,5,178.979335,0.341122284,2,0,0,0,1,0,0,0,1,1,0,0,0,0
167,2,83.56483715,0.4611869,1,0,0,0,0,1,1,0,0,0,0,1,0,0
486,2,34.87826014,0.518090281,1,0,1,0,1,0,1,0,0,1,0,0,0,0
257,2,1410.55916,0.762723695,1,0,1,0,1,0,1,0,0,0,0,1,0,0
369,1,229.4074198,0.185560846,3,0,1,0,0,1,0,1,0,1,0,0,0,0
509,3,267.1901087,0.322963439,3,1,1,1,0,0,0,1,0,1,0,0,0,0
327,3,205.2002822,0.160064262,4,0,1,0,1,0,0,0,1,1,0,0,0,0
423,3,1466.485057,0.21872654,1,0,0,0,1,0,1,0,0,1,0,0,0,0
701,2,3086.86145,0.574488612,0,0,1,0,1,0,0,1,0,1,0,0,0,0
384,6,1125.807359,0.324218442,0,0,0,0,1,0,0,1,0,0,0,1,0,0
667,4,1387.900509,0.435494502,3,0,1,0,1,0,0,0,1,1,0,0,0,0
274,7,775.1215165,0.513118891,2,1,1,0,0,1,1,0,0,0,0,1,0,0
605,4,601.9355181,0.260200787,1,1,1,0,1,0,1,0,0,1,0,0,0,0
788,7,1022.893878,0.267201351,2,1,1,0,1,0,1,0,0,1,0,0,0,0
64,1,29.13443062,0.514063016,2,1,0,0,1,0,0,1,0,0,1,0,0,0
340,5,50.69314849,0.215833569,3,1,1,0,1,0,1,0,0,0,0,0,0,1
615,5,929.9409887,0.32515667,2,0,0,0,1,0,1,0,0,1,0,0,0,0
459,4,326.458763,0.140522384,1,0,0,0,1,0,0,0,1,1,0,0,0,0
574,4,536.8492685,0.33592602,2,0,0,0,0,1,1,0,0,0,1,0,0,0
379,10,1218.580884,0.145505788,0,0,1,0,1,0,0,0,1,1,0,0,0,0
517,1,688.6051804,0.245540549,1,0,0,0,1,0,1,0,0,1,0,0,0,0
468,5,1308.879656,0.204867795,2,0,0,0,0,1,0,1,0,1,0,0,0,0
733,3,434.6174048,0.461160387,1,0,0,0,1,0,0,1,0,1,0,0,0,0
550,4,271.0942383,0.14372477,4,0,1,0,1,0,1,0,0,1,0,0,0,0
567,5,214.1330215,0.292202375,2,0,0,0,1,0,1,0,0,0,0,1,0,0
417,1,112.9568512,0.32950335,0,0,0,0,1,0,0,1,0,0,1,0,0,0
402,4,29.99247507,0.460704634,3,0,1,0,1,0,0,1,0,0,0,1,0,0
413,5,43.69084296,0.124883336,2,0,0,0,1,0,0,0,1,1,0,0,0,0
578,4,252.8639505,0.300602102,0,1,0,0,0,1,1,0,0,1,0,0,0,0
415,3,261.041411,0.102109143,1,0,0,0,0,1,0,1,0,1,0,0,0,0
557,5,384.734579,0.660001721,1,0,1,0,1,0,1,0,0,1,0,0,0,0
915,2,716.4405828,0.168195964,2,0,0,0,1,0,0,1,0,1,0,0,0,0
674,2,1139.361602,0.174136757,1,0,0,0,1,0,0,1,0,0,1,0,0,0
434,4,176.2231347,0.433685046,2,0,1,0,1,0,1,0,0,1,0,0,0,0
740,6,1139.190924,0.06359141,2,0,0,0,1,0,1,0,0,0,0,1,0,0
418,4,119.7188894,0.51590115,0,0,0,0,1,0,1,0,0,0,0,1,0,0
92,7,3585.910537,0.387774219,0,1,1,0,1,0,0,1,0,1,0,0,0,0
298,7,268.4159892,0.52431697,1,0,1,0,0,1,0,1,0,1,0,0,0,0
125,1,1452.849999,0.309181293,2,0,1,0,1,0,1,0,0,0,1,0,0,0
429,2,169.0370343,0.673171562,2,0,1,0,0,1,0,0,1,1,0,0,0,0
503,4,2406.936985,0.303831247,1,0,1,0,0,1,0,0,1,1,0,0,0,0
835,3,1401.846958,0.37310085,3,0,1,0,1,0,0,1,0,0,0,1,0,0
565,3,356.2666218,0.112024644,1,0,0,0,0,1,0,1,0,0,0,1,0,0
456,3,437.8142872,0.537038804,2,0,0,0,0,1,1,0,0,1,0,0,0,0
665,3,3.076302015,0.415681056,2,0,0,0,1,0,1,0,0,1,0,0,0,0
64,5,231.6748458,0.382449099,0,0,1,0,1,0,0,1,0,0,1,0,0,0
547,2,273.199914,0.508281549,1,0,1,0,1,0,1,0,0,0,1,0,0,0
654,3,482.2631138,0.52121489,2,1,0,0,0,1,1,0,0,0,0,1,0,0
204,3,119.7749058,0.632198746,1,0,1,0,1,0,0,1,0,0,0,0,1,0
728,5,521.2463245,0.023215298,1,1,0,0,1,0,1,0,0,1,0,0,0,0
567,5,883.2259258,0.404671326,3,0,1,0,1,0,1,0,0,1,0,0,0,0
416,4,371.2583422,0.113077635,2,0,1,0,1,0,1,0,0,0,0,0,0,1
626,7,211.3758746,0.312969224,0,0,1,0,1,0,0,1,0,0,1,0,0,0
954,5,634.7568436,0.276354271,1,0,0,0,0,1,0,1,0,1,0,0,0,0
536,3,23.54626418,0.1991966,1,0,0,0,1,0,1,0,0,1,0,0,0,0
549,5,333.4280916,0.162362047,1,0,0,0,0,1,1,0,0,1,0,0,0,0
408,10,599.9268325,0.350423114,1,0,1,0,0,1,1,0,0,0,0,1,0,0
330,2,327.3891479,0.103581299,5,0,1,0,1,0,1,0,0,1,0,0,0,0
666,1,339.0231409,0.218104275,4,0,1,0,1,0,1,0,0,1,0,0,0,0
328,3,1508.662714,0.229811367,0,1,0,0,0,1,1,0,0,1,0,0,0,0
514,5,2174.380887,0.488949065,1,0,0,0,0,1,1,0,0,1,0,0,0,0
404,5,1405.388721,0.192903118,2,0,0,0,1,0,0,0,1,1,0,0,0,0
595,3,83.28233437,0.646932432,2,0,1,0,1,0,0,0,1,1,0,0,0,0
566,5,273.7020963,0.204817138,0,0,0,0,1,0,0,1,0,1,0,0,0,0
707,4,993.8781439,0.304146285,0,0,0,0,0,1,1,0,0,1,0,0,0,0
397,6,2931.905218,0.39583696,0,0,1,0,0,1,0,1,0,1,0,0,0,0
446,3,221.9547187,0.235330587,1,1,0,0,1,0,0,1,0,0,0,1,0,0
304,2,1827.878495,0.147782786,3,0,1,0,0,1,1,0,0,0,0,1,0,0
411,5,1074.633836,0.295517799,1,1,0,0,1,0,1,0,0,0,0,1,0,0
575,4,3281.113052,0.177076577,1,0,0,0,0,1,1,0,0,1,0,0,0,0
651,2,78.60684152,0.143813212,1,0,0,0,1,0,1,0,0,1,0,0,0,0
315,8,401.6853266,0.472471089,2,0,1,0,1,0,0,1,0,1,0,0,0,0
673,4,520.2464211,0.284096799,1,0,0,0,1,0,1,0,0,0,0,1,0,0
771,2,891.9948869,0.629951766,1,0,1,0,1,0,1,0,0,0,1,0,0,0
582,12,848.9885497,0.327074368,1,0,1,0,1,0,0,1,0,0,0,1,0,0
875,5,1894.512914,0.294043305,1,0,0,0,1,0,1,0,0,0,1,0,0,0
345,6,1459.458142,0.058607245,0,0,0,0,1,0,1,0,0,1,0,0,0,0
251,3,45.57183033,0.479155451,3,0,1,0,1,0,0,0,1,0,0,1,0,0
144,4,533.2667112,0.335509619,0,0,0,0,1,0,1,0,0,1,0,0,0,0
799,3,418.1313123,0.190132463,2,0,0,0,0,1,1,0,0,0,1,0,0,0
630,6,4686.830897,0.181384951,0,0,0,0,0,1,1,0,0,1,0,0,0,0
488,6,445.8562117,0.35141574,1,0,0,0,1,0,1,0,0,0,0,1,0,0
555,2,918.1222201,0.529656747,1,0,0,0,1,0,0,1,0,1,0,0,0,0
274,1,267.7400471,0.179063917,1,0,0,0,1,0,1,0,0,0,1,0,0,0
989,6,762.8389264,0.295896499,1,0,0,0,0,1,0,1,0,1,0,0,0,0
525,4,185.1755813,0.508666753,2,1,1,0,0,1,1,0,0,0,0,0,0,1
521,4,740.2786135,0.114409715,2,0,0,0,1,0,0,0,1,0,0,1,0,0
645,6,1621.116478,0.234685259,2,0,0,0,0,1,0,0,1,0,0,1,0,0
596,1,15.54019663,0.459042183,1,0,0,0,0,1,1,0,0,0,0,0,1,0
544,4,561.8898632,0.298182361,3,0,1,0,0,1,1,0,0,1,0,0,0,0
341,2,3230.550958,0.578083844,3,0,1,0,1,0,0,1,0,1,0,0,0,0
594,3,138.7806583,0.442580645,1,0,0,0,1,0,1,0,0,0,0,1,0,0
876,1,162.0967976,0.671955855,3,0,1,0,1,0,1,0,0,1,0,0,0,0
769,6,509.1469378,0.250743142,0,0,0,0,1,0,1,0,0,1,0,0,0,0
818,3,1638.312008,0.347133075,1,0,1,0,1,0,1,0,0,0,1,0,0,0
397,3,661.8177138,0.444008842,2,1,0,0,1,0,1,0,0,1,0,0,0,0
302,5,568.5743482,0.224590672,2,0,0,0,1,0,0,1,0,1,0,0,0,0
474,2,72.60267439,0.099307683,1,0,0,0,1,0,1,0,0,1,0,0,0,0
511,1,2615.84092,0.322363351,1,0,1,0,1,0,1,0,0,0,0,1,0,0
718,8,341.0845618,0.235794858,0,0,1,0,1,0,1,0,0,1,0,0,0,0
161,2,232.075613,0.553948733,2,0,0,0,0,1,0,1,0,0,1,0,0,0
805,4,424.4743662,0.181503205,3,0,1,0,0,1,0,0,1,0,0,1,0,0
468,4,427.7971151,0.138729002,1,0,1,0,1,0,0,1,0,0,0,0,0,1
414,3,490.7786856,0.545798832,0,0,0,0,1,0,0,0,1,0,0,0,1,0
297,2,933.1828694,0.104265209,2,1,0,0,1,0,1,0,0,1,0,0,0,0
169,3,1619.638924,0.119567757,3,0,1,0,1,0,1,0,0,0,1,0,0,0
664,3,47.21667495,0.07060121,1,0,0,0,0,1,0,0,1,1,0,0,0,0
514,4,539.8821436,0.236938546,3,0,1,0,1,0,1,0,0,1,0,0,0,0
242,5,427.5185284,0.292109461,1,0,0,0,1,0,0,0,1,0,1,0,0,0
240,5,8.751787279,0.307690824,2,0,0,0,0,1,0,1,0,1,0,0,0,0
432,3,1356.3865,0.320746487,1,1,0,0,1,0,0,0,1,0,0,1,0,0
833,3,88.13158555,0.223855864,3,0,1,0,1,0,1,0,0,0,1,0,0,0
448,3,97.50635159,0.053557584,0,0,0,0,1,0,1,0,0,0,0,1,0,0
199,5,39.60300614,0.191268999,3,1,1,0,1,0,1,0,0,0,1,0,0,0
450,7,178.936586,0.250360114,1,0,1,0,1,0,1,0,0,1,0,0,0,0
445,1,155.6606984,0.448156975,0,0,1,0,1,0,0,0,1,1,0,0,0,0
64,5,342.0039723,0.34264455,1,0,0,0,1,0,1,0,0,0,1,0,0,0
489,3,861.332849,0.036985388,2,1,1,0,0,1,0,1,0,0,0,1,0,0
453,2,44.65902494,0.241315997,0,0,0,0,1,0,0,1,0,1,0,0,0,0
639,3,1574.467611,0.452987876,2,0,0,0,0,1,1,0,0,0,0,0,1,0
869,1,316.3072132,0.248186972,3,0,1,0,1,0,0,0,1,1,0,0,0,0
725,5,746.3576067,0.844212053,1,0,1,0,1,0,0,0,1,0,0,1,0,0
446,3,9.66220444,0.221596179,1,0,0,0,1,0,0,1,0,1,0,0,0,0
278,3,364.3227179,0.64696805,0,0,1,0,1,0,0,0,1,0,1,0,0,0
1014,7,1.642414324,0.20944948,1,0,1,0,1,0,1,0,0,0,0,1,0,0
511,6,144.6980283,0.419325154,1,1,0,0,1,0,1,0,0,1,0,0,0,0
502,1,475.1490481,0.493727416,2,0,1,0,0,1,1,0,0,0,0,1,0,0
495,2,612.7247162,0.363708221,3,0,1,0,1,0,0,0,1,1,0,0,0,0
539,6,132.776232,0.343530928,2,0,0,0,1,0,0,1,0,1,0,0,0,0
471,3,1093.872193,0.649970691,2,0,1,0,0,1,0,0,1,1,0,0,0,0
385,3,167.5933957,0.457410597,0,0,0,0,1,0,1,0,0,1,0,0,0,0
390,6,98.49839726,0.078441277,2,0,0,0,1,0,1,0,0,1,0,0,0,0
493,4,324.4815093,0.587018902,1,0,0,0,0,1,0,1,0,0,0,0,1,0
391,9,641.3500438,0.26057271,1,0,1,0,1,0,1,0,0,1,0,0,0,0
357,7,3600.77906,0.464332591,1,0,1,0,1,0,0,0,1,0,0,1,0,0
521,6,434.0122912,0.031895503,2,0,1,0,1,0,1,0,0,0,1,0,0,0
449,2,444.0957128,0.191320265,1,1,0,0,1,0,0,1,0,0,0,1,0,0
800,5,48.93326452,0.372998731,0,0,0,0,1,0,0,1,0,1,0,0,0,0
64,4,1161.331066,0.326109042,1,0,0,0,1,0,0,1,0,1,0,0,0,0
718,1,160.5021589,0.426267783,1,0,0,0,0,1,0,1,0,1,0,0,0,0
749,3,1092.577356,0.141837798,3,0,1,0,0,1,1,0,0,1,0,0,0,0
85,8,1931.858723,0.195195973,0,0,1,0,1,0,0,0,1,1,0,0,0,0
431,5,1169.575937,0.167429931,2,0,0,0,1,0,1,0,0,1,0,0,0,0
425,4,822.7917062,0.090513116,2,0,0,0,0,1,1,0,0,1,0,0,0,0
218,3,740.903772,0.043831905,0,0,0,0,1,0,0,1,0,1,0,0,0,0
344,3,483.5713368,0.382491465,2,1,0,0,1,0,0,1,0,1,0,0,0,0
277,2,124.8952748,0.507237412,1,0,1,0,1,0,0,0,1,1,0,0,0,0
850,9,1207.090055,0.168378519,1,0,1,0,0,1,0,0,1,1,0,0,0,0
687,5,519.0321605,0.26932554,1,0,0,0,1,0,1,0,0,0,1,0,0,0
754,2,786.0423462,0.133169139,1,0,1,1,0,0,1,0,0,0,1,0,0,0
644,1,374.7433884,0.447277147,3,0,1,0,1,0,1,0,0,1,0,0,0,0
274,10,179.2378874,0.429562203,1,0,1,0,1,0,1,0,0,1,0,0,0,0
395,7,1314.017206,0.105451064,4,0,1,0,1,0,1,0,0,0,0,0,1,0
597,3,335.3265117,0.16847547,0,1,0,0,1,0,0,1,0,1,0,0,0,0
255,1,1612.002594,0.281736756,2,0,0,0,0,1,0,0,1,1,0,0,0,0
642,6,2698.668968,0.292973353,0,0,0,1,0,0,0,0,1,1,0,0,0,0
451,1,1417.511486,0.34033748,2,0,0,0,1,0,1,0,0,0,1,0,0,0
425,5,109.6993411,0.146002494,2,0,1,1,0,0,0,1,0,0,0,0,1,0
642,2,1544.87752,0.059024585,2,0,0,0,0,1,0,1,0,0,0,1,0,0
588,3,586.1057644,0.008068029,1,1,1,0,1,0,0,1,0,1,0,0,0,0
427,9,221.0367539,0.193578319,2,0,1,0,1,0,1,0,0,0,0,0,0,1
731,3,78.22790106,0.21898783,1,0,0,0,1,0,1,0,0,1,0,0,0,0
283,5,261.1492303,0.316680496,3,0,1,0,1,0,0,0,1,1,0,0,0,0
623,5,118.268473,0.781562147,1,0,1,0,1,0,0,1,0,1,0,0,0,0
618,3,20.78330925,0.307976208,3,0,1,0,1,0,0,1,0,1,0,0,0,0
438,5,3522.721108,0.089279761,2,0,0,0,1,0,0,0,1,1,0,0,0,0
565,4,1424.856234,0.12540007,0,0,0,0,0,1,1,0,0,0,0,1,0,0
249,4,1074.432397,0.360067974,2,0,0,0,0,1,1,0,0,0,0,1,0,0
684,2,171.5589404,0.281201254,2,0,0,0,1,0,1,0,0,1,0,0,0,0
463,3,22.50268635,0.502730212,0,0,0,0,1,0,0,1,0,1,0,0,0,0
395,6,531.1874762,0.079995272,1,0,1,0,1,0,1,0,0,0,1,0,0,0
709,4,1082.889612,0.219779883,2,0,0,0,1,0,0,1,0,0,0,0,1,0
359,1,2633.961131,0.354717697,1,0,1,0,1,0,1,0,0,1,0,0,0,0
218,4,1485.723171,0.642392183,1,0,1,0,1,0,1,0,0,1,0,0,0,0
188,1,1791.705933,0.556327196,0,0,0,0,1,0,0,0,1,0,0,0,0,1
621,5,218.1430795,0.365687271,2,0,0,0,1,0,1,0,0,1,0,0,0,0
243,5,135.0436366,0.531303646,0,0,0,0,1,0,1,0,0,1,0,0,0,0
850,6,227.7830382,0.417026783,0,0,0,0,1,0,0,0,1,0,0,1,0,0
83,4,119.3379817,0.236722411,2,0,0,0,0,1,0,1,0,1,0,0,0,0
839,2,1281.508497,0.577690131,2,0,0,1,0,0,1,0,0,0,1,0,0,0
542,2,1866.790661,0.538561278,1,0,0,0,1,0,1,0,0,0,0,1,0,0
480,4,293.7751568,0.267006927,0,0,0,0,1,0,1,0,0,0,0,1,0,0
391,1,1675.976772,0.489591156,0,1,0,0,1,0,0,1,0,1,0,0,0,0
579,1,45.28606389,0.151123213,0,0,0,0,1,0,1,0,0,1,0,0,0,0
492,7,904.9659226,0.40396405,1,1,1,0,1,0,0,0,1,0,0,0,0,1
720,6,599.7625292,0.381458668,2,1,0,0,1,0,0,1,0,1,0,0,0,0
522,3,259.1928523,0.158372274,2,0,0,0,0,1,1,0,0,1,0,0,0,0
530,5,1169.508059,0.375501471,2,0,1,0,1,0,0,1,0,1,0,0,0,0
427,2,190.6537542,0.091666041,4,0,1,0,0,1,1,0,0,1,0,0,0,0
488,5,430.4882404,0.325172949,1,0,0,0,1,0,1,0,0,0,1,0,0,0
561,8,989.9115405,0.401042604,3,0,1,0,1,0,0,1,0,1,0,0,0,0
157,5,330.2685407,0.210760336,0,0,0,0,1,0,1,0,0,0,1,0,0,0
230,2,1546.806932,0.295640361,2,0,0,0,1,0,0,1,0,1,0,0,0,0
648,5,1604.518844,0.076382082,2,0,0,0,1,0,0,0,1,1,0,0,0,0
534,5,181.0492711,0.250573858,2,1,0,0,1,0,0,0,1,1,0,0,0,0
463,7,464.412117,0.636960393,0,0,1,0,1,0,0,1,0,1,0,0,0,0
503,5,452.5248959,0.292037704,1,0,0,0,1,0,0,0,1,0,1,0,0,0
569,2,422.1673964,0.418475846,3,0,1,0,1,0,1,0,0,0,0,1,0,0
392,4,557.6794049,0.254641127,2,0,1,0,0,1,0,1,0,0,0,0,0,1
344,6,61.82136813,0.411285421,3,0,1,0,1,0,1,0,0,1,0,0,0,0
539,2,1632.484386,0.561136296,0,0,0,0,1,0,1,0,0,1,0,0,0,0
304,2,273.8962285,0.428500745,2,0,0,0,1,0,0,1,0,1,0,0,0,0
581,1,1.451230261,0.361384034,1,0,0,0,0,1,1,0,0,0,0,1,0,0
159,4,924.4101117,0.26509625,3,0,1,0,1,0,1,0,0,0,0,1,0,0
705,4,840.9374766,0.496229908,2,0,0,0,1,0,1,0,0,0,0,1,0,0
594,5,3267.303766,0.351927977,3,0,1,0,1,0,1,0,0,0,0,1,0,0
551,1,1016.224611,0.492529401,0,0,0,0,1,0,1,0,0,1,0,0,0,0
696,6,323.6197701,0.202981067,1,1,0,0,1,0,1,0,0,1,0,0,0,0
833,5,2439.602728,0.227531938,3,0,1,0,0,1,1,0,0,0,0,1,0,0
702,4,363.7399953,0.083605908,0,0,0,0,0,1,0,0,1,1,0,0,0,0
131,6,1377.389895,0.441652691,2,0,0,0,1,0,1,0,0,1,0,0,0,0
244,4,327.1859123,0.30952875,3,0,1,0,1,0,1,0,0,1,0,0,0,0
375,1,39.94763831,0.349119673,0,1,0,0,1,0,1,0,0,0,0,1,0,0
505,2,1058.760403,0.659587497,2,0,1,0,1,0,1,0,0,1,0,0,0,0
603,5,344.8859821,0.077276428,2,0,0,0,0,1,1,0,0,0,1,0,0,0
354,4,331.0652464,0.395106275,2,0,0,0,1,0,0,1,0,0,0,1,0,0
537,3,1006.606989,0.635423414,2,0,1,0,1,0,0,0,1,0,0,0,0,1
348,7,310.9310679,0.546169361,2,0,1,0,1,0,0,1,0,0,0,1,0,0
377,2,100.4621016,0.088466889,3,1,1,0,0,1,0,0,1,1,0,0,0,0
218,5,414.6968848,0.251699339,1,1,0,0,1,0,0,1,0,1,0,0,0,0
315,5,1389.10843,0.328470387,1,0,1,0,1,0,1,0,0,1,0,0,0,0
229,3,111.5977109,0.349500546,2,1,1,0,1,0,0,1,0,1,0,0,0,0
304,1,646.8119048,0.394464159,2,0,1,0,1,0,0,1,0,0,0,0,1,0
710,3,113.4898678,0.204122621,1,0,0,1,0,0,1,0,0,0,0,1,0,0
310,3,40.34680366,0.159663673,1,0,0,0,1,0,0,0,1,0,1,0,0,0
1026,8,380.7655636,0.105624545,1,0,1,0,1,0,0,0,1,0,0,1,0,0
598,2,858.0827358,0.262653687,1,0,0,0,1,0,0,1,0,0,1,0,0,0
536,4,257.2529223,0.621105645,1,0,1,0,0,1,1,0,0,0,0,1,0,0
328,5,472.0843336,0.328375798,2,0,0,0,1,0,1,0,0,1,0,0,0,0
640,4,540.7660966,0.391814495,1,0,1,0,1,0,0,1,0,1,0,0,0,0
384,3,1472.542731,0.071595067,1,0,1,0,1,0,1,0,0,1,0,0,0,0
524,5,1367.314707,0.515621586,3,0,1,0,1,0,1,0,0,0,0,1,0,0
1012,1,1.879975093,0.369991038,3,0,1,0,0,1,1,0,0,0,1,0,0,0
480,2,427.4378111,0.312542095,1,0,0,0,0,1,0,1,0,0,1,0,0,0
729,4,853.9026275,0.117863375,1,1,0,0,1,0,0,1,0,0,1,0,0,0
359,4,1530.578738,0.247535987,4,0,1,0,1,0,0,1,0,1,0,0,0,0
493,5,40.10699108,0.44339215,1,1,0,1,0,0,1,0,0,0,1,0,0,0
854,4,791.6233362,0.16459798,2,0,0,0,1,0,0,0,1,1,0,0,0,0
374,1,1476.226925,0.380038288,3,0,1,0,1,0,0,1,0,0,1,0,0,0
862,8,235.5784855,0.590497991,5,0,1,0,1,0,0,1,0,0,1,0,0,0
641,3,183.7885166,0.206642715,1,0,1,0,1,0,0,1,0,0,0,1,0,0
387,2,504.662979,0.124140308,1,0,1,0,1,0,0,1,0,0,0,0,1,0
626,5,2628.431025,0.091014215,2,0,0,0,0,1,0,0,1,1,0,0,0,0
694,2,944.4300395,0.363462653,1,0,1,0,0,1,0,1,0,1,0,0,0,0
624,6,441.9920541,0.546117382,1,0,0,0,1,0,1,0,0,0,0,1,0,0
185,5,16.86680257,0.09454823,1,1,0,0,1,0,0,1,0,1,0,0,0,0
354,1,650.8535055,0.249335997,0,0,0,0,1,0,1,0,0,0,1,0,0,0
450,6,343.1360318,0.466697887,1,0,0,0,1,0,1,0,0,0,1,0,0,0
485,4,164.3545471,0.627339577,1,0,1,0,1,0,1,0,0,0,0,1,0,0
624,6,554.7547431,0.180722959,1,0,0,0,1,0,1,0,0,1,0,0,0,0
535,3,334.090033,0.626035547,4,0,1,1,0,0,1,0,0,0,0,0,0,1
232,5,31.59553657,0.126878168,2,0,1,0,0,1,1,0,0,0,1,0,0,0
576,1,1034.26076,0.232353358,1,0,0,0,1,0,0,1,0,1,0,0,0,0
622,5,1055.156593,0.047929381,3,0,1,0,1,0,0,1,0,1,0,0,0,0
611,4,771.6108901,0.15757426,0,0,0,0,1,0,1,0,0,0,0,1,0,0
716,4,1470.178998,0.393019708,1,0,0,1,0,0,1,0,0,1,0,0,0,0
666,2,181.702728,0.444441196,2,0,0,0,1,0,1,0,0,1,0,0,0,0
591,4,269.7237133,0.240199929,1,1,1,0,1,0,0,0,1,0,1,0,0,0
485,5,490.9599533,0.315322429,2,0,1,0,1,0,1,0,0,1,0,0,0,0
167,5,49.64942962,0.212362686,0,0,1,0,0,1,1,0,0,0,0,0,0,1
585,3,1720.205635,0.222353339,1,1,1,0,0,1,1,0,0,1,0,0,0,0
541,2,539.6623024,0.29593694,1,0,1,0,1,0,0,0,1,0,1,0,0,0
554,5,314.0350498,0.394144303,0,0,0,0,0,1,1,0,0,1,0,0,0,0
244,4,520.0141355,0.507649508,1,0,0,0,1,0,1,0,0,1,0,0,0,0
283,2,314.5879481,0.141947135,1,1,0,0,1,0,1,0,0,0,1,0,0,0
710,5,269.7930567,0.137552902,1,1,0,0,0,1,0,0,1,0,1,0,0,0
492,4,475.3925102,0.673498734,1,0,1,0,0,1,1,0,0,0,0,1,0,0
636,2,526.0768188,0.350042291,0,1,0,0,1,0,0,1,0,0,0,0,1,0
505,3,454.4042562,0.700548219,1,0,1,0,1,0,0,1,0,1,0,0,0,0
505,6,635.1362819,0.220965492,1,0,0,0,0,1,1,0,0,1,0,0,0,0
687,4,1223.684805,0.474279697,2,0,1,0,0,1,0,0,1,0,0,0,0,1
396,4,47.17875153,0.353729139,1,0,0,0,0,1,1,0,0,1,0,0,0,0
519,4,1335.005128,0.299775286,1,0,0,0,1,0,0,0,1,1,0,0,0,0
407,3,207.5705494,0.276432446,2,0,0,1,0,0,0,1,0,1,0,0,0,0
413,3,232.381223,0.024797461,2,1,0,1,0,0,0,0,1,0,0,0,1,0
438,4,731.9662746,0.492976168,0,0,0,0,1,0,1,0,0,0,0,1,0,0
544,2,2972.878936,0.429926397,1,0,0,0,0,1,1,0,0,1,0,0,0,0
404,4,14.0419848,0.832297368,1,0,1,0,1,0,1,0,0,1,0,0,0,0
751,5,894.562978,0.220286949,1,1,0,0,1,0,0,1,0,1,0,0,0,0
321,5,954.9466213,0.629018504,0,0,1,0,1,0,1,0,0,0,1,0,0,0
462,5,681.9991091,0.519099802,2,1,0,0,1,0,0,0,1,1,0,0,0,0
412,7,7.789895257,0.359679868,2,0,1,0,1,0,0,1,0,0,0,0,0,1
789,4,745.838123,0.281357911,2,1,1,0,0,1,0,0,1,0,0,0,0,1
539,2,97.75336983,0.270339584,2,0,0,0,1,0,0,1,0,0,0,1,0,0
706,4,65.02677904,0.130155036,1,0,0,0,1,0,0,1,0,0,0,1,0,0
202,4,952.744144,0.284951117,3,0,1,0,0,1,1,0,0,1,0,0,0,0
553,3,963.8039698,0.25897516,0,0,0,0,1,0,0,0,1,1,0,0,0,0
677,5,1765.179229,0.072826735,2,0,0,0,1,0,0,1,0,1,0,0,0,0
516,3,2.708956483,0.287748444,1,0,1,0,1,0,1,0,0,0,0,0,1,0
713,5,380.8300508,0.468557569,2,0,1,0,1,0,0,0,1,1,0,0,0,0
396,6,9.878337379,0.275769844,2,0,1,0,1,0,0,0,1,0,0,0,0,1
781,1,362.8791983,0.559672861,2,0,1,0,0,1,1,0,0,0,1,0,0,0
959,3,541.2805666,0.117390355,1,0,0,0,1,0,0,0,1,1,0,0,0,0
427,5,603.5571986,0.761940825,1,1,1,0,0,1,1,0,0,1,0,0,0,0
410,6,351.961661,0.253648878,1,0,0,0,1,0,1,0,0,1,0,0,0,0
790,4,1033.664533,0.246389984,0,1,0,0,1,0,1,0,0,1,0,0,0,0
815,4,429.7287289,0.317998004,2,0,0,0,1,0,0,0,1,0,0,1,0,0
395,5,582.4005216,0.499076347,1,0,0,0,0,1,0,1,0,1,0,0,0,0
415,3,1287.900811,0.108740722,1,0,0,0,1,0,0,0,1,0,0,0,1,0
443,2,153.2216943,0.103401278,2,0,0,0,1,0,0,1,0,1,0,0,0,0
231,1,309.5838933,0.115814306,2,0,0,0,1,0,0,0,1,1,0,0,0,0
316,5,589.5615631,0.186309527,2,0,0,0,1,0,0,0,1,1,0,0,0,0
299,3,1167.498942,0.504504461,1,0,0,0,1,0,0,0,1,1,0,0,0,0
346,8,443.2028513,0.322878764,3,0,1,0,1,0,1,0,0,1,0,0,0,0
493,2,60.44012077,0.127244055,4,0,1,0,1,0,1,0,0,1,0,0,0,0
546,5,3595.657027,0.46593284,1,0,1,0,0,1,0,1,0,1,0,0,0,0
810,4,984.5566234,0.34149938,0,0,0,0,1,0,1,0,0,0,0,1,0,0
300,4,1026.225633,0.394089617,0,0,0,0,1,0,0,0,1,1,0,0,0,0
696,7,500.5477181,0.077188646,1,1,1,0,1,0,0,0,1,1,0,0,0,0
457,4,633.5612667,0.230895931,1,0,0,0,1,0,1,0,0,1,0,0,0,0
490,7,4099.282036,0.662121209,3,0,1,0,0,1,1,0,0,1,0,0,0,0
634,3,723.3231526,0.449165123,3,1,1,0,1,0,0,1,0,1,0,0,0,0
275,6,197.6718567,0.151508244,4,1,1,0,1,0,0,1,0,0,0,1,0,0
576,8,2667.872555,0.559860791,2,0,1,0,0,1,0,1,0,0,0,0,0,1
533,6,617.3414763,0.545143993,0,1,0,0,1,0,1,0,0,1,0,0,0,0
598,4,16.71202733,0.435705324,1,0,0,0,1,0,1,0,0,0,0,1,0,0
557,5,681.4357905,0.656278808,3,0,1,0,1,0,0,1,0,1,0,0,0,0
991,3,58.46577978,0.1376774,2,0,1,0,0,1,0,1,0,1,0,0,0,0
372,1,599.9235598,0.477533694,2,0,0,1,0,0,1,0,0,0,0,0,0,1
393,1,1395.893152,0.545464481,2,1,0,0,0,1,1,0,0,0,0,0,0,1
375,3,619.2539285,0.35727971,4,0,1,0,1,0,1,0,0,0,0,1,0,0
388,6,374.0256164,0.037476865,2,0,0,1,0,0,1,0,0,1,0,0,0,0
372,2,1713.801145,0.441778079,2,1,0,0,1,0,0,0,1,1,0,0,0,0
737,1,2100.329555,0.519991659,0,0,0,0,1,0,1,0,0,0,1,0,0,0
784,2,341.5442558,0.132995064,1,0,0,0,0,1,0,0,1,0,0,1,0,0
385,5,552.8407577,0.249040763,3,0,1,0,1,0,1,0,0,0,0,1,0,0
333,3,3255.985225,0.464827931,2,0,0,0,1,0,0,1,0,0,1,0,0,0
594,3,156.91006,0.349662636,1,0,1,0,1,0,0,1,0,1,0,0,0,0
389,5,283.232147,0.501060212,2,0,0,0,1,0,0,1,0,0,0,1,0,0
626,2,447.4840955,0.500365738,0,0,0,0,0,1,1,0,0,1,0,0,0,0
540,3,85.07840015,0.456961244,2,0,0,0,1,0,1,0,0,1,0,0,0,0
196,1,254.0101646,0.369538385,2,0,0,0,1,0,0,1,0,1,0,0,0,0
809,8,629.4191114,0.529555619,2,0,1,0,1,0,0,1,0,0,0,1,0,0
859,6,207.5328745,0.373287751,2,0,1,0,0,1,1,0,0,1,0,0,0,0
377,4,927.4162416,0.051414752,0,0,1,0,0,1,1,0,0,0,0,0,0,1
422,3,341.7655857,0.098303951,2,0,0,0,1,0,0,0,1,1,0,0,0,0
557,2,75.26828811,0.39939009,0,1,0,1,0,0,0,0,1,1,0,0,0,0
566,1,1156.947687,0.306317258,3,0,1,0,0,1,1,0,0,1,0,0,0,0
631,5,670.383564,0.431652093,2,0,0,0,1,0,0,0,1,1,0,0,0,0
902,6,1393.778102,0.196022734,0,0,0,0,1,0,0,1,0,1,0,0,0,0
464,5,357.219226,0.089688015,0,0,0,0,1,0,1,0,0,1,0,0,0,0
340,1,15.65574281,0.360839225,2,0,0,0,0,1,1,0,0,0,1,0,0,0
224,7,38.25084787,0.648901245,5,0,1,0,1,0,0,1,0,0,0,1,0,0
353,1,1269.553571,0.102184305,0,0,0,0,1,0,0,0,1,1,0,0,0,0
493,3,422.9761066,0.341603725,0,1,0,0,1,0,1,0,0,0,1,0,0,0
858,3,2996.722432,0.136291846,2,0,0,0,0,1,0,1,0,0,0,1,0,0
396,1,1419.017951,0.434226129,2,1,1,0,1,0,0,0,1,0,0,1,0,0
544,3,13.00260326,0.111080411,3,0,1,0,0,1,0,0,1,0,0,0,1,0
496,3,1632.054827,0.710134533,3,0,1,0,0,1,1,0,0,1,0,0,0,0
737,4,191.4855993,0.539999863,2,0,0,0,1,0,0,1,0,0,0,0,1,0
1005,5,532.8380586,0.584020326,1,1,0,0,1,0,1,0,0,0,0,1,0,0
393,2,564.3723485,0.497569269,2,0,0,0,1,0,0,1,0,1,0,0,0,0
402,4,49.26308339,0.400812217,1,0,0,0,0,1,0,1,0,0,0,0,1,0
708,3,107.4339367,0.176880279,0,0,0,0,1,0,0,1,0,1,0,0,0,0
636,6,439.9961339,0.163790254,2,1,0,0,1,0,1,0,0,1,0,0,0,0
869,4,823.1664722,0.412466508,1,0,1,0,1,0,0,1,0,1,0,0,0,0
616,1,245.6734929,0.665769165,2,1,1,0,1,0,1,0,0,0,0,1,0,0
428,5,597.915388,0.17443981,0,0,0,0,0,1,1,0,0,0,0,0,1,0
618,5,381.3137774,0.258464754,4,0,1,0,1,0,0,1,0,1,0,0,0,0
721,5,796.1881634,0.1720474,1,0,0,0,0,1,0,0,1,0,0,0,1,0
664,7,441.9256882,0.594103476,3,0,1,0,1,0,0,1,0,1,0,0,0,0
601,5,1526.453615,0.217281051,1,0,0,0,1,0,1,0,0,1,0,0,0,0
713,5,3295.43794,0.579345394,1,0,0,1,0,0,0,0,1,1,0,0,0,0
733,3,1953.954491,0.115621005,1,0,0,0,1,0,1,0,0,0,0,1,0,0
776,4,147.7194772,0.512128633,3,0,1,0,0,1,1,0,0,0,0,1,0,0
629,6,488.7785834,0.228868933,2,0,0,0,1,0,0,1,0,1,0,0,0,0
466,5,491.1993012,0.413653883,1,0,0,0,1,0,1,0,0,1,0,0,0,0
529,4,1468.400535,0.229660201,1,0,0,0,1,0,0,1,0,0,0,1,0,0
741,3,353.5240291,0.65030092,0,0,1,1,0,0,0,1,0,1,0,0,0,0
336,2,638.0986821,0.077932362,2,0,0,1,0,0,0,1,0,1,0,0,0,0
573,4,751.8092296,0.166572464,1,0,0,0,1,0,1,0,0,1,0,0,0,0
421,1,94.59522055,0.1510495,0,0,0,0,1,0,1,0,0,0,0,0,0,1
505,6,653.0859688,0.285231318,2,0,0,0,1,0,0,0,1,0,0,1,0,0
755,7,226.7836532,0.692776034,1,0,1,0,1,0,1,0,0,0,0,0,1,0
538,3,185.1592377,0.568901432,2,0,0,0,0,1,1,0,0,1,0,0,0,0
509,1,230.4823476,0.188444277,2,0,0,0,1,0,1,0,0,0,0,1,0,0
228,3,83.7126186,0.102386201,1,1,0,1,0,0,1,0,0,1,0,0,0,0
649,6,57.82454544,0.159682923,0,0,0,0,1,0,1,0,0,1,0,0,0,0
629,5,832.7269894,0.011856134,2,0,0,0,0,1,1,0,0,1,0,0,0,0
932,7,2263.887728,0.054230512,2,0,1,0,1,0,0,0,1,1,0,0,0,0
438,3,931.8007015,0.507816979,4,0,1,0,1,0,0,0,1,1,0,0,0,0
543,2,299.0052735,0.221179999,2,0,0,1,0,0,0,1,0,0,1,0,0,0
549,1,326.4306467,0.198015391,2,0,0,0,1,0,0,1,0,1,0,0,0,0
815,4,623.6426927,0.49362714,3,1,1,0,0,1,1,0,0,0,0,1,0,0
480,7,1609.736663,0.262351962,1,0,1,1,0,0,0,0,1,0,0,0,0,1
555,4,180.9831955,0.501207394,1,0,0,0,1,0,1,0,0,1,0,0,0,0
621,4,505.6587666,0.318500705,1,0,1,0,1,0,1,0,0,1,0,0,0,0
537,3,552.8342729,0.034146712,1,0,0,0,1,0,1,0,0,0,1,0,0,0
410,4,2141.515951,0.045348254,1,0,0,0,1,0,1,0,0,0,0,1,0,0
538,6,614.5602079,0.755091437,3,0,1,0,1,0,1,0,0,0,1,0,0,0
714,4,1214.430744,0.123060865,0,0,0,0,1,0,1,0,0,1,0,0,0,0
294,5,73.51784654,0.203444114,2,0,1,0,1,0,0,0,1,0,0,1,0,0
526,1,316.7171626,0.390100311,2,0,0,0,1,0,0,1,0,0,0,1,0,0
359,5,756.2120777,0.447597702,1,0,0,0,1,0,0,1,0,1,0,0,0,0
739,4,905.6639441,0.172654459,2,0,0,0,1,0,1,0,0,1,0,0,0,0
195,3,1731.735714,0.405562072,3,1,1,0,1,0,1,0,0,0,0,0,1,0
388,2,714.1057422,0.371451916,3,1,1,0,1,0,0,1,0,1,0,0,0,0
575,4,273.5182587,0.428195047,1,0,0,0,1,0,0,1,0,0,0,1,0,0
813,4,619.6510791,0.17044047,1,0,0,0,1,0,0,0,1,1,0,0,0,0
486,3,994.5313734,0.682268998,2,0,1,0,1,0,1,0,0,0,1,0,0,0
388,6,1227.261059,0.243672692,3,0,1,0,1,0,1,0,0,1,0,0,0,0
876,6,2314.313442,0.268300155,2,0,0,0,0,1,0,1,0,1,0,0,0,0
210,7,169.3205214,0.131843245,2,0,1,0,1,0,0,0,1,0,1,0,0,0
64,2,865.2747336,0.438584779,1,0,0,0,1,0,1,0,0,0,1,0,0,0
588,1,178.8236562,0.139719064,1,0,0,1,0,0,0,1,0,0,0,1,0,0
399,5,306.0307502,0.191708428,1,0,1,0,0,1,1,0,0,1,0,0,0,0
295,5,123.234081,0.609450941,1,0,1,0,1,0,0,0,1,1,0,0,0,0
641,3,1186.222162,0.509331546,1,0,0,0,1,0,0,1,0,0,1,0,0,0
548,2,1962.721926,0.171428603,1,0,0,0,1,0,1,0,0,1,0,0,0,0
387,5,24.30864835,0.091638277,2,1,0,0,1,0,0,1,0,0,0,1,0,0
243,6,1343.493698,0.347237308,1,0,0,1,0,0,0,1,0,0,0,0,1,0
674,4,221.3993855,0.544248065,0,0,0,0,1,0,1,0,0,1,0,0,0,0
630,3,533.935532,0.222138022,0,1,0,0,0,1,1,0,0,1,0,0,0,0
480,3,1103.357064,0.346580781,1,0,0,0,1,0,1,0,0,0,1,0,0,0
869,4,565.5605246,0.117244247,1,0,0,1,0,0,0,0,1,0,0,1,0,0
285,7,210.3914627,0.080108934,3,0,1,0,1,0,1,0,0,1,0,0,0,0
194,7,1892.979862,0.341016718,2,1,1,0,1,0,1,0,0,0,0,1,0,0
361,4,720.2997394,0.743626191,2,0,1,0,1,0,1,0,0,0,0,0,1,0
490,4,2141.887805,0.113372344,0,0,1,0,1,0,0,1,0,0,0,0,0,1
548,4,1499.980724,0.561152735,0,0,0,0,1,0,1,0,0,1,0,0,0,0
451,7,1673.779225,0.419849004,0,1,1,0,0,1,0,0,1,0,0,1,0,0
570,4,359.1734707,0.360361618,2,0,1,0,1,0,1,0,0,0,0,0,0,1
249,3,3493.876303,0.170030564,2,0,0,0,0,1,1,0,0,1,0,0,0,0
788,5,1530.569487,0.429004029,1,0,0,0,1,0,1,0,0,1,0,0,0,0
483,2,329.5169846,0.443247517,0,0,0,0,1,0,1,0,0,1,0,0,0,0
723,4,1813.892959,0.112325286,1,0,0,1,0,0,1,0,0,1,0,0,0,0
568,1,1126.154407,0.276520933,1,0,0,0,1,0,0,0,1,0,1,0,0,0
591,4,1033.186065,0.370429464,0,1,0,0,1,0,0,1,0,1,0,0,0,0
613,5,4.996233408,0.209537318,1,0,0,0,1,0,0,0,1,1,0,0,0,0
589,7,18.26117643,0.516583914,3,0,1,0,1,0,1,0,0,0,0,1,0,0
628,2,949.4108134,0.218150158,3,0,1,0,0,1,0,1,0,1,0,0,0,0
765,2,261.3418613,0.528497475,1,0,0,0,1,0,0,1,0,1,0,0,0,0
539,2,48.24033459,0.281984041,1,0,0,0,1,0,1,0,0,1,0,0,0,0
641,5,269.4430213,0.426185373,1,0,0,0,0,1,0,1,0,0,0,0,1,0
482,5,1455.68024,0.441755997,2,0,0,0,1,0,0,0,1,1,0,0,0,0
788,6,508.8266188,0.150533138,1,0,0,0,1,0,1,0,0,0,0,1,0,0
364,4,764.8141165,0.712037804,2,0,1,1,0,0,1,0,0,1,0,0,0,0
860,3,1289.574546,0.2213438,0,0,0,0,1,0,0,0,1,1,0,0,0,0
491,4,312.5098347,0.304805847,2,0,1,0,0,1,1,0,0,0,0,0,0,1
213,2,8.966791445,0.088685899,1,0,1,0,1,0,0,1,0,0,0,1,0,0
525,4,312.4467168,0.076719333,2,1,0,0,0,1,1,0,0,1,0,0,0,0
363,6,2511.282952,0.346915281,3,0,1,0,0,1,0,1,0,1,0,0,0,0
668,4,526.6642829,0.427411827,3,0,1,0,1,0,0,1,0,0,0,1,0,0
369,3,674.8181898,0.235111283,2,0,0,0,1,0,0,1,0,1,0,0,0,0
410,3,1143.125566,0.057636755,1,0,0,0,1,0,0,0,1,1,0,0,0,0
122,3,97.67388669,0.144043916,3,0,1,0,0,1,1,0,0,1,0,0,0,0
409,4,1059.214618,0.245680732,1,1,1,0,1,0,0,0,1,0,0,1,0,0
64,1,282.7777158,0.524199652,1,0,0,0,1,0,1,0,0,1,0,0,0,0
183,3,393.0295304,0.196526847,0,0,0,0,1,0,0,1,0,0,0,1,0,0
652,3,251.2097381,0.51231615,3,0,1,1,0,0,1,0,0,1,0,0,0,0
657,6,133.3591073,0.194629902,3,0,1,0,1,0,1,0,0,0,1,0,0,0
585,6,358.8584881,0.560041205,3,0,1,0,1,0,0,1,0,1,0,0,0,0
306,4,79.53717054,0.273045465,1,0,0,0,1,0,1,0,0,1,0,0,0,0
490,5,1490.319452,0.397430819,3,1,1,0,1,0,1,0,0,1,0,0,0,0
499,6,292.1648148,0.567320952,2,0,0,0,1,0,1,0,0,1,0,0,0,0
268,1,848.168879,0.148566282,1,0,0,0,1,0,0,1,0,1,0,0,0,0
800,4,281.5723331,0.305808686,2,1,1,0,0,1,0,1,0,0,0,0,0,1
675,3,189.2911384,0.41440821,1,0,0,1,0,0,0,0,1,0,1,0,0,0
455,2,1000.452184,0.21100002,2,0,0,0,1,0,0,0,1,1,0,0,0,0
505,8,782.5410373,0.656718171,3,0,1,0,1,0,0,1,0,0,0,1,0,0
541,2,196.8277845,0.36156673,2,0,1,0,1,0,1,0,0,1,0,0,0,0
91,1,757.5982201,0.571912489,3,0,1,0,1,0,1,0,0,1,0,0,0,0
450,1,4.011382396,0.355440384,2,0,0,0,1,0,1,0,0,0,1,0,0,0
363,2,155.75626,0.130580847,1,0,0,0,1,0,1,0,0,0,1,0,0,0
299,2,1040.839304,0.176615069,2,1,0,0,1,0,0,0,1,0,0,0,1,0
443,4,422.3105134,0.115794937,2,1,0,0,0,1,0,0,1,1,0,0,0,0
859,6,182.1519835,0.381430018,1,0,0,0,0,1,1,0,0,0,1,0,0,0
628,6,564.0403991,0.335371329,2,0,0,0,1,0,0,0,1,0,1,0,0,0
385,8,500.715379,0.285087725,0,0,1,0,1,0,0,0,1,1,0,0,0,0
614,8,803.9583172,0.352201505,1,0,1,0,0,1,0,0,1,1,0,0,0,0
779,6,60.24304052,0.511700689,1,0,0,1,0,0,1,0,0,1,0,0,0,0
684,3,1368.953421,0.378189609,4,0,1,0,1,0,1,0,0,1,0,0,0,0
511,6,48.03509448,0.010289912,1,0,1,0,1,0,1,0,0,0,0,1,0,0
370,5,483.8970187,0.149267166,3,0,1,0,1,0,1,0,0,1,0,0,0,0
639,4,991.6054431,0.187332196,3,0,1,0,1,0,1,0,0,0,0,1,0,0
578,6,338.2652706,0.040150885,1,0,0,0,1,0,1,0,0,0,0,1,0,0
679,5,1927.410782,0.358817353,0,0,0,0,1,0,0,0,1,0,0,1,0,0
627,3,1125.955095,0.258130701,2,0,1,0,1,0,1,0,0,1,0,0,0,0
709,4,444.1676983,0.26680656,0,0,0,0,1,0,0,1,0,1,0,0,0,0
392,3,162.5025551,0.431362586,2,0,0,0,1,0,0,0,1,1,0,0,0,0
763,2,35.5284979,0.139346092,1,0,0,1,0,0,0,0,1,1,0,0,0,0
539,8,1294.235494,0.483831444,0,0,1,0,1,0,0,1,0,0,0,1,0,0
915,4,172.8094798,0.581493992,0,0,0,0,1,0,0,1,0,0,0,1,0,0
362,2,251.4116064,0.201111934,2,0,0,0,1,0,1,0,0,0,0,1,0,0
847,2,8.346075043,0.621540421,2,0,1,0,1,0,1,0,0,1,0,0,0,0
539,3,14.71603286,0.815798002,3,0,1,0,1,0,1,0,0,0,0,0,0,1
369,2,209.5266663,0.446582194,2,0,0,0,1,0,1,0,0,1,0,0,0,0
403,5,1650.02655,0.278638188,1,0,0,0,1,0,0,0,1,1,0,0,0,0
435,4,1214.300702,0.243996345,2,0,1,0,1,0,1,0,0,0,0,1,0,0
584,5,1175.299559,0.25911858,2,0,0,0,1,0,1,0,0,1,0,0,0,0
604,4,1403.73177,0.145276627,2,0,0,0,0,1,0,1,0,0,1,0,0,0
385,2,165.2391739,0.676142493,1,0,1,0,1,0,0,1,0,0,0,1,0,0
495,4,3093.077361,0.238576152,2,0,0,0,1,0,1,0,0,0,1,0,0,0
928,5,211.3731205,0.164566858,1,0,0,0,1,0,1,0,0,1,0,0,0,0
845,1,129.9491237,0.357817928,1,0,1,0,1,0,0,1,0,1,0,0,0,0
587,5,279.242898,0.454605462,2,0,0,0,1,0,0,1,0,1,0,0,0,0
507,4,604.790086,0.276805734,2,1,0,0,1,0,0,1,0,0,1,0,0,0
524,5,106.3047078,0.463395694,1,0,1,1,0,0,1,0,0,1,0,0,0,0
622,2,1073.427126,0.32557721,0,0,0,0,0,1,1,0,0,1,0,0,0,0
295,5,371.5693732,0.397231857,3,0,1,0,1,0,1,0,0,1,0,0,0,0
448,4,672.235487,0.225710559,2,0,0,0,0,1,1,0,0,0,1,0,0,0
166,1,1060.117337,0.108575884,3,0,1,0,1,0,1,0,0,0,1,0,0,0
579,4,1857.363344,0.506463624,1,1,0,1,0,0,0,0,1,1,0,0,0,0
629,4,1368.941625,0.556815063,4,1,1,0,1,0,0,1,0,1,0,0,0,0
403,10,616.8327947,0.167583776,1,0,1,0,1,0,0,1,0,1,0,0,0,0
814,5,3783.942586,0.614241178,3,0,1,0,1,0,1,0,0,1,0,0,0,0
254,3,603.5742552,0.498683284,2,0,0,0,1,0,1,0,0,1,0,0,0,0
207,3,614.2485798,0.782169045,1,0,1,0,0,1,1,0,0,1,0,0,0,0
544,2,138.0441895,0.210885807,1,0,0,0,0,1,1,0,0,0,0,1,0,0
709,6,128.8118477,0.198839228,2,0,0,0,1,0,0,1,0,1,0,0,0,0
836,3,147.8127147,0.241712818,2,0,0,0,0,1,0,1,0,0,1,0,0,0
408,2,716.8402877,0.524924817,2,0,0,0,0,1,0,0,1,0,0,1,0,0
715,1,429.1498753,0.191965339,3,0,1,0,1,0,0,1,0,1,0,0,0,0
492,4,390.0578084,0.355086463,2,0,0,0,1,0,0,0,1,0,0,1,0,0
465,6,109.1675504,0.286149073,0,0,0,0,1,0,0,0,1,1,0,0,0,0
676,5,383.8366039,0.372351499,0,0,0,0,1,0,0,0,1,0,0,1,0,0
630,5,379.8391233,0.23996233,2,1,0,0,1,0,0,1,0,1,0,0,0,0
184,5,775.7835376,0.104306204,1,0,0,0,1,0,1,0,0,1,0,0,0,0
795,1,393.354131,0.315533967,4,1,1,0,1,0,1,0,0,0,1,0,0,0
776,4,434.0759934,0.883024231,2,0,1,0,1,0,0,0,1,1,0,0,0,0
374,3,254.5602658,0.665785665,1,0,1,0,0,1,1,0,0,0,1,0,0,0
579,6,112.793758,0.619249148,3,0,1,0,1,0,1,0,0,0,1,0,0,0
598,2,285.3523959,0.306302926,0,0,0,0,1,0,1,0,0,1,0,0,0,0
552,4,34.96537134,0.707790369,1,0,1,0,1,0,0,1,0,0,0,1,0,0
389,5,182.2334388,0.146908596,0,0,0,0,1,0,0,0,1,1,0,0,0,0
365,7,314.3777205,0.131244518,3,1,1,0,1,0,1,0,0,0,0,1,0,0
494,3,125.9279943,0.457068258,0,0,0,0,1,0,1,0,0,0,1,0,0,0
734,6,874.8273362,0.365105324,2,0,0,0,1,0,0,1,0,0,1,0,0,0
608,3,263.6537369,0.546035923,3,0,1,0,1,0,0,1,0,0,0,1,0,0
425,4,764.7065647,0.240281235,1,0,0,0,1,0,1,0,0,1,0,0,0,0
654,5,826.0026289,0.50560162,2,0,1,0,1,0,0,0,1,0,0,0,0,1
64,4,474.33497,0.137220285,0,0,1,0,1,0,0,1,0,0,0,0,0,1
729,3,476.9709364,0.645211853,0,0,1,0,1,0,1,0,0,1,0,0,0,0
152,3,696.7924873,0.164378062,3,1,1,0,1,0,1,0,0,1,0,0,0,0
427,5,243.5440072,0.55980455,1,1,1,0,1,0,1,0,0,0,0,0,0,1
276,7,17.17911169,0.487145108,1,0,1,0,0,1,0,0,1,0,0,0,0,1
241,3,828.5654255,0.260939193,3,1,1,0,1,0,1,0,0,0,0,0,1,0
732,6,750.2676824,0.206621787,1,0,0,0,0,1,1,0,0,1,0,0,0,0
406,3,517.5928652,0.247956243,1,0,0,0,0,1,1,0,0,0,0,1,0,0
569,7,1668.468208,0.466525914,1,0,1,0,1,0,0,1,0,1,0,0,0,0
490,3,568.4378839,0.69797697,2,0,1,0,1,0,1,0,0,1,0,0,0,0
595,5,289.3438594,0.222093414,4,0,1,0,1,0,0,1,0,0,0,0,0,1
515,13,1000.104021,0.523823896,0,0,1,0,1,0,1,0,0,0,1,0,0,0
243,3,2624.675888,0.596990865,2,0,0,0,1,0,0,0,1,1,0,0,0,0
699,8,1068.11268,0.437242877,2,0,1,0,1,0,0,1,0,1,0,0,0,0
401,5,1916.180452,0.473929297,2,0,0,0,1,0,1,0,0,1,0,0,0,0
188,3,95.67058169,0.557406352,2,0,0,0,1,0,1,0,0,1,0,0,0,0
414,7,103.1638656,0.154112065,2,0,1,0,0,1,1,0,0,1,0,0,0,0
800,4,134.3617125,0.177514824,2,0,0,0,1,0,0,1,0,1,0,0,0,0
670,5,970.8265188,0.191354272,1,0,0,0,0,1,0,1,0,1,0,0,0,0
430,7,395.0529699,0.616600851,0,1,1,1,0,0,0,0,1,0,0,0,1,0
430,6,519.6275613,0.41500229,1,0,0,1,0,0,1,0,0,1,0,0,0,0
435,4,242.9625722,0.385850595,3,0,1,0,0,1,1,0,0,0,1,0,0,0
915,3,1065.765632,0.420743838,2,0,0,0,1,0,0,1,0,1,0,0,0,0
576,6,1493.262188,0.26669554,1,0,0,0,1,0,0,1,0,0,0,1,0,0
586,4,139.686674,0.587342074,0,1,1,0,1,0,0,1,0,0,0,1,0,0
706,2,171.2817647,0.134050364,3,0,1,0,1,0,1,0,0,0,0,0,1,0
547,2,331.686341,0.239818645,1,0,0,0,0,1,0,0,1,1,0,0,0,0
448,5,262.9883804,0.673072777,2,0,1,1,0,0,1,0,0,0,1,0,0,0
460,1,606.6378278,0.307238694,2,0,0,0,1,0,1,0,0,0,1,0,0,0
485,5,1117.331835,0.156107653,0,0,0,0,1,0,1,0,0,1,0,0,0,0
492,4,1261.087645,0.610017847,1,0,1,0,1,0,1,0,0,1,0,0,0,0
645,1,187.0094688,0.586048099,3,1,1,0,1,0,0,0,1,1,0,0,0,0
510,4,154.4619354,0.558317131,4,0,1,0,1,0,1,0,0,1,0,0,0,0
646,1,361.6609057,0.293058685,1,0,0,0,1,0,1,0,0,1,0,0,0,0
483,2,127.8758538,0.101702354,1,0,0,0,0,1,1,0,0,0,0,1,0,0
515,4,77.02994354,0.148375616,1,1,0,0,1,0,1,0,0,1,0,0,0,0
100,3,222.2715287,0.196084894,0,0,0,0,0,1,0,0,1,1,0,0,0,0
683,5,400.6260159,0.286899789,4,0,1,0,1,0,0,0,1,0,0,0,1,0
569,2,709.0781577,0.307472137,1,0,0,0,0,1,1,0,0,0,0,1,0,0
699,3,1027.795821,0.333484785,1,1,0,0,1,0,1,0,0,1,0,0,0,0
64,3,201.6578932,0.816200643,3,1,1,0,0,1,0,0,1,0,0,1,0,0
917,4,1365.922023,0.122005121,2,0,0,0,1,0,0,1,0,1,0,0,0,0
472,2,27.40054103,0.0879295,1,0,0,0,1,0,0,1,0,1,0,0,0,0
721,3,469.6557729,0.493950769,0,1,0,0,1,0,0,1,0,1,0,0,0,0
292,2,802.0816197,0.086984474,0,0,0,0,0,1,0,1,0,1,0,0,0,0
622,4,275.4177729,0.29088447,1,0,0,0,1,0,1,0,0,0,0,1,0,0
289,2,920.830951,0.440669694,1,0,0,0,1,0,0,1,0,0,0,1,0,0
375,4,1614.246641,0.096951937,1,0,1,0,1,0,0,1,0,0,0,0,0,1
882,9,74.89165656,0.53290454,0,0,1,0,1,0,0,0,1,0,0,1,0,0
461,9,574.8711511,0.143584419,0,0,1,0,0,1,1,0,0,1,0,0,0,0
543,1,15.15912401,0.167728912,2,0,0,0,1,0,1,0,0,0,1,0,0,0
674,1,262.330378,0.315840153,0,0,0,0,1,0,1,0,0,1,0,0,0,0
599,1,117.8171101,0.433478204,2,0,1,1,0,0,0,1,0,1,0,0,0,0
530,5,783.1182392,0.385198605,0,0,1,0,0,1,0,1,0,0,0,1,0,0
572,6,228.7428002,0.27258389,2,0,0,0,0,1,1,0,0,1,0,0,0,0
980,5,265.4723342,0.449090122,1,0,1,0,1,0,0,1,0,1,0,0,0,0
488,2,184.1650391,0.319736201,1,0,1,0,1,0,0,1,0,1,0,0,0,0
540,5,223.5621601,0.452200213,1,0,0,0,1,0,1,0,0,1,0,0,0,0
710,4,204.0275785,0.538392407,1,0,1,0,0,1,1,0,0,1,0,0,0,0
721,5,957.5218101,0.418712325,2,0,1,0,1,0,0,0,1,0,0,0,0,1
737,2,2495.412646,0.152261847,2,0,0,0,1,0,0,1,0,0,1,0,0,0
627,2,539.0387445,0.288708244,2,0,0,0,1,0,0,1,0,1,0,0,0,0
271,1,733.8085531,0.315879989,1,0,0,0,1,0,0,0,1,0,0,0,0,1
826,7,1363.465574,0.167994966,1,0,1,0,0,1,1,0,0,1,0,0,0,0
270,3,517.1729499,0.365002961,0,1,0,0,1,0,1,0,0,0,1,0,0,0
560,1,287.6568701,0.285166004,2,0,0,0,1,0,1,0,0,0,0,0,0,1
349,6,2412.337013,0.119020521,2,0,0,0,0,1,1,0,0,0,1,0,0,0
487,4,1892.901869,0.122384194,2,0,1,0,1,0,0,0,1,0,1,0,0,0
565,6,199.1381601,0.330268914,0,0,1,0,1,0,1,0,0,0,0,0,0,1
564,1,971.4244571,0.495596038,1,1,0,1,0,0,1,0,0,1,0,0,0,0
584,5,833.3460702,0.315281365,3,1,1,1,0,0,1,0,0,0,1,0,0,0
822,4,839.0189387,0.486865601,1,0,0,0,1,0,0,0,1,1,0,0,0,0
590,2,1420.408255,0.329361537,0,0,0,0,1,0,0,1,0,0,0,1,0,0
451,3,896.9455531,0.219911195,1,0,0,0,1,0,0,1,0,1,0,0,0,0
692,5,583.8553104,0.013949084,0,1,0,0,0,1,1,0,0,1,0,0,0,0
737,3,1496.984722,0.19775768,0,0,0,0,0,1,1,0,0,1,0,0,0,0
254,4,246.1347792,0.320407899,1,0,0,0,1,0,0,0,1,0,1,0,0,0
619,3,909.6135705,0.385052081,1,1,0,0,1,0,0,1,0,0,0,1,0,0
640,10,967.242627,0.110769619,2,0,1,0,1,0,1,0,0,1,0,0,0,0
440,2,1634.149621,0.426147061,0,0,0,0,1,0,0,1,0,0,1,0,0,0
775,2,5105.303538,0.296661631,4,1,1,0,1,0,1,0,0,0,0,1,0,0
469,6,652.3445905,0.381945124,0,1,1,0,0,1,1,0,0,1,0,0,0,0
525,3,529.9608185,0.437219111,2,0,0,0,1,0,0,1,0,1,0,0,0,0
465,3,734.4002156,0.028532592,0,0,0,0,1,0,1,0,0,1,0,0,0,0
503,6,859.9422694,0.54401063,1,0,0,0,1,0,0,0,1,1,0,0,0,0
280,1,998.5744789,0.57012969,3,0,1,0,1,0,0,1,0,0,0,1,0,0
211,5,264.1605841,0.387755713,1,0,1,0,1,0,0,0,1,1,0,0,0,0
818,1,534.034058,0.504682384,1,0,0,0,1,0,1,0,0,1,0,0,0,0
330,9,370.7982126,0.214583483,2,0,1,0,1,0,0,1,0,0,1,0,0,0
301,3,31.63598383,0.314774049,2,0,0,0,1,0,0,1,0,0,0,0,1,0
69,6,752.3098624,0.277081122,3,1,1,0,1,0,0,1,0,1,0,0,0,0
372,1,1662.367058,0.222230723,3,0,1,0,0,1,0,1,0,0,0,0,1,0
235,3,2035.447176,0.580905371,2,0,1,0,1,0,0,1,0,1,0,0,0,0
828,5,582.8929106,0.194520315,0,0,0,0,1,0,1,0,0,1,0,0,0,0
701,3,1161.552819,0.51029509,1,0,0,0,0,1,0,0,1,0,0,1,0,0
362,5,996.9831625,0.270460887,1,1,0,0,1,0,1,0,0,0,0,1,0,0
950,5,207.9476705,0.142023727,1,0,1,1,0,0,0,0,1,0,0,0,0,1
696,6,51.98122419,0.038326244,0,0,0,0,1,0,0,0,1,0,1,0,0,0
435,6,1102.205226,0.184773542,0,0,1,0,0,1,0,1,0,1,0,0,0,0
64,5,265.8026366,0.393725823,1,0,0,1,0,0,0,0,1,1,0,0,0,0
958,2,637.7090436,0.099648005,2,0,0,0,0,1,0,1,0,0,0,1,0,0
222,4,593.9781427,0.340420797,0,0,0,0,1,0,0,0,1,0,1,0,0,0
170,2,1362.444804,0.556404862,3,1,1,0,1,0,1,0,0,0,1,0,0,0
704,5,827.7118792,0.350317379,3,0,1,0,1,0,1,0,0,0,0,1,0,0
987,3,1502.624523,0.204665199,2,0,0,0,1,0,0,1,0,0,1,0,0,0
776,3,1116.22282,0.640440198,0,0,1,0,0,1,1,0,0,1,0,0,0,0
612,3,6949.999696,0.305538856,4,0,1,0,1,0,0,1,0,1,0,0,0,0
618,7,1595.345175,0.540305352,2,0,1,0,1,0,1,0,0,0,0,1,0,0
670,7,189.6688388,0.639182061,2,0,1,0,1,0,0,0,1,1,0,0,0,0
651,4,2603.37278,0.420406738,1,1,1,0,1,0,0,1,0,1,0,0,0,0
556,1,332.5751701,0.134062943,0,0,0,0,0,1,1,0,0,0,0,1,0,0
520,5,748.8683356,0.230030932,2,1,0,0,0,1,1,0,0,1,0,0,0,0
487,6,2268.944028,0.417582252,1,0,0,0,1,0,0,1,0,1,0,0,0,0
349,2,192.8070356,0.314436932,0,0,0,0,1,0,0,0,1,0,1,0,0,0
443,3,1557.602785,0.226327863,0,0,0,0,1,0,1,0,0,0,0,0,1,0
161,4,2448.687902,0.392223136,1,0,1,0,1,0,1,0,0,1,0,0,0,0
480,1,1537.951043,0.104132512,3,0,1,1,0,0,0,0,1,1,0,0,0,0
302,2,1368.164212,0.344665442,1,1,1,0,0,1,0,0,1,0,1,0,0,0
279,4,245.8881965,0.310611591,3,0,1,0,1,0,1,0,0,0,1,0,0,0
535,5,418.1831637,0.62894463,1,0,1,0,1,0,1,0,0,0,1,0,0,0
778,2,1142.807306,0.558871695,4,0,1,0,1,0,0,1,0,1,0,0,0,0
683,2,100.6006332,0.609394343,3,0,1,0,1,0,0,1,0,1,0,0,0,0
185,3,1754.070499,0.347821225,2,0,0,0,1,0,0,1,0,0,0,1,0,0
302,2,188.8381291,0.382043394,2,0,0,0,1,0,1,0,0,1,0,0,0,0
688,4,665.5719473,0.211004011,0,0,0,0,1,0,1,0,0,0,1,0,0,0
303,3,88.79844028,0.4132831,1,0,0,0,1,0,0,1,0,0,0,1,0,0
455,2,163.840205,0.35686016,1,0,0,0,1,0,1,0,0,1,0,0,0,0
610,4,704.5459624,0.232052846,3,0,1,1,0,0,1,0,0,0,1,0,0,0
306,3,805.5024209,0.148710699,1,0,0,0,0,1,0,1,0,0,0,0,1,0
521,3,251.4963342,0.196846137,2,0,1,0,1,0,1,0,0,1,0,0,0,0
233,4,101.446495,0.060434739,1,0,0,0,1,0,0,1,0,1,0,0,0,0
379,3,638.0170861,0.343880052,1,0,0,0,1,0,0,1,0,0,0,1,0,0
563,5,1469.260742,0.383010917,1,1,0,0,1,0,1,0,0,1,0,0,0,0
181,2,179.9617403,0.377169013,1,0,0,0,1,0,0,1,0,1,0,0,0,0
588,6,940.996127,0.303159222,2,0,0,0,0,1,0,1,0,1,0,0,0,0
496,3,390.0533378,0.140636341,2,0,0,0,1,0,1,0,0,0,1,0,0,0
610,4,2293.00014,0.399304864,2,0,0,0,1,0,0,1,0,0,0,1,0,0
544,2,68.94594237,0.57264261,2,0,0,0,1,0,1,0,0,1,0,0,0,0
772,1,32.63122471,0.627927531,3,0,1,0,0,1,1,0,0,0,0,1,0,0
525,5,106.1929177,0.153828716,0,0,0,0,0,1,1,0,0,0,0,1,0,0
414,1,1220.242282,0.061715096,2,0,0,0,1,0,0,1,0,1,0,0,0,0
524,1,2048.77107,0.390649073,1,0,0,0,1,0,0,1,0,1,0,0,0,0
608,3,1382.922482,0.215040694,2,1,0,0,1,0,1,0,0,0,0,1,0,0
509,4,1012.202144,0.062530694,3,0,1,0,1,0,0,0,1,0,0,0,1,0
508,6,47.44734927,0.459467423,1,0,0,0,1,0,1,0,0,0,1,0,0,0
359,4,192.4470469,0.266362399,3,0,1,0,1,0,1,0,0,0,0,1,0,0
367,1,2191.37345,0.187426677,1,1,0,0,1,0,1,0,0,0,1,0,0,0
219,3,779.9690645,0.373757891,3,0,1,0,1,0,1,0,0,0,0,1,0,0
849,1,505.3771103,0.22269035,0,0,0,0,1,0,0,0,1,0,1,0,0,0
251,5,845.1600485,0.123359179,1,0,0,0,0,1,0,1,0,0,1,0,0,0
361,4,157.3899846,0.060417657,2,0,0,0,1,0,0,1,0,0,1,0,0,0
356,3,1786.962033,0.240602878,3,1,1,0,1,0,1,0,0,0,1,0,0,0
678,5,854.3973212,0.460803369,0,0,0,0,1,0,1,0,0,1,0,0,0,0
441,5,509.7832792,0.376761876,3,0,1,0,1,0,0,0,1,1,0,0,0,0
749,3,489.0703145,0.583610554,0,0,1,0,1,0,1,0,0,0,1,0,0,0
365,4,1382.475979,0.582364051,3,0,1,0,1,0,1,0,0,0,1,0,0,0
555,6,294.3834959,0.076982307,3,1,1,0,1,0,1,0,0,0,1,0,0,0
332,3,117.9946592,0.014946918,2,0,0,0,1,0,1,0,0,1,0,0,0,0
929,2,164.3112242,0.195135539,3,0,1,0,1,0,0,1,0,0,1,0,0,0
262,1,67.69371745,0.146983435,0,0,1,0,1,0,1,0,0,0,1,0,0,0
561,7,567.1983981,0.688057429,3,0,1,1,0,0,0,0,1,1,0,0,0,0
626,6,904.7221076,0.176634607,1,0,0,0,1,0,1,0,0,1,0,0,0,0
582,3,2174.301071,0.161848298,1,0,0,0,1,0,1,0,0,0,0,0,0,1
462,1,1111.647666,0.213706581,0,0,1,0,1,0,0,0,1,1,0,0,0,0
474,5,699.9476761,0.298486807,2,0,0,0,0,1,0,1,0,1,0,0,0,0
508,5,1595.809393,0.515038223,0,0,0,0,1,0,0,1,0,0,1,0,0,0
470,3,1782.079024,0.227092666,0,0,0,0,0,1,1,0,0,0,0,1,0,0
692,5,996.9077833,0.299314672,1,0,0,0,0,1,1,0,0,1,0,0,0,0
942,7,46.34450817,0.237438821,0,0,1,0,1,0,0,0,1,0,0,1,0,0
388,4,275.9804214,0.333788278,3,0,1,0,1,0,0,1,0,1,0,0,0,0
226,4,327.8025812,0.404926945,0,0,0,0,1,0,1,0,0,1,0,0,0,0
482,7,4756.096559,0.118508865,2,0,1,0,0,1,1,0,0,1,0,0,0,0
1015,5,499.1395823,0.601746611,2,0,1,0,1,0,1,0,0,1,0,0,0,0
339,2,1148.002049,0.15461525,2,0,0,0,1,0,0,0,1,1,0,0,0,0
827,4,1344.735419,0.513992779,0,0,0,0,1,0,0,1,0,0,0,1,0,0
835,2,847.344322,0.108512159,3,0,1,0,1,0,0,1,0,1,0,0,0,0
389,6,14.75643358,0.081238804,2,0,1,0,1,0,0,1,0,1,0,0,0,0
613,3,15.63130846,0.490456117,2,0,0,0,1,0,0,0,1,0,0,1,0,0
825,6,1366.425616,0.430395798,3,0,1,0,1,0,0,1,0,1,0,0,0,0
424,6,1075.323786,0.459590118,3,0,1,0,1,0,1,0,0,1,0,0,0,0
459,6,614.4975181,0.319289468,2,0,0,0,1,0,1,0,0,1,0,0,0,0
383,4,228.9366695,0.175909004,2,0,0,0,0,1,0,1,0,1,0,0,0,0
297,4,72.56469237,0.044909527,0,0,1,0,1,0,1,0,0,0,0,0,0,1
370,4,143.5581841,0.299128014,1,0,1,0,0,1,0,1,0,0,0,0,1,0
255,1,694.6174051,0.184463635,2,0,0,0,1,0,1,0,0,0,0,0,1,0
506,4,631.4210357,0.216162286,1,1,0,0,1,0,1,0,0,1,0,0,0,0
346,4,2267.801845,0.139652195,2,0,0,0,0,1,1,0,0,1,0,0,0,0
546,4,2522.409011,0.325863309,1,0,0,0,1,0,1,0,0,1,0,0,0,0
188,2,686.4303769,0.267542684,1,0,0,1,0,0,1,0,0,0,0,1,0,0
566,1,1473.260433,0.102315409,1,0,1,0,0,1,1,0,0,0,0,1,0,0
666,5,1338.113129,0.29826784,0,0,0,0,1,0,1,0,0,0,0,1,0,0
101,7,1116.676881,0.35044814,3,0,1,0,1,0,1,0,0,1,0,0,0,0
574,5,460.060971,0.10463901,0,0,1,0,1,0,0,0,1,0,1,0,0,0
745,6,394.6588306,0.236107081,2,0,0,0,1,0,1,0,0,0,0,1,0,0
258,3,245.3657653,0.195059146,1,1,0,0,1,0,1,0,0,0,1,0,0,0
834,2,2212.903811,0.614063023,1,0,1,0,1,0,0,1,0,0,0,1,0,0
583,3,1438.666502,0.318789392,1,0,0,0,1,0,0,0,1,1,0,0,0,0
358,5,155.9518105,0.277407174,1,0,0,0,1,0,1,0,0,1,0,0,0,0
488,6,232.7772786,0.267609998,1,0,0,0,0,1,1,0,0,1,0,0,0,0
611,6,696.5332232,0.302414099,2,0,1,0,0,1,0,1,0,1,0,0,0,0
515,5,427.0021938,0.368089089,1,0,1,0,1,0,1,0,0,0,0,0,0,1
607,4,192.5346187,0.891285774,1,0,1,0,0,1,0,0,1,1,0,0,0,0
315,6,1252.936287,0.397481852,0,0,0,0,1,0,1,0,0,0,0,0,1,0
533,4,1.243468863,0.392649726,1,0,1,0,1,0,0,1,0,1,0,0,0,0
217,2,336.3938019,0.019366858,0,0,0,0,1,0,0,1,0,1,0,0,0,0
477,4,2120.012746,0.259515185,3,0,1,0,1,0,1,0,0,0,1,0,0,0
319,4,1144.257183,0.372836712,3,0,1,0,1,0,1,0,0,1,0,0,0,0
352,3,410.3756403,0.112867655,1,0,0,0,0,1,1,0,0,0,1,0,0,0
747,2,2113.006087,0.193686386,1,0,0,1,0,0,0,1,0,0,0,1,0,0
718,4,1848.519665,0.129571056,1,1,0,0,1,0,0,0,1,1,0,0,0,0
621,5,43.21336712,0.125873176,2,0,0,0,0,1,1,0,0,1,0,0,0,0
281,3,109.5186467,0.656102872,1,0,1,0,1,0,1,0,0,1,0,0,0,0
436,5,391.8128828,0.484976535,2,0,1,0,1,0,0,1,0,1,0,0,0,0
742,4,2120.553497,0.061544733,1,0,0,0,0,1,1,0,0,1,0,0,0,0
528,2,1487.372263,0.026987029,1,0,0,0,1,0,1,0,0,0,1,0,0,0
963,4,39.15198024,0.342277008,3,0,1,0,1,0,0,0,1,0,1,0,0,0
578,4,574.4946034,0.594686406,1,0,0,0,1,0,0,0,1,1,0,0,0,0
538,4,1019.096569,0.257703213,3,0,1,0,1,0,0,0,1,0,0,1,0,0
438,6,258.2856842,0.661659697,0,0,1,0,1,0,1,0,0,1,0,0,0,0
526,8,1025.61811,0.661288448,2,0,1,0,1,0,1,0,0,0,0,0,0,1
469,1,369.2798574,0.110610897,1,0,0,0,1,0,0,1,0,1,0,0,0,0
641,3,256.2264735,0.089001408,1,0,0,0,1,0,1,0,0,0,0,1,0,0
691,4,398.8078565,0.214512882,2,0,0,0,1,0,1,0,0,0,0,1,0,0
342,2,2409.505589,0.139642713,2,0,0,0,1,0,0,1,0,0,1,0,0,0
233,1,1885.585514,0.560714878,1,0,0,0,0,1,0,1,0,0,0,0,0,1
132,4,1962.273366,0.174069761,3,0,1,0,1,0,0,1,0,1,0,0,0,0
601,2,1994.794165,0.189864396,1,1,0,0,1,0,1,0,0,1,0,0,0,0
279,5,157.078707,0.526191672,3,0,1,0,1,0,0,1,0,1,0,0,0,0
69,1,1811.163944,0.093511907,3,0,1,0,1,0,0,1,0,0,1,0,0,0
577,3,190.886446,0.63660987,1,0,1,0,1,0,1,0,0,1,0,0,0,0
998,4,1456.797153,0.7168044,1,0,1,0,1,0,1,0,0,1,0,0,0,0
498,4,624.532277,0.214183597,2,0,1,1,0,0,0,1,0,0,0,0,0,1
667,5,219.5097697,0.412450616,2,0,0,0,1,0,1,0,0,0,0,0,1,0
516,2,406.6901448,0.104066263,0,0,1,0,1,0,1,0,0,0,0,1,0,0
480,4,454.4505504,0.186675547,0,0,0,0,1,0,1,0,0,1,0,0,0,0
683,5,1056.918574,0.457214778,1,0,0,0,1,0,0,0,1,1,0,0,0,0
441,4,745.167094,0.185749294,1,0,0,0,1,0,1,0,0,0,0,0,1,0
553,6,1357.663556,0.553138493,2,0,0,0,1,0,1,0,0,1,0,0,0,0
564,4,404.4117844,0.389133111,1,0,1,0,0,1,1,0,0,0,0,0,0,1
366,3,1088.783714,0.165069491,1,1,0,0,1,0,0,0,1,1,0,0,0,0
698,2,1259.273993,0.409922279,1,0,0,0,0,1,0,0,1,0,0,1,0,0
465,3,52.18079436,0.309420768,1,0,0,0,1,0,1,0,0,1,0,0,0,0
348,2,376.8201733,0.562575062,1,0,0,0,1,0,0,0,1,0,1,0,0,0
607,3,1737.171731,0.737112855,0,0,1,0,1,0,0,1,0,0,0,0,1,0
320,3,976.5586348,0.083012721,0,0,0,0,1,0,0,1,0,1,0,0,0,0
505,3,433.6416364,0.467746681,1,0,0,0,0,1,1,0,0,1,0,0,0,0
498,3,161.667736,0.102787647,1,0,0,0,1,0,1,0,0,1,0,0,0,0
717,3,81.28148125,0.331101362,2,0,0,0,1,0,0,1,0,1,0,0,0,0
594,5,208.4176113,0.267555146,2,0,0,1,0,0,1,0,0,1,0,0,0,0
494,2,224.5042011,0.327399957,2,0,0,0,0,1,0,0,1,0,0,1,0,0
663,3,370.4693757,0.191394539,3,0,1,0,0,1,0,0,1,0,1,0,0,0
778,4,155.7630987,0.336176012,1,1,0,0,0,1,0,1,0,0,0,0,1,0
611,3,126.3037978,0.477692074,0,0,0,0,1,0,1,0,0,1,0,0,0,0
502,6,1486.354065,0.529583377,2,0,0,0,0,1,1,0,0,1,0,0,0,0
237,4,229.6532678,0.451519599,2,0,0,0,1,0,1,0,0,1,0,0,0,0
286,4,659.7086326,0.026686262,5,0,1,0,0,1,0,0,1,1,0,0,0,0
438,3,177.8146956,0.65561514,1,1,1,0,0,1,0,1,0,1,0,0,0,0
378,4,541.43098,0.32970808,3,1,1,0,1,0,1,0,0,1,0,0,0,0
462,5,259.1582517,0.421629842,3,0,1,0,0,1,0,1,0,1,0,0,0,0
511,2,72.64000948,0.146059072,4,0,1,0,1,0,1,0,0,1,0,0,0,0
605,4,3221.759883,0.087186844,4,0,1,0,1,0,1,0,0,1,0,0,0,0
485,3,489.7052984,0.203666454,4,0,1,0,1,0,1,0,0,1,0,0,0,0
597,2,399.4436617,0.108287327,3,0,1,0,0,1,0,0,1,1,0,0,0,0
512,6,177.6374528,0.409051138,1,0,0,0,1,0,0,1,0,1,0,0,0,0
104,5,547.1373023,0.212674205,1,0,0,0,1,0,1,0,0,0,1,0,0,0
312,5,806.7664525,0.21755708,4,0,1,0,1,0,1,0,0,0,0,1,0,0
471,4,290.6720603,0.150080213,1,0,0,1,0,0,1,0,0,1,0,0,0,0
258,5,523.785126,0.388017359,3,0,1,0,1,0,0,1,0,0,0,1,0,0
619,5,216.4827778,0.049950706,2,0,0,0,0,1,1,0,0,1,0,0,0,0
806,1,600.1348803,0.334399134,3,0,1,0,0,1,1,0,0,1,0,0,0,0
743,5,1237.976456,0.486457846,2,1,0,0,1,0,1,0,0,1,0,0,0,0
457,2,49.68199992,0.338858198,1,0,0,0,1,0,0,0,1,0,1,0,0,0
798,5,583.5817028,0.423091947,1,0,1,0,0,1,1,0,0,1,0,0,0,0
529,1,407.8117258,0.029652133,2,0,0,0,0,1,0,0,1,1,0,0,0,0
432,3,61.54055249,0.522886658,0,0,0,0,0,1,1,0,0,1,0,0,0,0
377,3,2257.545064,0.211979431,1,1,0,0,1,0,0,0,1,0,1,0,0,0
439,8,240.7143457,0.56681937,0,0,1,0,0,1,0,1,0,0,0,1,0,0
422,5,665.2132987,0.385372959,1,0,0,0,1,0,0,0,1,1,0,0,0,0
534,3,372.9626092,0.236604925,1,1,0,0,1,0,1,0,0,1,0,0,0,0
532,3,253.0108827,0.347346116,3,0,1,0,0,1,1,0,0,0,0,0,1,0
500,3,599.2335109,0.6590345,2,0,1,0,1,0,1,0,0,1,0,0,0,0
587,4,934.4434569,0.428295294,2,1,0,0,0,1,1,0,0,1,0,0,0,0
738,2,1231.687729,0.652467224,2,1,1,0,1,0,0,0,1,0,1,0,0,0
689,3,803.9324916,0.317872861,2,0,0,0,0,1,1,0,0,1,0,0,0,0
203,5,597.7380828,0.462425991,1,1,0,0,1,0,0,0,1,1,0,0,0,0
64,4,1201.40601,0.477676984,3,1,1,0,1,0,0,1,0,0,0,0,1,0
686,5,582.9463704,0.21359238,0,0,0,0,0,1,0,0,1,0,0,1,0,0
226,3,2926.737215,0.454475403,0,0,0,0,1,0,1,0,0,1,0,0,0,0
455,5,598.4894774,0.294293004,1,0,0,0,1,0,1,0,0,0,0,1,0,0
265,10,305.2978691,0.573438112,3,0,1,1,0,0,1,0,0,1,0,0,0,0
139,3,472.9953742,0.679407812,1,0,1,0,1,0,0,1,0,1,0,0,0,0
608,3,538.6600793,0.071549286,1,0,0,1,0,0,0,0,1,1,0,0,0,0
651,4,266.6860919,0.290570445,1,0,0,0,1,0,1,0,0,0,0,1,0,0
384,1,138.2862955,0.105820782,3,0,1,0,1,0,0,1,0,1,0,0,0,0
64,5,451.6391285,0.391368235,2,0,0,0,0,1,1,0,0,1,0,0,0,0
390,5,1818.675983,0.151872465,0,0,0,0,1,0,0,0,1,0,0,0,1,0
578,3,236.0674385,0.242036349,1,0,0,0,1,0,0,0,1,0,1,0,0,0
204,2,359.3062494,0.113877555,1,0,0,0,1,0,1,0,0,0,0,0,0,1
536,3,1134.138914,0.747379145,1,0,1,0,0,1,0,1,0,1,0,0,0,0
496,6,68.68450923,0.660857666,0,0,1,0,1,0,0,1,0,1,0,0,0,0
615,4,1394.698028,0.609566665,3,0,1,0,1,0,0,1,0,0,0,0,0,1
523,3,1019.169562,0.445708524,1,1,0,0,1,0,1,0,0,1,0,0,0,0
305,3,638.3869615,0.050909806,1,0,1,0,1,0,0,0,1,0,0,1,0,0
739,1,188.0502376,0.580125275,0,0,0,0,1,0,1,0,0,0,0,0,1,0
468,5,77.80679506,0.104334089,1,0,1,0,1,0,0,1,0,0,1,0,0,0
494,3,210.879895,0.481868475,2,0,0,0,1,0,1,0,0,1,0,0,0,0
313,5,1146.692806,0.573670744,3,0,1,0,1,0,0,1,0,0,0,1,0,0
411,2,2168.377934,0.286792203,3,0,1,0,1,0,0,0,1,1,0,0,0,0
323,6,1071.187294,0.236019055,1,0,0,0,1,0,1,0,0,1,0,0,0,0
465,5,599.9721822,0.470393998,2,1,1,0,1,0,0,0,1,0,0,1,0,0
842,3,2407.584883,0.596940326,0,0,0,0,0,1,1,0,0,0,0,0,0,1
225,7,1410.851791,0.244480657,1,0,1,0,1,0,1,0,0,1,0,0,0,0
177,3,853.3126632,0.336465377,1,0,0,0,1,0,1,0,0,0,0,1,0,0
794,2,30.9134127,0.342971242,2,0,0,0,1,0,0,1,0,1,0,0,0,0
458,2,271.442521,0.365903932,3,0,1,0,1,0,1,0,0,0,0,0,0,1
366,6,294.7783758,0.172756561,3,1,1,0,0,1,0,0,1,0,0,1,0,0
707,4,341.2430513,0.343251468,0,0,0,1,0,0,1,0,0,1,0,0,0,0
378,5,394.6317673,0.448833064,1,0,0,0,1,0,0,1,0,0,1,0,0,0
865,6,2242.362763,0.157715682,2,0,0,0,1,0,0,1,0,1,0,0,0,0
635,6,1083.441019,0.400935111,2,0,0,0,1,0,1,0,0,1,0,0,0,0
402,1,941.9555498,0.743237544,1,0,1,0,1,0,0,0,1,1,0,0,0,0
931,5,444.8187409,0.09571209,0,1,0,0,0,1,1,0,0,0,0,1,0,0
378,6,329.4476835,0.017700895,2,0,0,0,1,0,0,0,1,1,0,0,0,0
648,5,101.8833261,0.440693397,3,0,1,0,1,0,1,0,0,1,0,0,0,0
559,5,483.3701511,0.415864606,3,1,1,0,1,0,1,0,0,0,0,0,0,1
760,4,183.8751345,0.197533909,3,0,1,0,0,1,0,0,1,1,0,0,0,0
812,5,396.7632758,0.40032449,2,0,0,0,1,0,0,1,0,1,0,0,0,0
506,1,136.0531766,0.160205891,1,0,0,0,0,1,0,1,0,1,0,0,0,0
349,4,337.2706045,0.589864254,1,1,1,0,1,0,1,0,0,0,0,0,0,1
591,9,35.14426459,0.479538472,0,1,1,0,1,0,1,0,0,1,0,0,0,0
364,7,4.83313088,0.470203678,2,0,1,0,0,1,0,1,0,1,0,0,0,0
902,3,1631.618229,0.651467917,2,0,1,0,1,0,0,1,0,1,0,0,0,0
527,6,820.135068,0.408020677,2,1,0,0,1,0,1,0,0,0,1,0,0,0
426,2,708.7385319,0.315281868,2,0,0,0,1,0,1,0,0,0,1,0,0,0
536,5,576.8983281,0.351415449,2,0,0,0,1,0,0,0,1,0,0,1,0,0
230,4,1037.833561,0.494858487,0,0,0,0,1,0,0,0,1,0,1,0,0,0
305,5,1065.946932,0.392434408,1,0,1,0,0,1,1,0,0,0,0,0,1,0
740,2,2189.794164,0.38851828,1,0,1,0,1,0,0,1,0,0,1,0,0,0
368,3,224.2056318,0.446884085,1,0,0,0,0,1,1,0,0,0,0,1,0,0
290,5,1230.433901,0.272872202,0,0,0,0,1,0,0,0,1,0,1,0,0,0
607,2,3782.570244,0.320860304,1,1,1,0,1,0,1,0,0,0,0,0,0,1
737,6,23.56105867,0.287385963,3,0,1,0,1,0,0,1,0,0,0,1,0,0
643,4,374.7053013,0.054112211,0,0,0,0,0,1,0,1,0,0,0,1,0,0
699,2,458.2116996,0.152107403,2,0,0,0,0,1,1,0,0,1,0,0,0,0
348,2,1380.024172,0.525408872,1,0,0,0,0,1,0,1,0,1,0,0,0,0
215,5,11.07098433,0.258585835,1,0,1,0,1,0,1,0,0,0,0,0,0,1
800,2,730.2764031,0.177294228,1,0,0,0,1,0,1,0,0,0,1,0,0,0
435,2,1784.798253,0.649211629,0,0,1,0,1,0,1,0,0,1,0,0,0,0
449,4,127.7848985,0.201168966,0,0,0,0,0,1,0,0,1,1,0,0,0,0
765,5,98.25279901,0.59970261,1,0,0,0,1,0,0,0,1,1,0,0,0,0
611,3,6761.269343,0.312510948,3,0,1,0,1,0,0,0,1,1,0,0,0,0
591,4,1398.7712,0.347561076,3,0,1,0,1,0,0,0,1,0,0,0,0,1
933,4,956.3237338,0.314082774,1,0,0,0,1,0,1,0,0,0,1,0,0,0
371,5,407.3032944,0.253451853,3,0,1,0,1,0,1,0,0,0,1,0,0,0
685,3,1539.11607,0.087527826,0,0,0,0,0,1,0,0,1,0,0,1,0,0
511,3,2048.804971,0.328702454,3,0,1,0,1,0,1,0,0,0,1,0,0,0
553,6,1054.635116,0.458749892,2,0,0,0,0,1,0,0,1,1,0,0,0,0
805,5,406.12423,0.141644366,0,1,1,0,0,1,0,1,0,0,0,0,0,1
601,8,700.7663326,0.291553044,0,0,1,0,1,0,0,1,0,0,0,1,0,0
607,2,82.97150855,0.096678244,0,0,0,0,1,0,1,0,0,1,0,0,0,0
714,6,137.5996658,0.125211602,0,0,1,0,1,0,1,0,0,0,0,0,0,1
427,6,1222.424022,0.658682199,2,1,1,0,0,1,0,1,0,1,0,0,0,0
332,6,23.80300605,0.191946488,2,0,0,0,1,0,1,0,0,0,0,1,0,0
291,4,40.35786695,0.121438508,3,0,1,0,1,0,1,0,0,0,1,0,0,0
106,4,567.4594486,0.296364137,1,0,1,0,1,0,1,0,0,1,0,0,0,0
911,4,149.5739711,0.269092556,2,0,1,0,1,0,0,1,0,0,1,0,0,0
279,1,278.1767807,0.130548383,0,1,0,0,1,0,0,1,0,0,0,1,0,0
455,2,407.1039141,0.226850364,1,0,1,0,1,0,1,0,0,1,0,0,0,0
444,5,590.9432002,0.506480535,1,0,0,0,0,1,1,0,0,1,0,0,0,0
561,5,266.740394,0.180143414,1,0,1,0,0,1,1,0,0,0,1,0,0,0
663,5,528.6159709,0.830185527,2,0,1,0,1,0,1,0,0,0,0,0,1,0
672,3,370.4981472,0.452956022,2,0,0,0,1,0,1,0,0,1,0,0,0,0
383,4,67.602407,0.578644603,0,0,0,0,0,1,0,1,0,0,0,1,0,0
466,8,1614.691502,0.352138107,3,0,1,0,1,0,0,1,0,1,0,0,0,0
556,7,264.3223652,0.428281686,1,0,1,0,0,1,0,1,0,0,1,0,0,0
450,1,752.0022559,0.354137168,1,0,0,0,1,0,0,1,0,0,1,0,0,0
821,5,674.80445,0.183480483,1,0,0,0,1,0,0,1,0,0,0,1,0,0
598,5,177.682057,0.209262995,2,0,0,0,1,0,1,0,0,1,0,0,0,0
646,2,24.33286812,0.547192301,3,0,1,0,1,0,1,0,0,0,0,1,0,0
632,6,1555.544918,0.392018599,1,0,0,0,0,1,1,0,0,1,0,0,0,0
734,3,550.8300258,0.081010318,1,0,0,0,1,0,0,0,1,0,0,1,0,0
536,4,428.1868917,0.68609293,1,1,1,0,1,0,1,0,0,1,0,0,0,0
240,1,1151.454108,0.209856838,2,0,0,0,1,0,0,0,1,1,0,0,0,0
579,8,26.97691371,0.376618607,2,1,1,0,0,1,0,1,0,1,0,0,0,0
369,2,1159.269029,0.208786144,1,0,0,0,1,0,0,1,0,1,0,0,0,0
394,2,420.635632,0.225427061,1,0,0,0,0,1,1,0,0,1,0,0,0,0
617,5,641.6979645,0.708945236,1,0,1,0,1,0,0,1,0,1,0,0,0,0
747,3,1116.879387,0.349826275,2,1,0,0,1,0,1,0,0,0,1,0,0,0
504,4,633.1560974,0.257564425,2,0,0,0,0,1,1,0,0,1,0,0,0,0
561,6,51.01002186,0.085522781,3,0,1,0,1,0,1,0,0,0,1,0,0,0
840,3,1043.331852,0.435210425,1,0,0,0,1,0,0,0,1,1,0,0,0,0
548,8,1234.701568,0.156800047,2,0,1,0,1,0,0,1,0,0,0,0,1,0
1020,5,495.758518,0.167421853,2,1,0,0,1,0,0,1,0,0,1,0,0,0
613,1,462.5122181,0.48349481,0,0,1,0,1,0,0,0,1,1,0,0,0,0
147,4,232.2022294,0.496776553,1,0,0,0,1,0,0,1,0,0,1,0,0,0
650,1,826.6254692,0.438181545,0,0,0,0,1,0,1,0,0,1,0,0,0,0
576,4,1709.578656,0.620674895,1,0,1,0,1,0,0,0,1,0,0,0,1,0
757,3,853.6182049,0.191664883,0,0,0,0,1,0,1,0,0,1,0,0,0,0
634,3,1180.36241,0.156348326,1,0,0,0,1,0,1,0,0,0,0,1,0,0
472,4,1453.443487,0.551865836,4,0,1,1,0,0,1,0,0,1,0,0,0,0
255,4,205.0957752,0.265691604,3,0,1,0,0,1,0,1,0,1,0,0,0,0
458,2,411.4712096,0.075444914,1,0,1,0,1,0,0,0,1,1,0,0,0,0
329,4,458.1035406,0.573166322,2,0,1,0,1,0,0,1,0,1,0,0,0,0
383,3,654.7875993,0.286295226,2,1,0,0,0,1,1,0,0,0,0,1,0,0
617,3,40.34619189,0.170201927,1,0,0,0,1,0,0,1,0,0,1,0,0,0
833,6,710.176558,0.540808271,2,0,0,0,1,0,0,1,0,1,0,0,0,0
578,5,74.14980352,0.303069402,1,0,0,0,0,1,0,1,0,1,0,0,0,0
260,5,1314.271222,0.068515689,1,0,0,0,1,0,1,0,0,1,0,0,0,0
588,3,2637.945445,0.415924853,1,0,1,0,1,0,1,0,0,1,0,0,0,0
739,3,273.7207506,0.478589351,2,0,0,1,0,0,1,0,0,0,0,1,0,0
378,5,565.1725837,0.557396988,1,1,0,0,1,0,0,1,0,1,0,0,0,0
473,1,1386.132548,0.458697563,3,0,1,0,1,0,0,1,0,0,1,0,0,0
502,3,302.2651741,0.206508929,3,0,1,0,1,0,0,1,0,1,0,0,0,0
343,3,137.3690219,0.21931622,4,0,1,0,1,0,1,0,0,1,0,0,0,0
629,7,1074.779564,0.486775886,0,0,1,0,0,1,1,0,0,1,0,0,0,0
475,3,958.8211201,0.297735375,2,0,0,0,1,0,0,1,0,1,0,0,0,0
583,6,675.0745942,0.18966741,1,0,0,0,1,0,1,0,0,1,0,0,0,0
322,3,2312.187268,0.419124249,0,1,0,0,0,1,0,1,0,0,0,1,0,0
412,6,2483.051475,0.45895423,1,0,0,0,1,0,0,0,1,0,0,1,0,0
644,7,1581.793532,0.261212517,3,0,1,0,1,0,1,0,0,0,0,1,0,0
425,5,277.4024183,0.082656353,1,0,0,0,1,0,1,0,0,0,0,1,0,0
845,3,204.2916239,0.19858696,1,0,0,0,1,0,0,0,1,1,0,0,0,0
420,1,1445.047174,0.415756639,2,0,0,0,1,0,1,0,0,0,0,1,0,0
544,3,842.9743715,0.383159353,3,0,1,0,0,1,0,0,1,0,0,1,0,0
686,1,403.5118099,0.167282011,0,0,0,0,0,1,0,0,1,0,0,1,0,0
216,5,421.7760605,0.362993417,2,0,0,0,1,0,1,0,0,0,1,0,0,0
147,1,1535.667997,0.440788446,1,0,0,0,1,0,0,1,0,0,1,0,0,0
194,9,142.5813345,0.355894553,2,0,1,0,1,0,1,0,0,1,0,0,0,0
752,8,2305.543101,0.11437073,1,0,1,0,1,0,1,0,0,1,0,0,0,0
389,5,802.3841871,0.364092941,2,0,0,0,1,0,0,1,0,1,0,0,0,0
1011,3,1253.707309,0.382104171,2,0,0,0,0,1,1,0,0,0,1,0,0,0
387,6,370.7295117,0.237897092,4,0,1,0,1,0,0,0,1,1,0,0,0,0
536,3,707.2454191,0.422382774,1,0,0,0,1,0,0,1,0,0,0,1,0,0
808,4,1109.00507,0.546199528,0,0,0,0,1,0,0,1,0,1,0,0,0,0
901,2,456.9276909,0.775333028,2,0,1,0,1,0,1,0,0,1,0,0,0,0
912,2,535.4450631,0.284137953,2,0,0,0,1,0,0,1,0,0,0,1,0,0
741,3,697.9718743,0.273871486,3,0,1,0,1,0,1,0,0,1,0,0,0,0
704,4,52.40515714,0.327600172,2,1,0,0,1,0,0,1,0,1,0,0,0,0
618,5,1591.3094,0.513680577,2,1,1,0,1,0,0,0,1,0,0,1,0,0
655,6,1611.990034,0.212752458,3,0,1,0,1,0,1,0,0,0,1,0,0,0
389,3,264.3799984,0.300495726,0,0,0,0,1,0,1,0,0,1,0,0,0,0
336,1,1695.028615,0.318144072,2,0,1,0,1,0,1,0,0,0,0,0,1,0
499,5,1093.804782,0.399377204,1,1,0,0,0,1,0,0,1,0,0,1,0,0
465,1,528.0661608,0.283084331,1,0,0,0,1,0,0,1,0,0,0,1,0,0
409,3,341.8790858,0.070314099,1,0,0,0,1,0,0,1,0,1,0,0,0,0
639,2,407.832821,0.55132913,2,0,0,0,1,0,0,1,0,1,0,0,0,0
691,4,611.5752075,0.278160075,0,0,1,0,0,1,0,0,1,0,0,1,0,0
517,2,425.5314167,0.372997396,1,0,0,0,1,0,1,0,0,0,1,0,0,0
795,5,436.1105308,0.211792453,1,0,0,0,1,0,0,0,1,0,0,1,0,0
271,3,181.6443278,0.380318393,1,0,0,0,1,0,0,0,1,0,0,1,0,0
461,5,984.2862927,0.457697634,0,0,1,0,1,0,1,0,0,0,0,0,0,1
356,2,752.4494712,0.462796649,1,0,0,0,1,0,1,0,0,1,0,0,0,0
126,2,3852.859854,0.338971401,0,0,1,0,1,0,0,0,1,0,1,0,0,0
483,3,121.8165491,0.110902094,1,0,0,0,0,1,0,0,1,1,0,0,0,0
475,3,96.59444362,0.438746315,3,0,1,0,1,0,0,0,1,1,0,0,0,0
802,1,580.4244034,0.570498719,2,0,1,0,1,0,0,1,0,1,0,0,0,0
626,1,131.8910009,0.279871811,1,0,0,0,1,0,1,0,0,0,0,0,0,1
295,6,754.5620037,0.429338519,2,0,1,0,1,0,1,0,0,0,0,0,0,1
870,3,174.639352,0.604728252,2,0,1,0,1,0,0,0,1,0,0,0,0,1
744,5,527.7675992,0.829083585,1,0,1,0,0,1,0,1,0,0,0,1,0,0
616,1,755.9815187,0.404810524,0,0,0,1,0,0,1,0,0,1,0,0,0,0
454,5,490.0516295,0.3538438,2,0,0,0,1,0,1,0,0,0,0,1,0,0
308,4,308.5126961,0.276686853,0,0,0,0,1,0,1,0,0,1,0,0,0,0
425,2,1219.768951,0.588038616,1,0,1,0,1,0,1,0,0,1,0,0,0,0
717,3,1542.932688,0.619359231,2,0,1,0,1,0,0,0,1,0,0,1,0,0
876,4,260.639332,0.308443045,2,0,0,0,1,0,0,0,1,0,1,0,0,0
808,6,1343.003532,0.237856717,3,0,1,0,0,1,0,0,1,0,0,0,0,1
402,1,397.5829096,0.505005813,2,0,0,0,0,1,1,0,0,1,0,0,0,0
276,2,534.9566743,0.32719685,2,0,0,0,1,0,1,0,0,0,1,0,0,0
528,5,210.9117373,0.154277259,1,0,0,0,1,0,1,0,0,1,0,0,0,0
146,5,786.2089494,0.491670505,1,0,0,0,1,0,1,0,0,1,0,0,0,0
564,4,85.11258516,0.328701631,1,0,1,0,1,0,1,0,0,0,0,0,0,1
470,4,716.4800658,0.151300999,0,0,0,0,1,0,0,0,1,0,0,0,1,0
406,2,3661.894755,0.043339493,4,0,1,0,1,0,0,0,1,1,0,0,0,0
181,1,1120.205288,0.061350089,1,0,1,0,1,0,1,0,0,0,0,0,1,0
602,4,1803.335493,0.420468988,3,0,1,0,1,0,1,0,0,1,0,0,0,0
393,5,499.1887986,0.104091645,3,0,1,0,1,0,1,0,0,0,1,0,0,0
266,3,122.619169,0.522846352,0,0,1,0,0,1,0,1,0,1,0,0,0,0
64,3,272.2610443,0.350237893,2,0,1,0,1,0,0,1,0,0,0,1,0,0
494,1,40.21793608,0.09246404,3,0,1,0,1,0,0,1,0,0,1,0,0,0
854,4,557.4205604,0.338284475,1,1,0,0,1,0,0,0,1,0,1,0,0,0
832,2,839.0966261,0.625494477,0,0,1,0,1,0,1,0,0,1,0,0,0,0
408,3,441.9896347,0.315261325,1,0,0,0,1,0,1,0,0,1,0,0,0,0
379,9,662.6328562,0.439587565,1,1,1,0,1,0,1,0,0,0,1,0,0,0
593,4,309.356586,0.663931876,3,1,1,0,1,0,1,0,0,1,0,0,0,0
300,3,71.81556907,0.39633531,2,0,1,0,1,0,0,1,0,0,0,1,0,0
560,2,452.5056691,0.07817862,1,0,0,1,0,0,1,0,0,1,0,0,0,0
653,7,634.900675,0.508803075,2,0,1,0,1,0,1,0,0,0,0,0,0,1
745,1,3242.629342,0.093248251,1,1,1,0,1,0,0,1,0,1,0,0,0,0
479,3,341.2775419,0.110364942,3,0,1,0,1,0,0,1,0,0,0,1,0,0
459,3,905.9909118,0.408734024,2,1,0,0,1,0,1,0,0,0,1,0,0,0
324,5,1383.588794,0.571541346,2,0,0,0,0,1,1,0,0,1,0,0,0,0
334,3,326.8447772,0.303000224,0,0,0,0,1,0,1,0,0,0,0,1,0,0
454,1,2126.622577,0.378483536,2,0,0,0,1,0,0,0,1,0,0,0,0,1
573,6,330.9969863,0.487370133,2,1,0,0,1,0,1,0,0,0,0,0,1,0
682,4,2800.044857,0.294620298,2,0,0,0,1,0,1,0,0,1,0,0,0,0
339,5,1.727397896,0.336804729,1,1,1,0,0,1,0,1,0,0,0,0,0,1
798,1,804.4764951,0.197490531,2,0,0,0,1,0,1,0,0,0,0,0,0,1
445,3,1248.237287,0.231696618,2,1,0,0,1,0,1,0,0,1,0,0,0,0
495,5,262.8703886,0.170702489,0,0,0,0,0,1,1,0,0,1,0,0,0,0
350,3,99.58961209,0.347352625,2,0,0,0,0,1,1,0,0,1,0,0,0,0
64,1,19.7362118,0.604450952,2,1,1,0,1,0,0,0,1,1,0,0,0,0
676,3,61.85647763,0.372416388,1,0,0,0,1,0,0,1,0,1,0,0,0,0
647,2,626.5171061,0.173637784,1,0,1,0,1,0,1,0,0,1,0,0,0,0
443,6,1461.912983,0.327658569,2,0,0,0,1,0,0,1,0,1,0,0,0,0
513,4,52.16933648,0.355901265,0,0,0,1,0,0,1,0,0,1,0,0,0,0
603,4,96.09093973,0.274500708,2,0,0,0,1,0,1,0,0,1,0,0,0,0
187,5,4.092853516,0.116628577,0,0,0,0,1,0,1,0,0,1,0,0,0,0
394,3,265.3377071,0.402163296,1,0,0,0,0,1,0,1,0,1,0,0,0,0
658,5,2033.144889,0.353165222,3,0,1,0,1,0,1,0,0,0,0,1,0,0
249,5,258.6894023,0.236853359,3,0,1,0,1,0,0,1,0,0,1,0,0,0
558,8,465.0191388,0.237237442,0,0,1,0,0,1,0,0,1,1,0,0,0,0
228,8,157.7442222,0.231614759,2,1,1,0,0,1,1,0,0,0,0,0,1,0
593,5,98.89611355,0.128642285,0,1,0,0,0,1,0,1,0,1,0,0,0,0
492,5,161.1002138,0.31978537,2,0,1,0,1,0,0,0,1,1,0,0,0,0
176,4,189.0162999,0.260955153,2,0,0,0,0,1,0,0,1,1,0,0,0,0
732,3,111.6752849,0.330672102,1,1,0,0,1,0,0,1,0,0,0,1,0,0
353,6,1254.456418,0.162324951,1,0,0,0,1,0,0,1,0,1,0,0,0,0
337,3,518.9148777,0.42836272,2,0,0,1,0,0,0,1,0,0,0,1,0,0
540,5,620.8221365,0.485346355,1,0,0,0,1,0,0,0,1,1,0,0,0,0
729,1,375.5557648,0.376990709,1,0,1,0,0,1,1,0,0,1,0,0,0,0
296,8,189.3304646,0.615140723,3,0,1,0,1,0,0,1,0,1,0,0,0,0
512,4,78.88595264,0.397463513,0,0,0,0,1,0,1,0,0,0,1,0,0,0
585,3,63.17024211,0.489979559,2,0,0,0,0,1,1,0,0,1,0,0,0,0
638,4,163.7931565,0.474485304,1,0,0,0,1,0,0,1,0,1,0,0,0,0
535,4,1518.636238,0.474584384,2,0,0,0,1,0,0,1,0,0,0,1,0,0
426,3,195.2335163,0.470163862,1,0,0,0,1,0,1,0,0,0,1,0,0,0
334,4,350.5802388,0.207466668,2,0,1,0,0,1,1,0,0,0,0,1,0,0
517,7,680.3118434,0.818923179,1,0,1,0,1,0,1,0,0,0,0,1,0,0
285,3,572.9903537,0.677087794,2,1,1,0,1,0,0,0,1,0,0,0,0,1
64,3,876.8619147,0.468312138,2,1,0,0,1,0,1,0,0,0,1,0,0,0
587,5,172.8497761,0.279319397,1,0,1,0,0,1,1,0,0,1,0,0,0,0
680,8,593.9521771,0.326563472,1,0,1,0,0,1,0,0,1,1,0,0,0,0
64,4,1167.949826,0.334438254,3,0,1,0,0,1,0,1,0,0,1,0,0,0
298,3,392.1741531,0.019810059,1,0,0,0,1,0,0,0,1,0,1,0,0,0
623,5,2857.429102,0.197218052,1,0,0,0,1,0,0,0,1,1,0,0,0,0
911,2,690.1041159,0.212987319,2,0,0,0,1,0,1,0,0,0,1,0,0,0
504,4,898.7172566,0.17257011,2,1,0,0,1,0,0,1,0,0,0,1,0,0
354,6,491.598555,0.33959877,0,0,0,0,1,0,0,1,0,1,0,0,0,0
463,6,1560.702702,0.406671509,2,1,0,1,0,0,0,1,0,1,0,0,0,0
774,4,480.435328,0.189031057,3,0,1,0,0,1,0,1,0,0,1,0,0,0
370,2,2281.725582,0.200779632,1,0,0,0,1,0,1,0,0,0,0,1,0,0
340,4,293.9467077,0.109509048,2,0,0,0,1,0,0,0,1,1,0,0,0,0
403,7,1606.854934,0.051185113,1,0,1,0,0,1,1,0,0,1,0,0,0,0
309,6,815.884896,0.115791788,0,0,0,0,1,0,1,0,0,0,0,1,0,0
524,6,1283.777916,0.131747899,1,1,0,0,1,0,1,0,0,1,0,0,0,0
824,6,30.74428923,0.295777795,2,0,0,0,1,0,0,1,0,1,0,0,0,0
564,3,259.7863402,0.329491123,2,0,0,0,1,0,0,0,1,1,0,0,0,0
449,2,1502.2663,0.777729845,1,1,1,0,0,1,1,0,0,0,0,0,1,0
441,3,306.5720219,0.856475312,0,1,1,0,1,0,0,1,0,1,0,0,0,0
187,3,997.6583394,0.810440359,2,0,1,0,1,0,1,0,0,1,0,0,0,0
676,4,3881.758836,0.348514456,2,0,0,0,1,0,1,0,0,0,0,1,0,0
484,9,156.0033132,0.494714742,1,1,1,0,0,1,0,0,1,1,0,0,0,0
463,4,432.4039716,0.30882464,1,0,0,0,1,0,0,0,1,1,0,0,0,0
1138,6,144.3802521,0.462795829,3,0,1,0,1,0,0,1,0,0,1,0,0,0
559,3,134.0596603,0.151558478,1,0,0,0,0,1,0,1,0,1,0,0,0,0
349,7,802.008105,0.256360122,3,1,1,1,0,0,1,0,0,1,0,0,0,0
414,2,169.9370294,0.396851076,1,0,0,1,0,0,0,1,0,1,0,0,0,0
729,5,527.2346272,0.288486609,3,0,1,0,0,1,0,1,0,0,0,1,0,0
522,4,3051.244854,0.089719007,2,0,0,0,1,0,1,0,0,1,0,0,0,0
212,6,324.1275023,0.223276601,3,0,1,0,1,0,0,0,1,0,0,1,0,0
683,8,1654.831963,0.570140134,0,0,1,0,1,0,0,1,0,1,0,0,0,0
366,1,403.8285361,0.376287446,4,0,1,0,1,0,0,1,0,1,0,0,0,0
874,4,243.9872858,0.602806399,1,0,1,1,0,0,1,0,0,0,1,0,0,0
716,3,327.8818179,0.196194263,0,1,0,0,0,1,1,0,0,1,0,0,0,0
410,5,109.2851003,0.349010527,2,0,0,0,0,1,0,1,0,1,0,0,0,0
756,4,909.014331,0.144656386,2,0,0,0,1,0,0,1,0,1,0,0,0,0
513,1,569.081418,0.146447875,1,0,0,0,0,1,0,1,0,1,0,0,0,0
670,4,761.183033,0.351345584,2,0,0,0,0,1,1,0,0,1,0,0,0,0
596,4,288.8823897,0.239932007,3,0,1,0,1,0,1,0,0,0,0,1,0,0
330,2,847.8170844,0.456261171,2,0,0,0,0,1,0,1,0,0,0,1,0,0
371,6,143.8746369,0.438359235,3,0,1,0,1,0,0,1,0,0,0,1,0,0
705,2,845.5296816,0.298588344,3,1,1,0,1,0,0,1,0,0,0,1,0,0
433,2,67.69560262,0.095738465,1,1,0,0,1,0,0,1,0,1,0,0,0,0
419,2,409.0247893,0.045751926,2,0,0,0,1,0,0,0,1,0,0,1,0,0
308,1,752.7804254,0.648122058,2,0,1,0,1,0,0,0,1,0,1,0,0,0
584,2,1546.571121,0.296960872,0,0,0,0,1,0,1,0,0,1,0,0,0,0
912,2,1338.818674,0.135821403,1,0,0,1,0,0,1,0,0,1,0,0,0,0
286,4,598.8434805,0.696946066,2,0,1,0,1,0,1,0,0,0,0,0,0,1
504,2,1719.003782,0.584413456,1,0,0,0,0,1,0,1,0,0,1,0,0,0
782,4,564.0186836,0.455546004,2,0,0,0,1,0,1,0,0,1,0,0,0,0
484,4,582.4670815,0.376992798,0,0,0,0,1,0,0,1,0,0,0,0,1,0
590,5,1019.955954,0.175513231,2,0,0,0,1,0,1,0,0,0,0,0,1,0
287,5,1681.561268,0.209343662,0,0,0,0,1,0,0,1,0,0,0,1,0,0
585,4,738.4841104,0.133379896,2,0,0,0,1,0,1,0,0,0,0,0,1,0
462,6,2308.666942,0.579471508,2,0,0,0,1,0,1,0,0,1,0,0,0,0
697,4,211.7831552,0.526202205,2,0,0,0,1,0,0,0,1,1,0,0,0,0
737,2,2064.881347,0.356305813,1,0,0,0,1,0,1,0,0,1,0,0,0,0
1017,5,200.466225,0.451129739,2,0,0,0,0,1,0,0,1,0,0,0,1,0
615,6,597.9399344,0.408661714,1,1,0,0,1,0,1,0,0,0,0,0,1,0
565,4,1271.832929,0.171721169,2,0,1,0,1,0,1,0,0,0,0,1,0,0
538,4,1293.912228,0.275244072,2,0,0,0,1,0,1,0,0,0,0,0,1,0
429,6,260.7605993,0.32483809,1,1,0,0,1,0,0,1,0,0,1,0,0,0
567,4,3408.993242,0.867260612,4,1,1,0,1,0,1,0,0,1,0,0,0,0
440,3,67.23017419,0.698873943,0,1,1,1,0,0,0,0,1,0,0,1,0,0
533,5,28.32165633,0.088841052,2,0,0,0,0,1,0,1,0,1,0,0,0,0
763,3,1473.749252,0.15513698,1,0,0,0,1,0,0,1,0,1,0,0,0,0
298,1,1367.490185,0.270077053,4,0,1,0,1,0,0,0,1,0,0,1,0,0
727,2,998.1097522,0.528365346,2,0,0,0,1,0,1,0,0,1,0,0,0,0
763,3,1521.834804,0.583228384,2,0,0,0,0,1,0,0,1,0,0,1,0,0
476,5,118.3910682,0.158786411,1,0,0,0,1,0,0,0,1,0,1,0,0,0
75,3,80.46427373,0.2045649,3,0,1,0,1,0,0,1,0,1,0,0,0,0
378,4,2789.473058,0.240816818,3,0,1,0,0,1,1,0,0,0,0,0,0,1
759,3,783.0394364,0.422411359,2,0,1,0,0,1,0,1,0,0,0,0,1,0
495,3,2019.051853,0.370641374,3,0,1,0,0,1,0,0,1,1,0,0,0,0
300,4,1895.349439,0.252668816,2,0,0,0,0,1,1,0,0,1,0,0,0,0
399,5,847.0668604,0.331601798,1,0,0,0,0,1,1,0,0,1,0,0,0,0
668,6,792.1102491,0.222068668,3,0,1,0,1,0,0,1,0,1,0,0,0,0
609,5,356.9619399,0.490288846,2,0,0,0,1,0,0,1,0,1,0,0,0,0
452,4,129.1779874,0.780499886,3,0,1,0,0,1,1,0,0,0,1,0,0,0
426,5,928.2326018,0.566458513,1,1,1,0,1,0,0,0,1,1,0,0,0,0
421,3,1362.386229,0.197124652,1,0,1,1,0,0,0,0,1,1,0,0,0,0
315,6,629.305023,0.562237366,1,0,0,0,1,0,1,0,0,0,1,0,0,0
823,1,41.76687799,0.621231614,1,0,1,0,1,0,0,0,1,0,0,1,0,0
435,2,125.2460512,0.054755657,1,0,0,0,1,0,1,0,0,0,0,1,0,0
743,4,86.03283606,0.557231367,2,0,1,0,1,0,1,0,0,1,0,0,0,0
804,5,857.9619261,0.460217488,1,0,1,0,1,0,1,0,0,1,0,0,0,0
699,3,665.5396066,0.271952945,2,0,0,0,0,1,1,0,0,0,1,0,0,0
413,4,502.6374074,0.633307503,2,0,1,0,1,0,0,0,1,1,0,0,0,0
580,2,627.1730267,0.36574502,2,0,0,0,0,1,1,0,0,1,0,0,0,0
495,4,258.3212129,0.472587562,2,0,0,0,1,0,0,1,0,0,1,0,0,0
319,5,1306.686062,0.422502435,2,0,0,0,1,0,1,0,0,1,0,0,0,0
564,6,318.646923,0.268834118,2,0,0,0,1,0,1,0,0,0,0,0,1,0
264,4,826.9367652,0.336952995,1,0,0,0,1,0,0,0,1,0,0,1,0,0
737,7,396.5844328,0.304001417,2,1,1,0,0,1,0,1,0,1,0,0,0,0
407,4,59.92240585,0.563537503,1,0,0,0,0,1,0,1,0,1,0,0,0,0
540,2,237.595087,0.466204226,4,0,1,0,0,1,0,1,0,0,1,0,0,0
556,1,2684.17642,0.443870275,1,0,0,1,0,0,1,0,0,0,0,0,0,1
448,2,169.1074903,0.454249388,0,0,0,0,1,0,1,0,0,1,0,0,0,0
617,2,88.68151351,0.394867169,1,0,0,0,0,1,1,0,0,0,0,1,0,0
405,2,275.2915465,0.371555007,3,0,1,0,0,1,0,0,1,1,0,0,0,0
674,2,1682.501685,0.47733642,2,0,0,0,0,1,0,1,0,1,0,0,0,0
230,3,292.2571157,0.138888117,0,0,0,0,1,0,1,0,0,0,0,1,0,0
525,6,432.1762767,0.227797305,0,0,0,1,0,0,1,0,0,1,0,0,0,0
887,2,296.9401342,0.575960905,1,0,0,0,1,0,0,0,1,0,0,1,0,0
299,9,3605.967599,0.763392361,1,0,1,0,0,1,1,0,0,1,0,0,0,0
364,3,7190.392213,0.430546698,2,0,0,0,1,0,1,0,0,1,0,0,0,0
602,3,527.4183618,0.542759653,3,0,1,0,1,0,1,0,0,1,0,0,0,0
535,5,1229.045541,0.421161216,3,0,1,0,1,0,0,0,1,1,0,0,0,0
570,2,198.8304617,0.342514051,3,1,1,0,1,0,0,1,0,0,0,0,0,1
597,8,375.1011995,0.517322686,1,1,1,0,1,0,0,1,0,0,0,1,0,0
626,6,909.898306,0.304251822,4,0,1,0,0,1,1,0,0,1,0,0,0,0
721,3,269.8658938,0.449261494,1,0,1,0,1,0,1,0,0,1,0,0,0,0
581,2,203.602885,0.450383568,2,0,0,0,1,0,1,0,0,1,0,0,0,0
451,2,2043.280705,0.361687456,3,0,1,0,1,0,0,0,1,0,0,1,0,0
634,4,224.0866087,0.227218194,2,0,0,0,1,0,0,0,1,1,0,0,0,0
879,11,48.88593678,0.612693037,4,0,1,0,1,0,1,0,0,0,0,1,0,0
473,4,1112.524732,0.430373962,1,0,1,0,1,0,1,0,0,0,0,0,0,1
305,6,222.9971982,0.374303777,0,1,1,0,1,0,0,0,1,0,0,1,0,0
721,1,478.5374962,0.257329718,1,1,0,0,1,0,1,0,0,1,0,0,0,0
475,5,94.62785979,0.147771741,1,0,0,0,1,0,1,0,0,0,0,1,0,0
65,5,56.78065046,0.837737744,3,0,1,0,1,0,1,0,0,1,0,0,0,0
669,5,493.6094386,0.539789461,1,0,0,0,1,0,0,1,0,1,0,0,0,0
392,2,328.8908351,0.071874325,1,0,1,1,0,0,0,0,1,1,0,0,0,0
481,5,564.0547286,0.648757291,1,0,1,0,1,0,1,0,0,1,0,0,0,0
566,5,2700.032114,0.438862981,1,0,1,0,1,0,1,0,0,0,0,1,0,0
538,5,418.5727019,0.379049343,2,0,0,0,1,0,1,0,0,1,0,0,0,0
641,4,738.364522,0.27770204,2,0,0,0,1,0,1,0,0,0,1,0,0,0
412,4,82.1538249,0.446813943,1,0,1,0,1,0,0,0,1,1,0,0,0,0
602,4,1736.667463,0.346607101,2,0,0,0,1,0,1,0,0,1,0,0,0,0
448,4,1311.345132,0.194783773,0,0,0,0,1,0,1,0,0,1,0,0,0,0
647,2,591.1971083,0.236278633,0,0,0,0,1,0,0,1,0,0,0,1,0,0
623,2,162.0620648,0.752145894,0,0,1,0,1,0,1,0,0,1,0,0,0,0
312,5,444.0309104,0.392715938,2,1,0,0,1,0,1,0,0,1,0,0,0,0
717,5,282.3558088,0.186578425,2,0,0,1,0,0,1,0,0,1,0,0,0,0
392,6,4164.846617,0.10387977,3,1,1,0,1,0,0,1,0,1,0,0,0,0
661,4,539.9916869,0.281594609,3,1,1,0,1,0,1,0,0,0,1,0,0,0
573,5,438.86783,0.172671096,1,0,1,1,0,0,0,0,1,0,0,0,0,1
867,2,148.1565299,0.159881779,2,0,1,0,0,1,1,0,0,0,0,1,0,0
455,6,218.6120779,0.635524934,3,0,1,0,1,0,0,0,1,0,0,0,1,0
430,1,994.6914197,0.368687851,1,1,0,0,0,1,1,0,0,0,1,0,0,0
496,5,612.418327,0.487687265,0,0,0,0,1,0,0,1,0,1,0,0,0,0
439,3,354.5726001,0.307937472,4,0,1,0,1,0,0,0,1,0,1,0,0,0
659,2,281.9342841,0.264105305,3,0,1,0,1,0,0,1,0,0,0,1,0,0
176,8,179.25543,0.478740984,2,1,1,0,1,0,1,0,0,1,0,0,0,0
289,4,27.5885995,0.308746406,0,0,0,0,1,0,0,1,0,1,0,0,0,0
286,6,3023.04223,0.288009673,1,0,0,0,1,0,1,0,0,0,1,0,0,0
690,4,1119.051046,0.038050337,2,0,0,0,1,0,1,0,0,0,0,0,1,0
842,2,2103.437227,0.273348576,1,0,0,0,1,0,0,0,1,1,0,0,0,0
479,7,425.5724942,0.507706009,2,0,1,0,1,0,0,1,0,0,1,0,0,0
466,5,1628.387192,0.747934692,0,0,1,0,1,0,1,0,0,0,0,1,0,0
514,2,236.8401737,0.322360149,2,0,0,0,1,0,1,0,0,0,1,0,0,0
732,5,570.4102642,0.230423829,0,0,0,0,1,0,0,1,0,1,0,0,0,0
314,13,180.9981311,0.295848201,0,0,1,1,0,0,1,0,0,1,0,0,0,0
547,2,1176.914385,0.123589264,1,0,0,0,1,0,1,0,0,1,0,0,0,0
695,3,550.6901268,0.564047298,1,0,0,0,1,0,1,0,0,1,0,0,0,0
600,4,614.7673033,0.292977144,3,0,1,0,0,1,0,1,0,0,0,1,0,0
537,6,1569.779938,0.294331408,4,1,1,0,1,0,1,0,0,0,1,0,0,0
700,6,1075.254589,0.344747736,0,0,0,0,0,1,1,0,0,0,1,0,0,0
64,1,2711.398212,0.436543514,1,1,1,0,1,0,0,0,1,0,0,1,0,0
635,2,415.80699,0.142576199,2,0,0,0,1,0,0,0,1,0,1,0,0,0
369,4,495.1069641,0.373950312,2,0,0,0,1,0,1,0,0,0,0,1,0,0
133,3,764.3136281,0.176508011,0,0,0,0,1,0,1,0,0,1,0,0,0,0
602,5,483.1022793,0.756836061,0,0,1,0,1,0,0,1,0,0,0,1,0,0
774,6,435.2514054,0.491524299,1,0,0,0,0,1,0,1,0,0,1,0,0,0
472,5,333.105676,0.564907059,1,0,0,0,0,1,1,0,0,1,0,0,0,0
690,4,1426.481893,0.163678367,2,1,0,0,1,0,0,1,0,0,0,1,0,0
822,4,609.9795669,0.236994677,2,1,0,0,0,1,0,1,0,0,1,0,0,0
762,3,747.9775741,0.241945577,1,1,0,0,1,0,0,0,1,0,1,0,0,0
827,5,182.6007916,0.534282814,2,0,0,0,1,0,1,0,0,0,0,1,0,0
648,6,232.0428181,0.184318561,0,0,0,0,1,0,1,0,0,1,0,0,0,0
515,2,332.161738,0.128838011,2,0,0,0,0,1,1,0,0,1,0,0,0,0
179,6,500.9427563,0.687287763,2,0,1,0,1,0,0,0,1,1,0,0,0,0
450,3,35.93706126,0.052375122,0,0,0,0,1,0,1,0,0,0,0,0,0,1
331,3,1754.205462,0.246315172,1,1,0,0,0,1,0,1,0,1,0,0,0,0
934,4,1872.331377,0.328380452,1,0,1,0,1,0,0,0,1,0,1,0,0,0
464,1,867.0102796,0.243370142,1,0,0,0,1,0,0,0,1,1,0,0,0,0
524,4,303.8996858,0.659429132,0,0,1,0,1,0,1,0,0,0,1,0,0,0
610,1,389.320571,0.175655787,4,0,1,0,1,0,0,0,1,1,0,0,0,0
508,3,1059.560571,0.396599847,1,1,0,0,1,0,0,1,0,0,0,0,0,1
839,4,269.8239763,0.258374516,1,1,0,1,0,0,0,0,1,0,0,1,0,0
375,4,751.0704641,0.315414153,0,0,0,0,1,0,1,0,0,0,1,0,0,0
538,2,1893.878778,0.135815761,2,0,0,0,1,0,0,1,0,1,0,0,0,0
351,6,422.7136541,0.305140089,0,0,1,0,1,0,0,1,0,1,0,0,0,0
235,4,707.5406124,0.642771173,2,1,1,0,1,0,0,1,0,1,0,0,0,0
377,5,2111.451505,0.394270706,1,0,0,0,1,0,0,1,0,0,0,1,0,0
492,5,333.1175943,0.521708648,1,0,0,0,0,1,1,0,0,1,0,0,0,0
414,3,1140.493137,0.143910892,1,0,0,0,1,0,1,0,0,0,0,1,0,0
361,2,1125.595651,0.491680167,1,0,0,0,1,0,0,1,0,1,0,0,0,0
218,5,2110.39249,0.402169366,1,1,0,0,1,0,1,0,0,1,0,0,0,0
483,3,1564.869594,0.371611644,2,1,0,0,1,0,1,0,0,0,0,0,1,0
199,12,1105.294437,0.230527503,2,0,1,0,0,1,0,0,1,1,0,0,0,0
652,5,809.6147409,0.557746734,1,0,0,0,0,1,1,0,0,0,1,0,0,0
516,2,220.8012881,0.038735618,1,0,0,0,1,0,1,0,0,0,0,0,1,0
208,4,888.504187,0.224316813,0,0,0,0,0,1,1,0,0,1,0,0,0,0
438,5,258.8612773,0.549519094,0,0,0,0,1,0,1,0,0,0,0,1,0,0
349,6,463.8828043,0.387620077,1,1,0,0,1,0,0,0,1,0,0,1,0,0
563,1,989.4685698,0.477056557,1,1,0,0,1,0,1,0,0,0,1,0,0,0
768,3,898.8838062,0.119898359,3,0,1,0,1,0,0,1,0,0,1,0,0,0
124,6,410.2608892,0.556162256,1,0,0,1,0,0,1,0,0,0,1,0,0,0
523,6,161.3754446,0.555187324,2,1,0,0,1,0,0,1,0,1,0,0,0,0
467,3,529.5397003,0.303353252,1,0,0,0,1,0,0,1,0,0,0,0,0,1
634,4,251.7389202,0.133106865,1,1,0,0,0,1,0,1,0,1,0,0,0,0
542,2,235.9635389,0.366708363,2,0,0,0,1,0,0,0,1,1,0,0,0,0
349,3,316.5626306,0.363207433,1,1,0,0,0,1,0,0,1,1,0,0,0,0
436,3,979.9876329,0.072950362,0,0,0,0,1,0,0,0,1,0,0,0,0,1
340,3,550.1868198,0.720910936,1,0,1,0,1,0,0,1,0,1,0,0,0,0
715,5,373.6651727,0.454597933,0,0,0,0,0,1,0,1,0,0,0,0,1,0
504,3,1846.840796,0.344606122,1,0,0,0,1,0,1,0,0,1,0,0,0,0
880,1,981.4675185,0.321580584,1,0,0,0,0,1,1,0,0,0,0,0,0,1
487,5,546.0076922,0.645455333,2,0,1,0,1,0,1,0,0,1,0,0,0,0
358,4,437.5607692,0.076240684,0,0,0,0,0,1,0,1,0,1,0,0,0,0
197,3,1366.950733,0.543301392,4,0,1,0,1,0,1,0,0,1,0,0,0,0
139,3,151.8874296,0.189808844,2,0,1,0,1,0,1,0,0,1,0,0,0,0
183,5,872.8818683,0.366573873,2,0,0,0,0,1,0,1,0,0,0,0,1,0
553,7,16.99141091,0.28091796,0,1,1,0,1,0,1,0,0,0,1,0,0,0
601,4,5.588041468,0.197529219,4,0,1,0,0,1,0,1,0,0,1,0,0,0
183,4,2148.057312,0.220272737,2,0,0,0,0,1,0,1,0,1,0,0,0,0
679,5,577.218523,0.561043366,1,0,0,0,0,1,0,0,1,1,0,0,0,0
403,4,302.8063037,0.409073185,2,0,1,0,0,1,1,0,0,0,0,0,0,1
529,1,1266.611573,0.653828604,1,0,1,0,1,0,1,0,0,1,0,0,0,0
822,1,3350.643239,0.16874485,1,1,1,0,1,0,1,0,0,1,0,0,0,0
679,6,28.01591364,0.391559669,2,0,0,0,1,0,1,0,0,1,0,0,0,0
446,4,30.95997662,0.209541338,3,0,1,0,1,0,1,0,0,1,0,0,0,0
321,3,1543.615662,0.261054479,3,0,1,0,1,0,0,1,0,0,0,0,0,1
69,2,650.8335386,0.370743487,1,0,0,0,1,0,0,1,0,0,0,1,0,0
356,7,1714.701153,0.459464238,2,0,1,0,1,0,0,1,0,1,0,0,0,0
457,2,949.0191577,0.510890601,3,0,1,0,1,0,0,1,0,0,0,1,0,0
302,3,508.7871091,0.194774497,0,0,0,0,1,0,1,0,0,0,0,1,0,0
473,3,140.7655709,0.289242643,1,0,1,0,0,1,0,0,1,0,0,1,0,0
515,3,395.2549758,0.062753761,2,0,0,0,1,0,0,0,1,1,0,0,0,0
455,5,1237.715625,0.210611412,2,0,0,0,1,0,1,0,0,1,0,0,0,0
369,3,213.172382,0.20708296,0,1,0,0,0,1,1,0,0,0,1,0,0,0
533,4,996.8545262,0.602991733,2,0,1,0,1,0,1,0,0,0,0,0,1,0
588,4,227.3182115,0.230675909,3,0,1,1,0,0,0,1,0,1,0,0,0,0
281,7,498.202238,0.647167947,1,0,1,0,1,0,1,0,0,0,1,0,0,0
782,4,71.44276885,0.513631039,0,0,0,0,1,0,0,1,0,1,0,0,0,0
480,1,485.5733251,0.361385272,3,1,1,0,1,0,1,0,0,1,0,0,0,0
503,5,758.8498095,0.248255418,1,0,0,0,0,1,1,0,0,0,0,1,0,0
641,5,662.8401063,0.56548364,2,1,0,0,1,0,1,0,0,0,0,1,0,0
546,3,417.3293168,0.399790615,2,0,0,0,0,1,0,0,1,0,0,0,1,0
690,5,369.2415098,0.194262037,1,0,0,0,1,0,1,0,0,0,0,0,1,0
557,5,257.7070286,0.655035787,1,0,1,0,1,0,0,0,1,1,0,0,0,0
377,5,1165.730847,0.384376411,2,0,0,0,1,0,0,0,1,1,0,0,0,0
572,4,1220.95325,0.425569535,2,0,0,0,1,0,1,0,0,0,1,0,0,0
271,2,527.8125552,0.584785531,0,0,0,0,1,0,1,0,0,1,0,0,0,0
521,1,385.7409917,0.277377409,1,1,0,0,0,1,0,0,1,0,0,1,0,0
493,1,811.6146696,0.298647996,3,0,1,0,1,0,0,1,0,0,0,1,0,0
458,5,652.6719793,0.381724104,2,0,0,0,1,0,1,0,0,0,1,0,0,0
474,2,880.3041999,0.388354482,0,0,0,0,1,0,0,0,1,1,0,0,0,0
123,1,292.2445595,0.146267969,1,0,0,0,0,1,1,0,0,0,1,0,0,0
390,3,1242.255384,0.099373702,0,0,0,1,0,0,1,0,0,1,0,0,0,0
518,3,304.7071458,0.362005215,1,0,0,0,0,1,1,0,0,1,0,0,0,0
531,4,434.0226714,0.465993001,2,0,0,1,0,0,0,1,0,0,0,0,1,0
294,6,113.6405576,0.206107178,0,0,0,0,0,1,1,0,0,1,0,0,0,0
753,8,1546.857469,0.426185071,1,0,1,1,0,0,0,0,1,1,0,0,0,0
326,3,826.8750355,0.429518073,1,0,0,0,0,1,1,0,0,1,0,0,0,0
693,5,214.6038047,0.489679237,1,0,0,0,1,0,1,0,0,0,1,0,0,0
585,4,1526.911821,0.493252858,0,0,0,0,1,0,0,0,1,0,1,0,0,0
370,6,976.0628007,0.227642799,1,1,0,0,1,0,0,0,1,1,0,0,0,0
855,7,466.9755259,0.384772448,0,0,1,0,1,0,1,0,0,1,0,0,0,0
261,9,3671.660437,0.194748387,1,0,1,0,1,0,0,1,0,1,0,0,0,0
683,2,329.0373632,0.332630019,1,0,0,0,1,0,0,1,0,0,1,0,0,0
700,4,83.88812756,0.068105993,2,0,0,0,0,1,0,1,0,1,0,0,0,0
365,5,1057.781906,0.143758394,2,0,0,0,1,0,0,1,0,1,0,0,0,0
778,1,1131.916533,0.539461184,0,0,0,0,0,1,0,0,1,0,0,1,0,0
449,4,48.62004664,0.678301336,3,0,1,0,0,1,0,0,1,1,0,0,0,0
557,6,1369.261219,0.475641436,2,0,0,1,0,0,0,0,1,1,0,0,0,0
552,2,1196.67853,0.265548701,0,0,0,0,0,1,1,0,0,0,0,1,0,0
473,3,2122.808384,0.102006953,1,0,0,0,0,1,1,0,0,1,0,0,0,0
662,3,100.9488038,0.410602754,1,0,0,0,1,0,1,0,0,0,1,0,0,0
658,5,734.6533427,0.42343555,2,0,0,0,1,0,0,0,1,0,0,0,1,0
150,4,198.1770416,0.131494017,0,0,1,0,1,0,1,0,0,0,0,0,0,1
760,2,407.9167822,0.246621348,0,0,0,0,0,1,1,0,0,0,0,0,0,1
167,6,246.4066915,0.287917264,0,0,0,0,0,1,0,0,1,0,1,0,0,0
706,7,477.2487279,0.38853464,3,0,1,0,0,1,1,0,0,1,0,0,0,0
725,4,95.81670367,0.115872124,2,0,1,0,1,0,1,0,0,1,0,0,0,0
281,4,289.3678011,0.25298894,0,1,0,0,1,0,0,0,1,1,0,0,0,0
417,1,58.84724913,0.028649816,3,0,1,0,1,0,1,0,0,0,0,1,0,0
278,3,541.5545231,0.023411391,0,0,0,0,1,0,0,0,1,0,0,1,0,0
457,2,281.5582898,0.167109049,2,0,0,0,1,0,1,0,0,0,0,1,0,0
438,5,713.8807744,0.400487315,3,0,1,0,1,0,1,0,0,1,0,0,0,0
655,7,487.7012441,0.551583384,2,0,1,0,0,1,1,0,0,0,1,0,0,0
762,6,223.6156766,0.247029534,0,0,0,0,1,0,0,0,1,1,0,0,0,0
779,4,86.90621857,0.124453634,2,0,0,0,1,0,0,1,0,1,0,0,0,0
387,3,1119.719923,0.425268698,1,0,0,1,0,0,1,0,0,1,0,0,0,0
458,3,802.2037432,0.331483098,2,0,0,0,1,0,0,1,0,1,0,0,0,0
163,5,26.78751481,0.433630497,1,0,0,0,1,0,1,0,0,1,0,0,0,0
338,7,3634.925988,0.493127079,2,1,1,0,1,0,0,1,0,0,0,0,1,0
692,3,822.8741706,0.215730732,1,0,0,0,1,0,1,0,0,0,1,0,0,0
823,6,185.7280493,0.612744626,2,0,1,0,1,0,0,0,1,0,0,1,0,0
253,4,1468.553402,0.067132604,1,0,0,0,1,0,0,1,0,0,1,0,0,0
381,5,1710.339675,0.465226786,4,0,1,0,1,0,0,0,1,1,0,0,0,0
494,4,682.0621601,0.433139829,3,0,1,0,1,0,0,1,0,1,0,0,0,0
556,3,1734.248963,0.291132213,1,0,0,0,1,0,0,1,0,0,1,0,0,0
338,8,23.68457573,0.056490839,2,0,1,0,0,1,0,1,0,1,0,0,0,0
584,5,2322.766247,0.190845497,2,0,0,0,1,0,0,1,0,0,1,0,0,0
405,8,47.12395303,0.534987818,2,1,1,0,0,1,1,0,0,0,1,0,0,0
497,3,822.6499606,0.021906192,2,0,0,0,1,0,0,1,0,0,0,0,1,0
609,6,339.5894679,0.304003755,1,0,0,0,1,0,0,1,0,1,0,0,0,0
501,5,32.08476029,0.733579607,0,0,1,0,0,1,1,0,0,1,0,0,0,0
412,4,2119.315464,0.257852548,0,0,0,0,1,0,1,0,0,1,0,0,0,0
478,5,116.3514692,0.276305016,2,0,0,0,1,0,1,0,0,1,0,0,0,0
482,3,1537.91844,0.283714575,1,0,0,0,1,0,0,1,0,1,0,0,0,0
425,1,320.7941104,0.423256836,2,0,0,0,1,0,1,0,0,0,1,0,0,0
448,5,1081.248506,0.581731735,0,0,1,0,0,1,1,0,0,1,0,0,0,0
819,3,234.66055,0.126124241,2,0,0,0,0,1,1,0,0,1,0,0,0,0
612,6,700.5681736,0.711025206,0,1,1,0,1,0,1,0,0,1,0,0,0,0
440,5,1285.767546,0.55527188,2,1,0,0,1,0,1,0,0,0,1,0,0,0
639,1,668.1001491,0.5489343,1,0,1,0,1,0,0,0,1,0,1,0,0,0
433,6,292.8638695,0.400979465,1,0,0,1,0,0,1,0,0,1,0,0,0,0
734,1,212.6693925,0.192649095,0,0,0,0,0,1,0,1,0,0,1,0,0,0
573,9,153.7090241,0.435456524,1,0,1,0,0,1,0,0,1,1,0,0,0,0
478,6,1460.149706,0.361308624,2,1,0,0,1,0,0,0,1,0,1,0,0,0
589,4,755.2227624,0.163567131,2,0,0,0,0,1,0,1,0,1,0,0,0,0
185,2,568.5243268,0.180302099,4,1,1,0,1,0,0,0,1,1,0,0,0,0
274,3,229.6985124,0.087665591,2,0,0,0,1,0,1,0,0,1,0,0,0,0
261,4,454.9802713,0.353469417,2,0,0,0,0,1,0,1,0,1,0,0,0,0
528,6,774.1994601,0.346222508,2,0,0,0,1,0,0,0,1,1,0,0,0,0
846,2,59.67682063,0.152232381,2,0,0,1,0,0,1,0,0,0,0,1,0,0
946,2,357.9238524,0.499457265,3,1,1,0,1,0,1,0,0,0,0,1,0,0
627,3,219.0271753,0.265732667,3,1,1,0,0,1,0,1,0,0,0,0,1,0
600,4,831.9311697,0.175063466,2,0,1,0,1,0,1,0,0,0,0,0,0,1
139,1,745.6698914,0.43213893,2,0,0,0,1,0,1,0,0,1,0,0,0,0
391,3,284.6722278,0.38447491,2,0,0,0,1,0,0,0,1,1,0,0,0,0
342,3,34.0176862,0.296740259,0,0,0,0,1,0,1,0,0,0,1,0,0,0
375,2,161.5096154,0.489042389,1,0,0,0,1,0,1,0,0,1,0,0,0,0
466,7,139.5418315,0.372879505,1,0,1,0,1,0,0,0,1,1,0,0,0,0
405,2,672.194336,0.425025715,0,0,0,0,1,0,1,0,0,1,0,0,0,0
104,8,148.3810203,0.33384295,1,0,1,0,1,0,0,0,1,0,0,0,0,1
649,5,526.7405734,0.488662489,2,0,0,0,1,0,1,0,0,1,0,0,0,0
285,7,762.631115,0.237907575,2,0,1,0,1,0,0,0,1,0,0,1,0,0
547,1,1693.319945,0.176565074,1,0,0,0,0,1,0,0,1,1,0,0,0,0
914,2,224.8592301,0.301906509,3,0,1,0,0,1,1,0,0,1,0,0,0,0
316,4,164.5503686,0.103565614,1,0,0,0,1,0,0,0,1,0,1,0,0,0
64,4,152.2060508,0.540626246,1,0,1,0,1,0,0,1,0,0,0,1,0,0
442,8,357.5664991,0.374487915,0,0,1,0,0,1,1,0,0,0,1,0,0,0
720,1,837.9883866,0.636394807,3,0,1,0,1,0,0,1,0,1,0,0,0,0
891,2,891.4578476,0.061330784,4,0,1,0,1,0,1,0,0,0,0,1,0,0
254,3,189.5525369,0.193008605,3,0,1,0,1,0,0,0,1,0,0,1,0,0
599,5,112.5446673,0.059209256,1,0,1,0,1,0,1,0,0,0,0,0,0,1
406,5,476.3489026,0.214047679,0,0,0,0,1,0,1,0,0,1,0,0,0,0
478,2,121.7672493,0.264754635,1,0,0,0,1,0,0,1,0,1,0,0,0,0
1028,3,1340.978342,0.079292382,3,0,1,0,1,0,1,0,0,0,0,1,0,0
199,7,70.08759883,0.367349568,4,0,1,0,1,0,0,1,0,0,0,1,0,0
550,4,1115.762322,0.587908109,0,0,0,0,1,0,1,0,0,0,0,1,0,0
593,8,34.86724066,0.205809208,0,1,1,0,1,0,0,1,0,1,0,0,0,0
717,4,1315.986234,0.44014881,2,0,0,0,1,0,1,0,0,1,0,0,0,0
519,3,789.2668632,0.558713986,1,0,0,0,1,0,0,0,1,1,0,0,0,0
561,5,311.3267569,0.51786796,1,0,0,0,0,1,0,1,0,1,0,0,0,0
421,7,416.0525385,0.583803439,0,0,1,0,1,0,1,0,0,0,1,0,0,0
553,5,895.7475821,0.263553452,1,0,0,0,1,0,1,0,0,1,0,0,0,0
431,3,164.2705534,0.126479625,1,0,1,0,1,0,0,1,0,0,1,0,0,0
624,5,1768.155475,0.61996741,2,0,1,0,1,0,1,0,0,1,0,0,0,0
426,3,527.5952954,0.302506656,0,0,0,0,1,0,0,0,1,1,0,0,0,0
575,6,1142.158201,0.298284357,2,0,0,0,1,0,1,0,0,1,0,0,0,0
494,1,565.3037715,0.257938082,2,0,0,0,0,1,0,0,1,0,1,0,0,0
725,6,481.5917303,0.271398982,3,1,1,0,1,0,0,1,0,0,1,0,0,0
489,4,507.3225451,0.481120145,0,1,0,0,0,1,1,0,0,1,0,0,0,0
145,1,360.9451367,0.612106903,2,1,1,0,1,0,0,0,1,1,0,0,0,0
752,1,1055.669143,0.278722264,2,1,1,1,0,0,0,0,1,1,0,0,0,0
318,3,1497.434449,0.394243253,0,0,0,0,0,1,0,1,0,1,0,0,0,0
369,4,1541.495387,0.277444499,2,0,0,1,0,0,1,0,0,1,0,0,0,0
380,4,103.3089339,0.078183778,0,0,1,0,1,0,1,0,0,0,0,0,0,1
774,5,1146.265813,0.177765495,2,0,0,0,1,0,0,1,0,1,0,0,0,0
72,3,178.469462,0.072238435,1,1,0,0,0,1,1,0,0,1,0,0,0,0
1127,8,9.802486949,0.051297385,0,0,1,0,0,1,0,1,0,1,0,0,0,0
711,5,257.7735814,0.358971491,1,0,0,1,0,0,0,1,0,1,0,0,0,0
544,8,277.2310177,0.210970965,2,0,1,0,1,0,0,1,0,0,0,0,1,0
489,4,1327.697265,0.61709391,1,0,1,0,0,1,0,1,0,0,0,1,0,0
557,3,1085.066385,0.074037701,1,0,0,0,1,0,1,0,0,1,0,0,0,0
604,3,70.78923295,0.182461499,1,0,0,0,1,0,1,0,0,1,0,0,0,0
629,4,315.5742103,0.357364255,3,0,1,0,1,0,0,1,0,0,0,1,0,0
611,3,231.533364,0.299869937,2,0,0,0,1,0,1,0,0,0,0,0,0,1
517,5,723.9942115,0.520730335,1,0,0,0,0,1,1,0,0,1,0,0,0,0
460,2,623.8568813,0.193297428,1,0,0,0,1,0,1,0,0,1,0,0,0,0
469,4,908.8340472,0.418600808,2,0,1,0,1,0,1,0,0,0,1,0,0,0
461,6,1932.870329,0.425998023,4,0,1,0,1,0,0,1,0,1,0,0,0,0
726,2,437.2638816,0.163216818,1,0,0,0,1,0,0,1,0,1,0,0,0,0
618,4,853.514198,0.632094073,3,0,1,0,1,0,1,0,0,1,0,0,0,0
64,5,2004.275182,0.071738788,2,0,0,0,1,0,0,1,0,0,0,1,0,0
631,7,624.1511392,0.096822745,2,0,1,0,1,0,1,0,0,1,0,0,0,0
538,2,294.8603571,0.454322653,2,0,0,0,0,1,0,1,0,1,0,0,0,0
496,4,412.5367472,0.341766485,2,0,0,1,0,0,0,0,1,1,0,0,0,0
422,3,1123.937119,0.206281419,1,0,0,0,1,0,1,0,0,1,0,0,0,0
724,3,1018.404422,0.274739718,2,0,0,0,1,0,1,0,0,1,0,0,0,0
689,7,1103.980777,0.334469182,1,0,1,0,1,0,0,1,0,1,0,0,0,0
345,8,1087.868062,0.304716539,3,0,1,0,0,1,0,0,1,0,0,1,0,0
581,2,2025.185115,0.23268268,3,0,1,0,1,0,1,0,0,1,0,0,0,0
305,10,1155.156223,0.304755559,1,1,1,0,1,0,1,0,0,1,0,0,0,0
224,4,1547.232381,0.310509821,1,0,0,0,1,0,0,0,1,1,0,0,0,0
374,6,682.1114282,0.285869394,1,0,1,1,0,0,1,0,0,1,0,0,0,0
672,3,826.64487,0.45039741,2,0,0,0,1,0,1,0,0,1,0,0,0,0
690,2,2746.632913,0.069617588,1,0,0,0,1,0,0,1,0,0,0,1,0,0
602,3,1634.030353,0.150202678,1,0,0,1,0,0,1,0,0,1,0,0,0,0
645,6,1201.760194,0.307659481,0,1,0,0,1,0,0,1,0,1,0,0,0,0
603,3,925.4542092,0.454912336,1,0,1,0,0,1,0,1,0,0,0,1,0,0
371,6,355.1796202,0.516056158,3,0,1,0,1,0,0,0,1,1,0,0,0,0
586,4,635.4807469,0.098177919,2,0,1,1,0,0,1,0,0,0,0,1,0,0
660,1,45.36480789,0.06533315,0,1,0,0,1,0,0,1,0,1,0,0,0,0
650,6,430.5118937,0.288722643,0,1,1,0,0,1,0,1,0,0,0,1,0,0
737,4,94.93351688,0.343916599,3,0,1,0,1,0,0,0,1,0,1,0,0,0
641,1,1043.445773,0.392112475,2,0,0,0,0,1,1,0,0,0,0,1,0,0
570,2,1782.855576,0.148351657,1,0,0,0,1,0,0,1,0,0,1,0,0,0
714,6,153.0087916,0.071144609,4,0,1,0,1,0,0,1,0,0,1,0,0,0
494,4,225.554467,0.342918378,4,0,1,0,0,1,0,1,0,1,0,0,0,0
323,6,1555.821911,0.437288092,5,0,1,0,1,0,0,0,1,1,0,0,0,0
467,3,705.1872111,0.440901493,1,0,0,0,1,0,0,1,0,0,0,1,0,0
351,3,709.9855411,0.159756748,2,0,1,0,1,0,0,1,0,0,0,1,0,0
364,4,662.0313644,0.259715523,2,0,0,0,0,1,0,1,0,0,0,1,0,0
471,2,196.9872381,0.066643293,2,0,0,0,1,0,1,0,0,0,1,0,0,0
341,3,223.033912,0.32688417,1,0,0,0,0,1,1,0,0,1,0,0,0,0
438,1,2390.895949,0.130629098,1,0,0,0,1,0,1,0,0,0,0,1,0,0
121,3,1028.349212,0.095122362,1,0,0,0,1,0,0,1,0,0,0,1,0,0
542,4,75.83060144,0.171710671,2,0,0,0,1,0,1,0,0,0,0,1,0,0
500,1,201.7883899,0.670831888,1,0,1,0,1,0,0,1,0,0,0,0,1,0
336,3,789.1892925,0.060230441,2,0,1,0,1,0,1,0,0,1,0,0,0,0
631,1,266.6629795,0.118654606,2,0,1,0,1,0,0,1,0,0,1,0,0,0
687,4,231.9970316,0.357286617,2,0,0,0,1,0,1,0,0,0,1,0,0,0
178,4,180.8662865,0.162389582,3,0,1,1,0,0,1,0,0,1,0,0,0,0
347,8,164.3675366,0.124903613,0,0,1,0,1,0,1,0,0,0,0,1,0,0
346,5,760.148134,0.177547138,1,1,0,0,1,0,0,0,1,0,0,1,0,0
312,5,1890.282826,0.735229382,1,0,1,0,1,0,1,0,0,1,0,0,0,0
665,3,358.4457546,0.492079902,2,0,0,0,1,0,1,0,0,1,0,0,0,0
461,5,103.6393299,0.347672953,1,0,1,0,1,0,0,0,1,1,0,0,0,0
447,5,106.1847695,0.540837676,3,0,1,0,1,0,1,0,0,1,0,0,0,0
99,2,2170.728091,0.338104646,1,0,1,0,0,1,0,1,0,0,0,0,0,1
627,3,601.86858,0.194122977,1,0,0,0,1,0,0,0,1,1,0,0,0,0
252,3,502.3153978,0.622074296,2,0,1,0,1,0,0,1,0,0,0,1,0,0
511,5,1771.229041,0.257009655,0,1,0,0,1,0,0,1,0,1,0,0,0,0
555,3,565.9801704,0.199086645,2,0,0,0,1,0,1,0,0,1,0,0,0,0
772,4,524.0630785,0.369644058,2,0,0,0,1,0,0,1,0,0,0,1,0,0
238,4,2090.037853,0.36235652,1,0,0,0,1,0,0,0,1,0,0,1,0,0
64,4,514.6618438,0.497078475,1,0,0,0,1,0,0,0,1,0,0,1,0,0
536,5,396.6984787,0.176092658,2,0,1,0,1,0,0,1,0,1,0,0,0,0
860,3,697.172701,0.217286095,2,0,0,0,0,1,1,0,0,0,1,0,0,0
747,3,3025.90293,0.506618068,2,0,0,0,1,0,0,0,1,1,0,0,0,0
541,5,2655.599011,0.188569512,2,0,0,0,1,0,1,0,0,0,0,0,1,0
401,7,1195.46509,0.251920005,1,1,1,0,1,0,1,0,0,0,0,1,0,0
661,7,553.367946,0.156004861,0,0,1,0,1,0,1,0,0,0,1,0,0,0
305,4,1706.015388,0.411678333,1,0,0,0,1,0,1,0,0,1,0,0,0,0
595,2,434.9311284,0.332707864,2,0,0,0,1,0,0,1,0,0,0,1,0,0
601,5,817.6389384,0.271698056,2,1,0,0,0,1,1,0,0,1,0,0,0,0
712,5,158.2017694,0.576681898,3,0,1,0,1,0,1,0,0,0,1,0,0,0
1051,4,866.0832379,0.197759294,1,0,0,0,1,0,1,0,0,0,1,0,0,0
578,4,258.4881521,0.361999636,2,0,0,0,1,0,1,0,0,1,0,0,0,0
398,5,1181.861458,0.389755768,0,0,0,0,1,0,0,1,0,1,0,0,0,0
494,4,427.6032211,0.387092775,1,0,1,0,1,0,0,1,0,1,0,0,0,0
146,1,406.5430165,0.31706372,0,0,0,0,1,0,0,1,0,0,1,0,0,0
361,4,1098.158244,0.189657404,1,0,0,0,1,0,0,1,0,1,0,0,0,0
418,3,443.1516375,0.592171703,2,0,0,0,1,0,1,0,0,0,0,0,1,0
395,6,1001.470517,0.503941996,3,0,1,0,1,0,0,1,0,1,0,0,0,0
530,4,1545.179024,0.821066689,3,0,1,0,0,1,0,1,0,0,0,0,0,1
335,5,117.7599727,0.112055916,0,0,0,0,1,0,1,0,0,1,0,0,0,0
724,4,521.6395011,0.104998888,2,0,1,0,1,0,1,0,0,1,0,0,0,0
500,2,2319.05187,0.158200416,2,0,0,0,0,1,1,0,0,1,0,0,0,0
498,3,1337.82316,0.201311273,2,0,0,0,0,1,1,0,0,0,0,0,0,1
434,3,2907.884798,0.26255448,1,0,0,0,0,1,1,0,0,1,0,0,0,0
531,5,1574.65484,0.664979019,1,0,1,0,1,0,1,0,0,0,1,0,0,0
665,9,297.1058471,0.39029829,0,0,1,0,0,1,1,0,0,1,0,0,0,0
326,4,157.934456,0.454134844,1,0,0,0,1,0,1,0,0,1,0,0,0,0
368,5,189.1267178,0.385407127,1,0,0,0,1,0,1,0,0,0,1,0,0,0
439,6,195.5884834,0.71500606,2,0,1,0,1,0,1,0,0,1,0,0,0,0
230,6,63.00636886,0.422807494,2,0,0,0,0,1,0,1,0,0,0,1,0,0
336,6,1898.363927,0.332642245,1,0,0,0,1,0,1,0,0,1,0,0,0,0
404,4,558.6059153,0.160206424,1,0,0,0,1,0,0,0,1,0,1,0,0,0
674,11,85.41916484,0.504611971,3,0,1,0,1,0,0,0,1,0,0,1,0,0
552,6,1150.547258,0.233160961,0,0,0,0,1,0,0,1,0,0,0,1,0,0
538,3,315.1938173,0.494235774,0,0,0,0,0,1,1,0,0,0,1,0,0,0
670,1,58.94953231,0.46663835,0,0,0,0,1,0,0,0,1,1,0,0,0,0
472,8,168.3364243,0.186346607,1,0,1,0,1,0,1,0,0,1,0,0,0,0
578,1,857.3032854,0.114929501,2,0,0,0,0,1,1,0,0,1,0,0,0,0
479,6,1263.927737,0.474869009,2,0,0,0,1,0,0,1,0,0,0,1,0,0
553,2,234.077127,0.430004459,0,0,0,0,1,0,1,0,0,1,0,0,0,0
383,3,688.4166924,0.102164856,1,0,0,0,0,1,0,1,0,1,0,0,0,0
64,7,0.69835097,0.155991566,0,0,1,0,0,1,0,1,0,1,0,0,0,0
473,4,261.0135576,0.123438951,0,1,0,0,0,1,1,0,0,1,0,0,0,0
784,3,160.3563136,0.371463693,1,1,0,0,1,0,1,0,0,1,0,0,0,0
685,9,63.70762749,0.324152162,1,0,1,0,1,0,0,0,1,1,0,0,0,0
693,2,529.1564992,0.559325468,1,0,0,0,1,0,0,1,0,1,0,0,0,0
747,2,797.6005452,0.081879207,2,1,0,0,1,0,1,0,0,1,0,0,0,0
517,3,37.98894885,0.226865157,2,0,0,0,1,0,0,1,0,1,0,0,0,0
539,3,118.6990192,0.346653772,3,1,1,0,1,0,1,0,0,1,0,0,0,0
376,3,2154.031047,0.248449225,2,0,1,0,0,1,0,0,1,0,0,0,1,0
436,6,201.9681348,0.533065129,1,0,0,0,1,0,1,0,0,0,1,0,0,0
623,6,1141.652241,0.171879897,1,0,0,0,1,0,0,0,1,1,0,0,0,0
740,10,1101.820109,0.285703154,2,0,1,0,1,0,0,0,1,1,0,0,0,0
472,2,310.3939219,0.372837964,1,0,1,0,1,0,0,0,1,0,0,1,0,0
409,3,182.6423698,0.269320883,1,0,0,1,0,0,1,0,0,1,0,0,0,0
500,1,223.7187997,0.385414495,1,0,0,0,1,0,0,0,1,0,0,0,1,0
620,3,667.5823816,0.414221289,2,0,0,0,1,0,1,0,0,1,0,0,0,0
211,3,383.9255506,0.079208232,0,0,0,0,1,0,1,0,0,1,0,0,0,0
64,5,547.4535985,0.467640137,2,0,0,0,1,0,1,0,0,1,0,0,0,0
389,3,1335.403342,0.209404243,0,0,0,0,1,0,0,1,0,1,0,0,0,0
255,3,558.2004235,0.179168423,2,0,0,0,0,1,0,1,0,0,0,1,0,0
398,2,4276.14703,0.058064133,0,0,0,0,1,0,0,1,0,1,0,0,0,0
470,3,876.8934531,0.076712064,2,0,0,0,1,0,0,0,1,0,0,1,0,0
409,2,185.7955292,0.540767981,3,0,1,0,1,0,1,0,0,0,1,0,0,0
790,7,553.7481661,0.625547904,2,0,1,0,0,1,1,0,0,0,0,1,0,0
565,2,1343.106374,0.312325669,3,1,1,0,0,1,0,1,0,1,0,0,0,0
560,7,197.0289658,0.146380543,1,1,1,0,1,0,0,1,0,1,0,0,0,0
624,5,1045.756304,0.563084853,1,0,0,0,1,0,1,0,0,0,0,1,0,0
272,5,27.21699951,0.053669451,1,0,0,0,0,1,0,0,1,1,0,0,0,0
707,2,2286.640437,0.283344207,3,0,1,0,0,1,1,0,0,0,1,0,0,0
484,1,870.9970925,0.446098197,0,0,0,0,0,1,0,1,0,1,0,0,0,0
634,6,141.9343713,0.192333845,0,0,0,0,0,1,1,0,0,1,0,0,0,0
285,5,1659.051996,0.109701957,0,0,1,0,1,0,1,0,0,1,0,0,0,0
189,4,68.29005657,0.153950799,1,1,0,0,1,0,0,0,1,1,0,0,0,0
663,5,416.6051016,0.082291251,1,0,0,0,0,1,1,0,0,0,1,0,0,0
575,5,1068.326912,0.209714429,1,0,0,0,0,1,0,0,1,1,0,0,0,0
319,4,2216.8767,0.585123844,2,1,0,0,1,0,1,0,0,0,0,0,1,0
326,2,343.1633844,0.278676593,1,0,1,0,1,0,0,1,0,1,0,0,0,0
725,4,1419.974891,0.114434189,1,0,0,1,0,0,0,1,0,0,1,0,0,0
262,5,175.2736733,0.196981002,1,0,1,0,1,0,1,0,0,1,0,0,0,0
828,4,28.5932451,0.213171074,1,0,0,0,0,1,0,0,1,1,0,0,0,0
319,4,23.34614862,0.214667466,1,0,0,0,1,0,1,0,0,1,0,0,0,0
627,2,858.7545428,0.144846219,1,0,0,0,1,0,0,1,0,1,0,0,0,0
434,2,133.9847935,0.404767433,1,1,1,0,1,0,0,0,1,0,0,1,0,0
620,3,41.30778562,0.151231483,2,0,0,0,1,0,1,0,0,0,1,0,0,0
391,5,3009.074989,0.163618013,3,0,1,0,1,0,0,1,0,0,0,1,0,0
467,1,221.6704629,0.20634629,2,0,0,0,1,0,1,0,0,0,0,0,0,1
508,3,496.7423102,0.561409824,3,0,1,0,0,1,1,0,0,0,0,0,1,0
299,5,759.6322158,0.035122356,1,0,0,1,0,0,1,0,0,1,0,0,0,0
648,1,124.8142383,0.374830224,1,0,0,0,1,0,0,0,1,0,0,1,0,0
397,3,353.4985624,0.170991601,1,1,0,0,1,0,1,0,0,1,0,0,0,0
454,6,834.6332981,0.584383955,3,0,1,0,1,0,1,0,0,1,0,0,0,0
301,1,816.7916565,0.544622017,1,0,0,0,1,0,0,0,1,0,1,0,0,0
64,3,1476.41842,0.101852277,2,0,1,0,1,0,1,0,0,1,0,0,0,0
461,4,460.1810057,0.263144522,2,0,1,0,1,0,0,1,0,0,0,1,0,0
982,1,1764.567279,0.470138001,3,0,1,0,1,0,0,1,0,1,0,0,0,0
656,7,917.0481332,0.444219253,1,0,1,0,1,0,0,1,0,1,0,0,0,0
496,4,660.6212548,0.418574601,1,0,0,0,1,0,1,0,0,1,0,0,0,0
447,1,99.66803703,0.161484139,2,0,1,0,0,1,0,1,0,1,0,0,0,0
504,8,683.9757403,0.230019385,1,0,1,0,1,0,0,0,1,1,0,0,0,0
609,3,722.4469656,0.306989951,3,0,1,0,0,1,1,0,0,0,1,0,0,0
263,2,1137.717588,0.220521513,3,0,1,0,0,1,1,0,0,1,0,0,0,0
722,5,1015.916507,0.27382788,1,0,0,1,0,0,0,0,1,0,0,1,0,0
643,3,603.9843309,0.150401633,0,0,0,0,0,1,1,0,0,1,0,0,0,0
643,11,718.8179642,0.14547857,2,0,1,0,1,0,1,0,0,1,0,0,0,0
587,6,1183.931123,0.363821196,1,0,1,0,1,0,1,0,0,0,1,0,0,0
503,3,346.40093,0.363232831,3,0,1,0,1,0,1,0,0,1,0,0,0,0
634,3,115.9939042,0.439972126,2,0,0,0,0,1,1,0,0,1,0,0,0,0
618,6,1659.081788,0.236106018,1,0,0,0,0,1,1,0,0,1,0,0,0,0
429,2,2682.355037,0.266391553,2,0,0,0,0,1,1,0,0,0,0,1,0,0
385,3,448.7200641,0.090509816,3,0,1,0,1,0,0,0,1,1,0,0,0,0
520,7,3709.311286,0.393054024,3,0,1,0,0,1,0,1,0,0,0,0,1,0
809,4,311.7067718,0.217156593,1,1,0,0,1,0,1,0,0,0,0,1,0,0
252,7,55.1149532,0.378656344,1,0,1,0,1,0,1,0,0,1,0,0,0,0
206,5,679.7651585,0.662468297,0,1,1,0,0,1,0,0,1,1,0,0,0,0
532,2,1621.179881,0.213737768,1,0,1,0,1,0,0,0,1,0,1,0,0,0
510,3,768.7832743,0.44978053,1,1,1,1,0,0,0,0,1,0,0,0,1,0
534,5,7.57749205,0.165837087,2,0,0,0,1,0,0,0,1,0,1,0,0,0
548,7,9.522595824,0.143216315,1,1,1,0,0,1,0,1,0,1,0,0,0,0
455,5,1030.901781,0.285359009,2,0,0,0,1,0,1,0,0,1,0,0,0,0
797,9,1493.236392,0.198356689,1,0,1,0,0,1,0,0,1,1,0,0,0,0
179,2,233.3913897,0.314923356,2,1,0,0,0,1,0,1,0,1,0,0,0,0
334,5,508.1004639,0.116252175,1,0,0,0,0,1,0,1,0,1,0,0,0,0
479,5,2597.221708,0.145220515,3,0,1,0,1,0,0,1,0,0,1,0,0,0
171,6,493.7998582,0.398157485,3,0,1,0,0,1,0,1,0,0,1,0,0,0
464,1,116.7738965,0.190083395,1,0,0,0,1,0,0,1,0,1,0,0,0,0
832,5,1941.18649,0.233903829,1,0,1,0,1,0,1,0,0,0,1,0,0,0
504,3,546.8231384,0.519385744,2,0,0,0,1,0,1,0,0,0,0,1,0,0
546,3,337.6499992,0.415468588,1,0,1,0,0,1,1,0,0,1,0,0,0,0
247,3,82.00963659,0.239137473,2,0,0,0,1,0,0,1,0,1,0,0,0,0
376,6,490.3875305,0.210769694,1,0,0,0,0,1,0,0,1,0,0,0,1,0
424,3,1174.60339,0.160230885,1,1,0,0,0,1,1,0,0,1,0,0,0,0
436,3,1010.367987,0.206165217,2,0,1,0,1,0,0,0,1,0,0,0,0,1
756,5,549.0765312,0.284649724,0,0,1,0,0,1,1,0,0,0,0,0,0,1
611,2,1017.046058,0.274217888,0,0,0,0,1,0,0,0,1,0,1,0,0,0
277,2,345.5629651,0.374114904,0,0,1,0,0,1,1,0,0,1,0,0,0,0
549,2,1063.23044,0.230926664,2,0,0,0,1,0,0,1,0,1,0,0,0,0
599,3,71.70711561,0.456416424,3,1,1,0,1,0,1,0,0,1,0,0,0,0
728,3,177.7492409,0.462766937,3,0,1,0,1,0,1,0,0,1,0,0,0,0
816,7,1681.17516,0.403377148,1,0,1,0,1,0,1,0,0,0,1,0,0,0
296,4,278.1216548,0.040145684,2,0,0,0,1,0,0,1,0,0,0,1,0,0
337,3,184.478408,0.437468153,2,0,0,0,1,0,1,0,0,0,1,0,0,0
248,3,74.57217817,0.296926649,1,0,0,0,1,0,0,0,1,0,1,0,0,0
453,4,399.3218771,0.379950213,2,0,1,0,1,0,0,1,0,0,0,0,0,1
593,4,55.46469289,0.817690337,1,0,1,0,1,0,1,0,0,0,0,1,0,0
697,3,549.7010101,0.226527621,2,0,0,0,0,1,0,1,0,0,0,1,0,0
484,1,2012.669553,0.355782873,1,0,0,0,1,0,1,0,0,0,0,1,0,0
436,4,1237.675233,0.217446807,0,0,0,0,0,1,0,1,0,0,0,1,0,0
530,1,33.21926746,0.074950974,3,0,1,0,1,0,0,1,0,1,0,0,0,0
332,4,285.063619,0.170093448,1,0,1,0,1,0,1,0,0,0,0,1,0,0
917,6,166.2535677,0.047631694,0,0,0,0,1,0,0,1,0,0,0,1,0,0
178,1,55.42849303,0.17152892,2,0,0,0,1,0,1,0,0,1,0,0,0,0
536,4,92.00600598,0.291163976,3,1,1,0,1,0,1,0,0,1,0,0,0,0
904,1,1910.029761,0.255515264,0,0,0,0,1,0,0,1,0,1,0,0,0,0
501,5,296.9474322,0.521320958,3,0,1,0,0,1,1,0,0,0,1,0,0,0
461,3,398.3589458,0.085766054,0,0,0,0,0,1,1,0,0,1,0,0,0,0
428,5,531.9601716,0.077162443,1,0,0,0,1,0,1,0,0,0,1,0,0,0
463,6,1092.970981,0.775699142,0,1,1,0,0,1,0,1,0,1,0,0,0,0
774,4,1281.058636,0.465099204,0,0,0,0,1,0,1,0,0,0,0,1,0,0
64,7,2653.401378,0.381121385,0,0,1,0,1,0,0,0,1,0,1,0,0,0
806,2,189.2648155,0.109569649,3,0,1,0,1,0,0,1,0,0,1,0,0,0
215,5,286.5593737,0.534096911,0,0,0,0,0,1,0,1,0,0,1,0,0,0
446,4,300.2910442,0.073603221,2,1,0,0,0,1,1,0,0,0,1,0,0,0
414,3,471.4028546,0.660100637,2,0,1,0,0,1,1,0,0,0,0,1,0,0
617,4,1317.729898,0.524437486,2,0,0,0,1,0,0,0,1,0,0,1,0,0
180,6,218.9771398,0.70803902,2,0,1,0,1,0,1,0,0,0,0,0,0,1
592,5,1221.997974,0.211257209,1,0,0,0,0,1,1,0,0,0,1,0,0,0
904,4,182.565095,0.471268542,0,0,0,0,1,0,1,0,0,1,0,0,0,0
227,1,990.7068083,0.243037653,0,1,0,0,1,0,1,0,0,1,0,0,0,0
537,4,1283.56555,0.236027683,3,0,1,0,1,0,1,0,0,1,0,0,0,0
367,4,1538.134821,0.198265375,2,0,0,0,1,0,0,0,1,1,0,0,0,0
585,5,571.1462363,0.157154083,1,1,0,0,1,0,1,0,0,0,1,0,0,0
503,5,318.8491785,0.541642497,2,0,0,0,1,0,0,0,1,1,0,0,0,0
371,6,1184.077044,0.443523649,1,0,0,0,1,0,1,0,0,1,0,0,0,0
597,3,309.6088967,0.532799095,4,0,1,0,1,0,0,0,1,1,0,0,0,0
860,8,128.218364,0.533800667,2,0,1,0,1,0,0,1,0,1,0,0,0,0
461,5,1439.929038,0.110869274,0,0,0,0,1,0,1,0,0,1,0,0,0,0
643,5,423.7905823,0.206923164,1,0,0,0,1,0,0,1,0,0,0,1,0,0
241,3,676.7287553,0.247997022,1,0,0,0,1,0,1,0,0,0,1,0,0,0
308,3,2005.172758,0.29467168,0,0,1,0,1,0,0,0,1,0,0,1,0,0
594,4,116.7577166,0.090754664,3,0,1,0,1,0,0,0,1,1,0,0,0,0
796,3,651.680569,0.653103859,1,0,1,0,0,1,1,0,0,1,0,0,0,0
571,2,654.5413921,0.309050514,1,0,0,0,0,1,1,0,0,1,0,0,0,0
437,3,1583.771412,0.742988378,2,0,1,0,1,0,0,1,0,0,0,1,0,0
499,6,333.9398396,0.375509637,2,0,1,0,1,0,0,1,0,0,1,0,0,0
249,4,410.2809252,0.044625909,1,0,1,0,0,1,1,0,0,1,0,0,0,0
620,5,585.998143,0.109091566,0,0,0,0,1,0,1,0,0,1,0,0,0,0
676,8,146.3693923,0.232289483,0,0,1,0,1,0,0,0,1,1,0,0,0,0
409,2,508.9015726,0.492266133,3,0,1,0,1,0,1,0,0,0,1,0,0,0
405,8,458.2768506,0.490957698,1,0,1,0,1,0,1,0,0,1,0,0,0,0
553,6,175.9135499,0.396849724,1,0,0,0,1,0,1,0,0,0,0,0,1,0
412,7,1431.917055,0.397507019,4,1,1,1,0,0,1,0,0,0,0,0,0,1
486,3,451.1473454,0.239534974,1,0,1,0,0,1,0,1,0,0,0,1,0,0
919,1,292.3026359,0.531873895,2,1,0,0,1,0,0,1,0,1,0,0,0,0
450,7,111.7538535,0.170420622,5,0,1,0,1,0,0,1,0,1,0,0,0,0
428,3,75.22685506,0.580267192,0,1,0,0,1,0,0,1,0,0,1,0,0,0
370,3,2579.651447,0.160975698,2,0,0,0,1,0,0,0,1,0,0,1,0,0
648,2,4263.588563,0.088794831,2,1,1,0,1,0,1,0,0,1,0,0,0,0
463,4,1825.640961,0.507601814,3,0,1,0,1,0,1,0,0,1,0,0,0,0
370,3,490.9239685,0.520639284,1,0,0,0,1,0,1,0,0,1,0,0,0,0
764,2,1319.857002,0.191720374,0,0,0,0,1,0,0,0,1,1,0,0,0,0
783,6,1437.975143,0.447855298,0,0,0,0,1,0,0,1,0,0,0,1,0,0
379,4,285.1219399,0.520356062,1,0,1,1,0,0,1,0,0,0,1,0,0,0
126,2,705.5675817,0.322663246,0,1,0,0,1,0,1,0,0,0,0,1,0,0
701,2,2513.939649,0.228956025,1,1,1,1,0,0,0,0,1,1,0,0,0,0
363,7,262.8785907,0.35347914,3,0,1,0,1,0,1,0,0,0,0,1,0,0
658,3,869.8681895,0.448362001,1,0,0,0,1,0,1,0,0,1,0,0,0,0
105,7,869.0493027,0.541587683,2,1,1,0,1,0,0,1,0,1,0,0,0,0
678,3,482.163647,0.512091634,4,0,1,0,1,0,0,0,1,1,0,0,0,0
257,3,539.1916604,0.061795032,1,1,0,0,1,0,1,0,0,1,0,0,0,0
646,1,487.6075416,0.502114939,1,0,0,0,0,1,0,1,0,0,0,1,0,0
502,6,588.9722283,0.314557287,3,1,1,1,0,0,1,0,0,0,1,0,0,0
309,2,128.8656602,0.429179752,2,0,0,0,1,0,0,1,0,0,0,0,0,1
418,2,1266.809968,0.262041429,0,0,0,0,1,0,0,1,0,0,0,1,0,0
637,5,865.5814142,0.242827275,0,0,1,0,1,0,0,0,1,1,0,0,0,0
521,4,2914.277084,0.40395933,2,0,0,0,1,0,1,0,0,1,0,0,0,0
616,5,225.5118391,0.224403485,1,0,0,0,1,0,0,1,0,0,0,1,0,0
895,4,126.2295198,0.153158278,1,0,0,0,1,0,0,1,0,1,0,0,0,0
187,7,335.5141982,0.307006988,2,0,1,0,1,0,0,0,1,1,0,0,0,0
823,2,570.2578227,0.350280408,1,0,0,0,1,0,0,1,0,1,0,0,0,0
520,4,183.540146,0.18921966,2,0,1,0,1,0,1,0,0,1,0,0,0,0
320,2,493.8398238,0.337392609,3,0,1,0,1,0,1,0,0,0,0,0,0,1
233,6,823.1493951,0.42966772,1,0,0,0,1,0,0,0,1,1,0,0,0,0
462,10,46.2484688,0.278805379,2,0,1,1,0,0,0,0,1,1,0,0,0,0
684,2,1135.15277,0.044929793,1,0,0,0,1,0,1,0,0,1,0,0,0,0
474,3,2246.888215,0.53535831,0,0,0,0,0,1,1,0,0,1,0,0,0,0
802,7,249.8511312,0.440801498,1,0,1,0,0,1,0,1,0,0,0,0,0,1
209,1,1197.681961,0.476325206,1,0,0,1,0,0,1,0,0,1,0,0,0,0
497,11,432.9375075,0.206388336,1,0,1,0,0,1,1,0,0,1,0,0,0,0
249,4,873.5461064,0.223174023,1,0,0,0,1,0,1,0,0,1,0,0,0,0
572,4,1086.99338,0.065008359,1,0,0,0,0,1,0,1,0,0,0,1,0,0
677,6,279.61608,0.646429175,0,0,1,0,1,0,0,0,1,0,1,0,0,0
415,4,1238.665202,0.193734015,1,1,0,0,1,0,1,0,0,0,1,0,0,0
64,3,88.84477229,0.341277301,1,0,0,1,0,0,0,0,1,1,0,0,0,0
539,5,3457.488995,0.398459427,2,0,0,0,0,1,0,1,0,0,0,1,0,0
587,5,328.8143794,0.056577367,0,0,0,1,0,0,0,0,1,1,0,0,0,0
580,7,202.6788981,0.566485512,3,1,1,0,0,1,1,0,0,0,0,0,0,1
747,5,119.40724,0.256881854,1,0,0,0,0,1,1,0,0,0,0,1,0,0
285,5,1337.82603,0.265593747,1,0,1,0,0,1,1,0,0,1,0,0,0,0
636,6,705.2996332,0.471250496,2,0,0,0,0,1,1,0,0,0,0,1,0,0
738,2,2423.767151,0.268929132,1,1,0,0,1,0,0,0,1,0,0,1,0,0
144,5,834.5686857,0.593828529,2,0,0,0,0,1,0,0,1,0,0,0,1,0
563,5,333.1314476,0.523378618,1,0,0,0,0,1,0,1,0,1,0,0,0,0
399,5,1448.325977,0.496732642,1,0,1,0,0,1,1,0,0,0,1,0,0,0
483,5,264.1766999,0.179124817,1,0,1,0,1,0,1,0,0,0,0,0,0,1
569,5,274.9400595,0.47734108,1,0,0,0,1,0,1,0,0,0,0,1,0,0
402,3,22.95013906,0.059729562,1,0,1,0,1,0,0,1,0,1,0,0,0,0
364,3,232.3061076,0.674691932,2,0,1,0,0,1,1,0,0,0,0,0,0,1
506,4,242.436085,0.370558418,0,0,0,0,1,0,0,0,1,0,0,1,0,0
282,1,282.5123952,0.139838764,0,0,0,0,1,0,1,0,0,0,0,0,0,1
282,6,367.8887992,0.372431593,1,0,0,0,1,0,1,0,0,1,0,0,0,0
635,1,687.6901365,0.353338773,0,1,0,0,0,1,0,0,1,1,0,0,0,0
270,1,195.0761066,0.471330452,1,0,1,0,0,1,0,1,0,0,0,0,1,0
633,3,810.1554449,0.473905436,2,0,0,0,0,1,0,1,0,0,1,0,0,0
592,4,114.4638068,0.436511002,2,0,0,0,1,0,0,0,1,1,0,0,0,0
154,2,2137.886619,0.390771251,1,1,0,0,1,0,0,0,1,1,0,0,0,0
364,3,21.16572789,0.417583844,2,0,0,0,1,0,0,0,1,1,0,0,0,0
738,4,1910.495989,0.296039559,2,1,1,0,1,0,0,0,1,0,0,0,1,0
303,5,633.8442604,0.225182353,1,0,1,0,0,1,1,0,0,1,0,0,0,0
407,4,990.4245849,0.819550265,2,0,1,0,1,0,0,1,0,0,1,0,0,0
592,4,283.4481719,0.385581045,2,0,0,0,1,0,0,1,0,0,0,1,0,0
656,5,152.7335467,0.332698639,1,0,0,0,1,0,0,1,0,1,0,0,0,0
449,6,2354.431542,0.072530792,3,0,1,0,1,0,0,1,0,1,0,0,0,0
380,4,465.2901084,0.357775022,3,0,1,0,0,1,0,0,1,1,0,0,0,0
784,2,523.9306423,0.278658523,2,0,0,0,1,0,1,0,0,1,0,0,0,0
847,5,3396.789355,0.2016404,2,0,0,0,0,1,0,1,0,1,0,0,0,0
695,5,327.6613982,0.182789763,2,0,0,0,1,0,0,1,0,0,0,0,1,0
517,3,84.45874355,0.255895798,2,0,0,0,1,0,1,0,0,0,0,1,0,0
338,3,707.2800118,0.661750597,0,0,1,0,1,0,1,0,0,0,0,1,0,0
333,3,647.3989505,0.161423421,0,0,0,0,1,0,0,1,0,0,1,0,0,0
604,2,1186.61211,0.347468941,1,0,0,0,0,1,0,0,1,0,0,0,1,0
583,3,2482.263802,0.444425254,3,1,1,0,1,0,0,1,0,1,0,0,0,0
780,5,294.1591041,0.130753835,0,1,0,0,1,0,1,0,0,0,0,1,0,0
630,5,1023.521784,0.143588751,1,0,0,0,1,0,0,1,0,1,0,0,0,0
199,1,456.0403339,0.110291781,1,0,0,0,1,0,0,0,1,1,0,0,0,0
710,4,1225.140419,0.559642032,0,0,1,0,0,1,1,0,0,0,0,1,0,0
300,1,143.5664126,0.062014333,3,0,1,0,1,0,0,1,0,1,0,0,0,0
423,5,555.8891868,0.563283342,2,0,0,0,1,0,0,1,0,0,0,1,0,0
550,6,64.26286965,0.330533381,2,0,0,0,0,1,0,1,0,1,0,0,0,0
899,4,658.9228046,0.469734739,2,0,0,0,1,0,1,0,0,1,0,0,0,0
1121,1,148.0749814,0.393266403,2,0,0,0,1,0,0,0,1,0,1,0,0,0
621,5,2576.002562,0.223014837,2,0,0,0,1,0,1,0,0,1,0,0,0,0
463,4,646.5418042,0.112379183,1,0,0,0,1,0,1,0,0,1,0,0,0,0
606,2,602.9542445,0.381771657,1,1,0,0,0,1,1,0,0,1,0,0,0,0
677,4,2869.946112,0.562459176,1,1,1,0,1,0,0,1,0,0,0,0,0,1
435,2,551.9862129,0.187014973,3,0,1,1,0,0,0,1,0,0,0,1,0,0
859,5,903.4051629,0.860872209,0,0,1,0,1,0,1,0,0,0,0,1,0,0
546,5,38.24500304,0.055560204,2,0,0,1,0,0,1,0,0,1,0,0,0,0
599,4,985.7299822,0.183897289,0,0,0,0,1,0,1,0,0,0,1,0,0,0
633,5,88.12906026,0.460426453,1,0,0,0,1,0,0,1,0,1,0,0,0,0
584,2,1212.15584,0.654549519,3,1,1,0,1,0,0,0,1,0,0,1,0,0
667,10,1675.454652,0.337432289,3,0,1,0,1,0,1,0,0,1,0,0,0,0
376,3,303.2157551,0.287337327,3,0,1,0,0,1,0,1,0,1,0,0,0,0
388,1,1683.840393,0.459303179,2,0,0,0,0,1,1,0,0,1,0,0,0,0
279,7,527.2080189,0.06371888,0,0,1,0,1,0,0,1,0,1,0,0,0,0
587,3,678.1136873,0.390666702,2,0,0,0,1,0,0,1,0,0,0,1,0,0
655,1,423.4400115,0.222643171,0,0,1,0,1,0,0,1,0,1,0,0,0,0
591,7,517.8389797,0.132070838,0,0,1,1,0,0,1,0,0,1,0,0,0,0
834,4,1911.132463,0.045453681,0,1,0,0,0,1,0,0,1,0,0,1,0,0
498,2,2354.426902,0.484553428,1,0,0,0,1,0,0,0,1,1,0,0,0,0
633,4,472.2832429,0.328623654,2,0,0,0,0,1,0,0,1,1,0,0,0,0
281,5,577.8325624,0.168594283,1,0,1,0,0,1,1,0,0,0,0,1,0,0
422,4,98.7969449,0.355467092,0,0,0,0,1,0,1,0,0,1,0,0,0,0
639,4,315.17058,0.179359614,1,0,1,0,0,1,0,1,0,0,1,0,0,0
669,1,575.9826359,0.171126277,1,0,0,0,1,0,0,1,0,0,0,0,0,1
441,3,181.1017693,0.665830215,2,0,1,0,1,0,0,0,1,0,0,0,1,0
485,4,687.4242508,0.142216834,1,0,0,0,1,0,1,0,0,1,0,0,0,0
196,3,924.8657598,0.111110295,1,0,0,0,1,0,0,0,1,0,0,1,0,0
428,4,839.7663802,0.281606864,1,0,0,0,1,0,0,1,0,0,1,0,0,0
678,1,467.4521479,0.503108957,3,0,1,0,1,0,1,0,0,1,0,0,0,0
615,5,1173.375998,0.208784878,2,1,0,0,0,1,1,0,0,1,0,0,0,0
600,3,307.9683122,0.178732328,2,0,0,0,1,0,0,0,1,1,0,0,0,0
509,7,506.811942,0.215304535,3,0,1,0,1,0,1,0,0,1,0,0,0,0
501,3,251.9383544,0.225422907,2,0,0,0,0,1,0,1,0,0,1,0,0,0
367,3,740.3228827,0.484410859,1,0,0,0,1,0,0,1,0,1,0,0,0,0
639,6,464.8654819,0.082900107,0,0,0,0,1,0,1,0,0,1,0,0,0,0
584,4,195.8132691,0.625142143,0,0,1,1,0,0,0,1,0,0,0,1,0,0
598,2,294.7493079,0.416070565,1,1,0,0,0,1,1,0,0,1,0,0,0,0
394,3,262.2124461,0.325418104,1,0,0,0,1,0,0,1,0,0,0,0,0,1
69,7,1934.510969,0.409313242,3,0,1,0,1,0,1,0,0,1,0,0,0,0
719,1,590.4391144,0.24868953,4,0,1,1,0,0,1,0,0,1,0,0,0,0
404,6,845.9513365,0.213835933,3,0,1,0,1,0,0,1,0,0,1,0,0,0
327,7,2183.424468,0.124371192,2,0,1,0,1,0,0,0,1,0,0,0,1,0
638,6,160.927385,0.334583203,1,0,0,0,1,0,1,0,0,0,1,0,0,0
421,5,2210.348463,0.093650901,1,0,0,0,1,0,0,1,0,1,0,0,0,0
711,8,620.592341,0.441379913,0,0,1,0,0,1,1,0,0,0,1,0,0,0
623,3,1551.544521,0.258416749,3,0,1,0,0,1,0,0,1,0,0,1,0,0
636,2,147.1339964,0.478383311,3,0,1,1,0,0,0,0,1,1,0,0,0,0
226,3,254.9924849,0.377131447,1,0,0,0,0,1,1,0,0,1,0,0,0,0
742,3,172.7070036,0.457663511,1,0,0,0,1,0,1,0,0,1,0,0,0,0
552,3,847.7174028,0.133708572,2,0,0,0,1,0,0,0,1,0,0,1,0,0
426,3,121.366907,0.085788316,1,1,1,1,0,0,0,1,0,0,1,0,0,0
528,5,1258.186101,0.334956131,1,0,0,0,1,0,1,0,0,0,1,0,0,0
144,1,230.6111706,0.529950726,1,0,0,0,1,0,1,0,0,0,0,1,0,0
581,4,236.0075747,0.425657487,1,0,0,0,0,1,0,1,0,0,1,0,0,0
294,2,264.0501096,0.261210185,0,0,0,0,1,0,0,1,0,0,0,0,0,1
229,3,1097.560092,0.422925236,2,0,0,0,1,0,1,0,0,0,0,1,0,0
195,4,2063.893962,0.108882264,0,0,1,0,0,1,1,0,0,0,1,0,0,0
722,8,1904.523921,0.428711858,3,0,1,1,0,0,1,0,0,0,0,0,1,0
374,2,85.40405319,0.19237991,1,0,0,0,1,0,1,0,0,1,0,0,0,0
806,4,243.5229117,0.282509039,1,0,0,0,0,1,1,0,0,0,1,0,0,0
392,4,892.237279,0.297835341,2,0,0,0,1,0,1,0,0,0,0,1,0,0
158,6,771.0217426,0.257379156,2,0,0,0,1,0,1,0,0,0,1,0,0,0
276,5,344.6621059,0.483934593,1,0,0,0,0,1,0,0,1,1,0,0,0,0
747,2,1589.305106,0.168116658,3,0,1,1,0,0,1,0,0,0,0,0,1,0
468,4,111.8385275,0.25872842,2,0,0,0,1,0,0,0,1,0,0,1,0,0
390,5,815.1725036,0.218134127,0,0,1,0,1,0,0,1,0,1,0,0,0,0
532,2,255.1560047,0.102615781,0,1,0,0,1,0,0,1,0,0,0,1,0,0
600,4,599.2233108,0.146935639,1,0,0,0,1,0,0,0,1,0,0,1,0,0
723,7,392.1475288,0.118084699,2,1,1,0,1,0,1,0,0,0,0,1,0,0
789,3,3119.09194,0.47608898,3,0,1,0,1,0,0,1,0,1,0,0,0,0
428,2,533.503806,0.122027665,2,0,0,0,1,0,0,1,0,1,0,0,0,0
234,5,2986.880325,0.074094884,0,1,1,0,1,0,0,0,1,0,0,1,0,0
417,3,235.5193097,0.20357053,0,1,0,0,1,0,1,0,0,0,0,1,0,0
552,4,1168.61067,0.354105352,2,0,0,0,0,1,1,0,0,1,0,0,0,0
307,3,1010.011033,0.303612028,2,0,0,0,1,0,0,0,1,0,0,1,0,0
308,3,1505.235073,0.078990276,3,0,1,0,1,0,1,0,0,0,0,1,0,0
568,8,946.3105608,0.296559939,1,1,1,0,0,1,0,0,1,1,0,0,0,0
490,4,917.4670189,0.418763244,3,0,1,0,0,1,0,0,1,1,0,0,0,0
506,4,864.714776,0.043278548,0,0,0,0,1,0,1,0,0,1,0,0,0,0
348,5,3362.519312,0.373686418,1,0,0,0,1,0,1,0,0,0,1,0,0,0
453,2,207.1179119,0.567879136,1,0,0,0,0,1,1,0,0,1,0,0,0,0
315,3,24.46113219,0.394716799,1,0,0,0,1,0,1,0,0,1,0,0,0,0
678,2,906.4906035,0.10754862,2,0,0,0,0,1,1,0,0,1,0,0,0,0
707,1,151.3201141,0.235152922,1,0,0,0,1,0,0,0,1,0,0,1,0,0
130,5,910.0087326,0.180552385,0,0,1,0,1,0,0,1,0,1,0,0,0,0
314,3,308.1599653,0.312372654,1,0,0,0,1,0,1,0,0,1,0,0,0,0
200,5,35.45558071,0.677528761,0,0,1,0,0,1,1,0,0,0,1,0,0,0
369,4,1174.934199,0.30010024,2,0,1,0,0,1,0,1,0,0,0,0,0,1
483,6,42.42377759,0.190099194,1,0,0,0,1,0,1,0,0,0,0,1,0,0
210,7,203.0248132,0.479127209,1,1,1,0,1,0,0,1,0,1,0,0,0,0
315,4,328.070985,0.260814862,3,0,1,0,1,0,0,1,0,0,0,0,0,1
299,5,113.9418877,0.150851757,1,0,0,0,1,0,0,0,1,1,0,0,0,0
541,1,1958.728586,0.284285191,0,0,0,0,0,1,0,1,0,1,0,0,0,0
513,2,777.9428905,0.563406327,3,1,1,0,1,0,1,0,0,1,0,0,0,0
355,4,1666.091315,0.556191175,0,0,0,0,0,1,1,0,0,1,0,0,0,0
535,9,916.6941037,0.122811044,2,0,1,0,1,0,1,0,0,1,0,0,0,0
390,3,3857.210134,0.421308849,1,0,1,0,0,1,1,0,0,0,0,0,1,0
445,4,595.8097668,0.471768015,2,0,0,0,0,1,1,0,0,1,0,0,0,0
834,7,44.20997422,0.356584345,0,1,1,0,1,0,1,0,0,1,0,0,0,0
768,3,140.3008845,0.36391037,2,0,0,0,1,0,1,0,0,0,0,1,0,0
240,5,710.2261055,0.368017155,2,0,0,0,1,0,1,0,0,0,0,1,0,0
665,1,341.8355621,0.233867545,1,0,0,0,1,0,1,0,0,0,0,1,0,0
662,2,95.83155859,0.685054708,1,0,1,0,1,0,0,1,0,1,0,0,0,0
270,1,217.5937028,0.356634323,3,0,1,0,1,0,0,0,1,0,1,0,0,0
663,5,514.8317552,0.265546129,2,0,1,1,0,0,0,1,0,0,0,1,0,0
807,2,584.1508482,0.22004326,0,0,0,0,1,0,0,1,0,0,0,1,0,0
275,6,2181.557199,0.136729339,2,0,1,0,0,1,0,1,0,1,0,0,0,0
316,3,76.04590792,0.517415485,0,1,0,0,0,1,1,0,0,0,0,0,0,1
703,5,354.2936787,0.207302908,1,0,1,0,0,1,1,0,0,0,1,0,0,0
554,4,564.255508,0.376235766,0,0,0,0,1,0,0,0,1,1,0,0,0,0
610,2,96.16960946,0.522389898,1,0,0,0,1,0,0,1,0,0,0,1,0,0
568,3,931.2942013,0.469327759,3,0,1,0,1,0,1,0,0,1,0,0,0,0
578,3,578.931448,0.340853678,2,0,0,0,1,0,1,0,0,0,0,1,0,0
234,1,492.2261532,0.300416549,3,0,1,0,1,0,1,0,0,0,0,1,0,0
709,5,853.8783002,0.142209986,2,0,0,0,0,1,0,0,1,1,0,0,0,0
733,2,271.5337088,0.332211174,2,0,0,0,1,0,0,1,0,1,0,0,0,0
454,5,331.5971363,0.481419519,2,0,0,0,1,0,1,0,0,1,0,0,0,0
491,3,142.056845,0.153503453,0,0,0,1,0,0,0,1,0,0,1,0,0,0
193,4,593.409515,0.649562103,2,0,1,0,1,0,1,0,0,1,0,0,0,0
602,3,372.692965,0.440207407,1,0,0,0,1,0,1,0,0,0,0,0,1,0
614,5,241.2418449,0.409001908,1,0,0,0,0,1,1,0,0,1,0,0,0,0
487,6,106.589453,0.41738693,0,0,0,0,1,0,1,0,0,0,0,1,0,0
724,7,18.79932753,0.258982761,0,0,1,0,1,0,0,1,0,1,0,0,0,0
433,4,171.8945806,0.212882897,1,0,0,0,1,0,0,1,0,1,0,0,0,0
612,3,227.4049679,0.157618613,0,0,0,0,0,1,0,1,0,0,1,0,0,0
296,1,531.548748,0.356572384,2,0,1,0,1,0,0,1,0,0,1,0,0,0
495,1,220.5992423,0.618050653,2,0,1,0,1,0,0,0,1,0,0,1,0,0
465,3,1361.477217,0.382196809,1,0,1,0,1,0,1,0,0,1,0,0,0,0
545,4,514.1593076,0.345174701,2,0,0,0,1,0,1,0,0,0,0,1,0,0
426,6,782.1303806,0.082556927,0,0,0,0,1,0,1,0,0,1,0,0,0,0
473,2,186.4928339,0.076644614,3,1,1,0,1,0,1,0,0,0,0,0,1,0
665,4,430.4589753,0.043757906,2,0,0,0,1,0,1,0,0,0,1,0,0,0
412,4,738.6066734,0.232365132,1,0,0,0,1,0,0,0,1,1,0,0,0,0
178,4,298.0644888,0.532003591,2,0,0,0,1,0,1,0,0,0,1,0,0,0
849,5,327.816381,0.600712051,1,0,1,0,1,0,1,0,0,0,0,0,1,0
776,3,1317.816435,0.058924148,0,0,0,0,1,0,1,0,0,1,0,0,0,0
241,1,1452.094719,0.120907525,1,0,0,0,1,0,1,0,0,1,0,0,0,0
637,4,609.039637,0.372603021,0,1,1,0,1,0,1,0,0,1,0,0,0,0
399,6,1813.857416,0.516370593,2,0,1,0,0,1,1,0,0,0,0,1,0,0
552,4,1067.51429,0.235420157,3,0,1,0,0,1,0,0,1,0,0,0,0,1
558,10,45.51163274,0.458242035,1,0,1,0,1,0,1,0,0,1,0,0,0,0
453,2,655.827645,0.341106511,2,0,0,0,1,0,1,0,0,0,0,0,0,1
343,6,957.31524,0.050836945,1,0,0,0,1,0,0,0,1,1,0,0,0,0
361,9,622.763351,0.479860092,0,0,1,0,1,0,1,0,0,0,0,1,0,0
316,3,1426.918049,0.513609168,4,0,1,0,1,0,1,0,0,0,0,1,0,0
333,7,286.2972475,0.176917762,3,0,1,0,1,0,1,0,0,1,0,0,0,0
486,3,54.17705832,0.23846228,3,0,1,0,0,1,0,1,0,1,0,0,0,0
356,3,803.2685409,0.364801591,1,0,1,0,1,0,0,1,0,1,0,0,0,0
636,5,1049.842367,0.303349716,0,0,0,0,1,0,1,0,0,0,0,0,1,0
797,3,1159.400511,0.455073141,1,0,0,0,0,1,0,0,1,0,0,1,0,0
383,5,8.897716664,0.315853374,2,0,1,0,1,0,0,1,0,0,0,1,0,0
547,3,895.1620002,0.347706053,1,0,0,0,1,0,0,1,0,1,0,0,0,0
599,1,16.7564962,0.757792621,3,0,1,1,0,0,0,1,0,1,0,0,0,0
594,4,1192.563433,0.179711329,0,0,1,0,0,1,0,1,0,1,0,0,0,0
515,5,971.5017694,0.160612767,3,0,1,0,0,1,0,1,0,1,0,0,0,0
648,5,670.3791246,0.403112474,3,0,1,0,1,0,1,0,0,1,0,0,0,0
596,9,564.7013358,0.354281928,2,0,1,0,1,0,1,0,0,0,0,0,1,0
252,6,1004.51571,0.39695491,1,0,0,0,0,1,1,0,0,0,0,1,0,0
673,2,47.11690532,0.223686736,1,0,0,0,1,0,1,0,0,1,0,0,0,0
677,3,1427.935297,0.410482323,3,0,1,0,0,1,0,0,1,1,0,0,0,0
347,7,179.7419696,0.429718348,2,0,1,0,1,0,0,0,1,0,1,0,0,0
507,3,519.7466369,0.113942375,2,0,0,0,1,0,1,0,0,0,0,0,0,1
636,5,533.6708203,0.142305882,2,0,1,1,0,0,1,0,0,0,0,0,0,1
458,1,1200.910097,0.177855158,3,0,1,0,1,0,0,1,0,0,0,1,0,0
714,2,171.5364365,0.041313326,1,0,0,0,1,0,1,0,0,1,0,0,0,0
972,2,285.0539936,0.287140552,3,0,1,0,1,0,0,1,0,0,0,1,0,0
342,8,870.3942063,0.266919873,1,0,1,0,1,0,0,1,0,1,0,0,0,0
223,8,425.8733427,0.12823373,2,0,1,0,1,0,0,1,0,1,0,0,0,0
560,5,284.0422917,0.104855793,0,0,0,0,1,0,0,1,0,0,1,0,0,0
644,4,777.0691039,0.614021586,1,0,1,0,1,0,1,0,0,0,0,1,0,0
453,6,72.44074583,0.139723769,1,1,0,0,0,1,1,0,0,1,0,0,0,0
790,3,1247.675107,0.14657311,2,0,0,0,1,0,1,0,0,1,0,0,0,0
232,7,595.1301204,0.564840849,0,0,1,1,0,0,0,1,0,1,0,0,0,0
638,3,184.5581187,0.057190427,1,1,1,0,1,0,1,0,0,0,1,0,0,0
378,8,420.0964048,0.344928497,1,0,1,0,1,0,0,0,1,1,0,0,0,0
843,6,112.4004292,0.590978649,1,0,0,0,1,0,1,0,0,1,0,0,0,0
898,5,766.90175,0.172537966,2,0,1,0,0,1,0,1,0,0,0,0,0,1
346,4,885.2364544,0.352895527,0,1,1,1,0,0,1,0,0,1,0,0,0,0
390,4,415.7396323,0.167248731,2,0,1,0,0,1,0,0,1,0,1,0,0,0
671,4,332.0372773,0.126663001,1,0,0,0,1,0,1,0,0,1,0,0,0,0
422,3,1516.548806,0.265948233,1,0,0,0,1,0,0,1,0,1,0,0,0,0
490,4,686.5481182,0.86927661,1,0,1,0,0,1,0,0,1,1,0,0,0,0
505,1,879.7413368,0.27320739,3,0,1,0,0,1,1,0,0,0,1,0,0,0
116,2,109.1316253,0.427956094,0,0,0,1,0,0,0,1,0,1,0,0,0,0
497,2,999.5257084,0.474192107,2,0,0,0,1,0,0,1,0,0,0,0,0,1
362,7,470.4688831,0.226366512,2,0,1,1,0,0,1,0,0,1,0,0,0,0
401,4,365.4089403,0.025800582,2,0,0,0,1,0,0,1,0,0,1,0,0,0
788,5,2120.627697,0.164544987,2,0,0,0,1,0,0,1,0,0,1,0,0,0
248,3,44.35434511,0.204083236,2,1,0,0,1,0,1,0,0,1,0,0,0,0
662,3,174.1332668,0.242446086,1,0,0,0,1,0,0,1,0,1,0,0,0,0
444,4,376.0542152,0.148327339,1,0,0,0,0,1,1,0,0,1,0,0,0,0
444,2,313.297216,0.212401385,1,0,1,0,0,1,1,0,0,1,0,0,0,0
658,7,571.79718,0.267259957,2,0,1,0,0,1,0,0,1,1,0,0,0,0
568,4,409.8641408,0.243416818,3,0,1,0,1,0,0,1,0,1,0,0,0,0
614,4,1242.026736,0.487248238,1,0,0,0,1,0,0,1,0,0,0,1,0,0
693,4,1168.816233,0.351093084,1,1,0,0,0,1,0,0,1,1,0,0,0,0
433,5,1184.043806,0.034531483,2,0,0,0,1,0,0,1,0,0,1,0,0,0
377,1,368.8091715,0.159400304,1,0,0,0,0,1,0,1,0,1,0,0,0,0
282,5,418.5459617,0.336661843,3,0,1,0,1,0,1,0,0,0,0,1,0,0
334,5,1019.693426,0.372183184,2,0,0,0,1,0,1,0,0,1,0,0,0,0
1089,5,106.0925275,0.282077458,1,0,0,0,1,0,0,1,0,1,0,0,0,0
748,5,1528.00002,0.322133282,1,1,1,0,0,1,0,0,1,0,0,0,0,1
229,4,623.4142695,0.516095056,2,0,0,0,1,0,1,0,0,0,1,0,0,0
235,4,1509.974547,0.41687489,3,1,1,0,1,0,0,1,0,0,0,0,0,1
596,6,1262.36295,0.223617097,3,1,1,0,0,1,1,0,0,0,1,0,0,0
609,2,375.2136421,0.191603736,0,0,1,0,1,0,1,0,0,1,0,0,0,0
609,4,85.67602414,0.097743607,1,0,0,0,0,1,0,1,0,0,0,1,0,0
449,1,2028.928705,0.317259352,2,0,0,0,1,0,1,0,0,0,1,0,0,0
474,2,338.0141642,0.487520738,2,0,0,0,1,0,1,0,0,0,0,1,0,0
565,3,374.3938865,0.07709986,1,0,0,0,0,1,1,0,0,0,0,1,0,0
517,1,1917.943114,0.56589611,3,0,1,0,1,0,0,0,1,1,0,0,0,0
64,3,1994.48529,0.185739099,3,1,1,0,1,0,0,1,0,1,0,0,0,0
454,4,244.0320835,0.177941301,1,0,0,0,1,0,1,0,0,0,0,1,0,0
329,4,74.53151389,0.579026502,2,1,0,0,1,0,1,0,0,0,0,1,0,0
535,3,0.886912436,0.407351822,1,0,0,0,1,0,1,0,0,0,0,1,0,0
1097,7,461.4220483,0.41192146,1,0,1,0,1,0,0,1,0,0,0,1,0,0
573,4,672.5263128,0.394789401,3,0,1,0,0,1,0,1,0,1,0,0,0,0
437,5,252.139096,0.240774393,1,0,1,0,0,1,0,0,1,0,0,0,0,1
684,3,240.6134725,0.339747283,0,0,0,0,1,0,0,0,1,1,0,0,0,0
596,4,353.0210489,0.194703653,1,1,1,0,1,0,0,1,0,0,0,1,0,0
584,3,244.2262925,0.722676958,1,0,1,0,1,0,0,1,0,0,0,1,0,0
621,8,1564.016282,0.40723259,1,0,1,0,1,0,0,1,0,1,0,0,0,0
911,2,823.6624905,0.292183292,2,0,0,0,1,0,1,0,0,0,1,0,0,0
273,6,1412.624682,0.33081795,1,0,0,0,1,0,0,1,0,1,0,0,0,0
594,5,1575.627818,0.5371957,3,0,1,0,1,0,1,0,0,1,0,0,0,0
314,5,456.7577212,0.325849788,2,0,0,0,1,0,1,0,0,0,0,1,0,0
611,1,519.4228265,0.095830245,2,0,0,0,1,0,0,0,1,1,0,0,0,0
316,6,3046.836963,0.613860522,2,0,1,0,0,1,0,1,0,1,0,0,0,0
416,3,1357.91577,0.483318298,2,0,0,0,0,1,1,0,0,1,0,0,0,0
440,2,1279.171643,0.045572227,1,0,1,0,1,0,0,0,1,1,0,0,0,0
695,5,701.1046805,0.271549571,2,0,0,0,0,1,0,1,0,1,0,0,0,0
683,1,494.6548173,0.468547741,1,0,0,0,1,0,1,0,0,1,0,0,0,0
250,1,1800.075307,0.115588438,2,0,0,0,0,1,0,1,0,1,0,0,0,0
510,3,1305.989045,0.214742844,1,1,1,0,1,0,1,0,0,1,0,0,0,0
358,4,581.8413408,0.860879218,1,0,1,0,0,1,1,0,0,0,0,1,0,0
248,3,252.3066419,0.263446677,2,0,0,0,1,0,0,0,1,1,0,0,0,0
456,3,127.4586717,0.582137871,1,0,0,0,1,0,0,1,0,0,1,0,0,0
438,4,643.6308247,0.040966364,1,0,1,0,1,0,0,0,1,0,1,0,0,0
985,1,280.8156524,0.375669584,2,0,0,0,1,0,0,0,1,0,0,1,0,0
586,2,245.4547128,0.29988595,0,1,1,0,1,0,1,0,0,0,1,0,0,0
224,3,89.44833675,0.538163249,2,1,0,0,1,0,0,0,1,0,0,0,0,1
387,3,28.06473809,0.238227224,1,0,0,0,0,1,0,1,0,0,0,1,0,0
704,4,1223.59182,0.497465533,1,0,0,0,1,0,1,0,0,1,0,0,0,0
917,4,91.41792416,0.255285344,0,0,0,0,1,0,0,1,0,1,0,0,0,0
182,5,1755.770347,0.105737387,2,0,0,0,1,0,1,0,0,1,0,0,0,0
124,1,192.4177588,0.388233904,4,1,1,1,0,0,1,0,0,0,1,0,0,0
874,6,1140.612789,0.377911726,2,0,0,0,0,1,1,0,0,1,0,0,0,0
577,2,1385.282088,0.146211127,1,0,0,0,0,1,0,1,0,1,0,0,0,0
326,7,1258.314784,0.236511746,1,0,1,0,1,0,1,0,0,0,0,0,1,0
606,4,1649.946849,0.206441155,2,0,1,0,1,0,1,0,0,0,1,0,0,0
64,2,332.0740716,0.102137123,3,0,1,0,1,0,0,1,0,1,0,0,0,0
500,3,3408.610824,0.353327261,1,0,0,0,1,0,0,1,0,1,0,0,0,0
565,7,262.3530476,0.473962266,0,0,1,0,1,0,1,0,0,1,0,0,0,0
684,5,2178.101825,0.201364121,2,0,0,0,1,0,0,0,1,1,0,0,0,0
297,2,460.206122,0.101627405,0,1,0,0,1,0,0,1,0,1,0,0,0,0
517,3,46.89350517,0.221015473,1,0,0,0,1,0,0,0,1,0,0,1,0,0
314,5,1229.383049,0.084833833,0,0,0,0,1,0,1,0,0,1,0,0,0,0
551,3,1238.715015,0.366375298,1,0,0,0,0,1,0,0,1,1,0,0,0,0
320,1,175.8172886,0.295302928,2,0,0,0,1,0,0,0,1,0,1,0,0,0
418,6,1387.603946,0.40646346,2,0,0,0,0,1,0,1,0,1,0,0,0,0
300,8,137.1806944,0.46757782,3,0,1,0,1,0,0,0,1,0,0,1,0,0
630,6,131.3637234,0.216256653,2,0,0,0,1,0,0,1,0,0,0,1,0,0
671,2,1324.047491,0.491047844,1,0,0,0,1,0,1,0,0,1,0,0,0,0
453,5,274.2391859,0.304877481,1,0,0,0,0,1,0,0,1,1,0,0,0,0
507,5,63.99495757,0.459160076,2,0,0,0,1,0,0,1,0,0,1,0,0,0
210,2,2505.131381,0.296591422,0,0,0,0,0,1,1,0,0,0,0,0,0,1
440,4,651.4209268,0.286304175,1,0,1,0,1,0,1,0,0,0,0,1,0,0
489,3,475.4780976,0.549889518,1,0,1,0,1,0,0,1,0,1,0,0,0,0
1024,4,561.1209916,0.341871256,2,0,0,0,0,1,0,1,0,1,0,0,0,0
277,1,888.0224261,0.110594228,0,0,0,0,1,0,0,0,1,0,0,1,0,0
792,4,1582.467297,0.224671877,1,1,1,0,0,1,0,1,0,1,0,0,0,0
699,8,893.2065066,0.235229028,0,0,1,0,1,0,1,0,0,0,1,0,0,0
556,6,1076.202992,0.210251117,1,0,1,0,1,0,0,1,0,1,0,0,0,0
851,6,158.9101113,0.324813868,1,0,0,0,0,1,1,0,0,0,0,1,0,0
574,4,387.7275313,0.539409536,0,0,1,1,0,0,0,1,0,1,0,0,0,0
577,1,703.2148269,0.156586595,2,0,0,0,1,0,0,1,0,0,0,1,0,0
489,3,772.8187088,0.324502501,3,0,1,0,0,1,0,0,1,0,0,1,0,0
744,6,252.5285312,0.355900023,1,0,0,0,1,0,0,1,0,1,0,0,0,0
719,5,2950.535826,0.085757924,0,0,1,0,0,1,0,1,0,1,0,0,0,0
374,3,100.6192784,0.226064142,2,0,1,0,1,0,0,0,1,1,0,0,0,0
236,8,95.27763221,0.227456441,0,1,1,0,1,0,0,0,1,0,1,0,0,0
459,6,208.2093879,0.337442452,1,0,0,0,1,0,1,0,0,0,0,1,0,0
339,3,1121.65698,0.144768316,1,0,0,0,1,0,1,0,0,0,0,0,1,0
487,3,29.78881916,0.237413623,3,1,1,0,1,0,0,0,1,0,1,0,0,0
747,7,3529.380483,0.166642076,1,0,1,0,1,0,0,0,1,1,0,0,0,0
408,8,3520.442331,0.253746815,2,0,1,0,1,0,1,0,0,0,0,0,0,1
491,2,139.1820011,0.102849988,2,1,0,1,0,0,1,0,0,0,0,1,0,0
511,3,410.2664756,0.534289394,3,0,1,0,1,0,1,0,0,1,0,0,0,0
669,6,182.4418029,0.194366944,0,1,0,0,1,0,0,1,0,0,0,1,0,0
64,2,419.4194728,0.369195421,2,0,0,0,1,0,0,0,1,0,1,0,0,0
378,5,608.9058439,0.283577671,2,0,0,0,0,1,1,0,0,1,0,0,0,0
542,2,1384.073834,0.218856764,3,0,1,0,1,0,0,1,0,0,0,0,0,1
740,5,29.17128465,0.011742424,2,0,0,0,1,0,0,0,1,0,0,1,0,0
401,1,3467.972233,0.163024485,0,0,0,0,1,0,0,1,0,1,0,0,0,0
124,2,2258.270141,0.592828252,1,0,0,0,1,0,1,0,0,0,0,1,0,0
623,3,675.9528033,0.243266323,1,0,0,0,1,0,0,1,0,1,0,0,0,0
372,1,524.5214082,0.410639257,0,1,0,0,1,0,1,0,0,1,0,0,0,0
262,2,639.9532073,0.362898229,0,0,0,0,1,0,0,1,0,1,0,0,0,0
375,3,14.89046403,0.605666426,2,0,1,0,1,0,1,0,0,1,0,0,0,0
463,3,1070.560327,0.354905456,1,0,0,0,1,0,1,0,0,1,0,0,0,0
379,3,548.8355468,0.478922936,3,1,1,0,1,0,1,0,0,0,1,0,0,0
64,2,269.5425823,0.48467513,1,0,0,0,1,0,1,0,0,0,1,0,0,0
679,5,495.2389399,0.625962877,1,0,1,0,0,1,0,0,1,1,0,0,0,0
754,1,276.8907901,0.599209765,1,1,0,0,0,1,1,0,0,0,1,0,0,0
630,4,963.0469808,0.874860128,3,0,1,0,1,0,0,0,1,1,0,0,0,0
272,5,762.4347383,0.141940902,2,0,0,0,1,0,1,0,0,1,0,0,0,0
459,3,392.9394509,0.72201769,2,0,1,0,1,0,0,0,1,1,0,0,0,0
498,6,301.7843189,0.674835991,3,0,1,0,1,0,0,0,1,0,0,1,0,0
619,3,1683.227714,0.154986132,0,0,0,0,1,0,1,0,0,0,0,0,0,1
633,6,917.1637037,0.376514621,0,0,0,0,1,0,0,0,1,1,0,0,0,0
353,4,1006.410469,0.051286023,4,0,1,0,0,1,0,1,0,0,1,0,0,0
516,7,771.136998,0.568599921,3,1,1,0,0,1,0,1,0,0,1,0,0,0
591,2,62.56865283,0.253428317,1,0,1,0,1,0,0,1,0,0,1,0,0,0
791,2,48.87289818,0.294776221,2,0,0,0,1,0,1,0,0,1,0,0,0,0
640,3,448.5331976,0.43232664,2,1,0,0,0,1,0,1,0,0,0,1,0,0
657,3,2133.142327,0.068623546,3,0,1,0,0,1,1,0,0,1,0,0,0,0
516,5,595.0608744,0.489755821,1,0,0,1,0,0,0,1,0,1,0,0,0,0
782,2,1669.234241,0.681408825,2,0,1,0,1,0,0,1,0,0,0,0,1,0
581,3,81.22746878,0.233042419,1,0,0,0,1,0,0,1,0,1,0,0,0,0
327,2,1030.640628,0.701584515,2,1,1,0,1,0,0,1,0,1,0,0,0,0
780,2,225.1880959,0.103851086,1,0,0,0,1,0,0,0,1,0,0,1,0,0
639,1,594.7042567,0.547974814,1,0,0,0,1,0,0,0,1,0,1,0,0,0
411,3,277.2903833,0.591252876,2,0,0,0,1,0,1,0,0,1,0,0,0,0
404,6,996.7623754,0.273644718,1,1,0,0,0,1,1,0,0,1,0,0,0,0
559,4,409.8467818,0.1076643,4,0,1,0,0,1,1,0,0,1,0,0,0,0
592,7,496.1679608,0.377570396,2,0,1,0,1,0,0,0,1,0,1,0,0,0
539,3,225.1960659,0.363643911,2,0,1,0,0,1,0,0,1,0,0,0,1,0
562,9,264.4249131,0.184174896,1,0,1,0,1,0,1,0,0,1,0,0,0,0
839,4,158.2493932,0.20368135,0,0,0,0,0,1,1,0,0,1,0,0,0,0
714,5,645.5877931,0.485332274,1,0,0,0,1,0,0,1,0,0,0,0,1,0
538,5,125.3201999,0.18233929,2,0,0,0,1,0,0,1,0,1,0,0,0,0
688,3,249.8012762,0.433695628,1,0,0,0,1,0,0,0,1,1,0,0,0,0
293,7,604.8037376,0.22584777,1,0,1,0,1,0,1,0,0,0,0,0,1,0
579,3,257.0807682,0.177786667,2,0,1,0,1,0,0,0,1,0,0,0,0,1
861,3,710.3563456,0.173635695,2,0,0,0,1,0,1,0,0,1,0,0,0,0
456,5,11.41221707,0.711138733,2,0,1,1,0,0,1,0,0,0,0,0,0,1
330,2,2896.163232,0.559469213,0,0,0,0,1,0,1,0,0,1,0,0,0,0
369,9,1047.433639,0.187434629,2,1,1,0,1,0,0,0,1,0,0,1,0,0
282,5,560.6518068,0.239670423,2,0,1,0,1,0,1,0,0,0,1,0,0,0
343,9,2029.006305,0.272511575,3,0,1,0,1,0,1,0,0,1,0,0,0,0
425,3,1630.738454,0.487410498,1,0,0,0,1,0,0,0,1,0,1,0,0,0
218,7,365.2648229,0.274618184,0,0,1,0,0,1,0,1,0,0,0,0,1,0
503,5,98.7554851,0.660635674,1,0,1,0,1,0,0,0,1,0,1,0,0,0
680,5,232.5304271,0.581804926,1,0,0,0,1,0,0,1,0,1,0,0,0,0
318,8,187.2516447,0.175939015,2,0,1,0,0,1,1,0,0,1,0,0,0,0
803,6,1109.219304,0.28402408,0,0,0,0,1,0,1,0,0,1,0,0,0,0
602,4,635.453003,0.650607544,2,0,1,0,1,0,1,0,0,0,1,0,0,0
706,5,1518.219803,0.603823744,2,0,1,0,0,1,1,0,0,0,1,0,0,0
368,3,538.2063692,0.388140366,3,0,1,0,1,0,1,0,0,1,0,0,0,0
670,11,1174.923993,0.752692592,1,0,1,0,1,0,0,0,1,1,0,0,0,0
281,7,312.5670213,0.270010968,1,0,1,0,0,1,1,0,0,0,0,1,0,0
678,3,737.345798,0.135262812,3,0,1,0,1,0,1,0,0,0,1,0,0,0
534,3,815.9891804,0.408058235,0,0,0,0,1,0,0,0,1,1,0,0,0,0
610,4,1139.320244,0.146012048,3,1,1,1,0,0,0,1,0,1,0,0,0,0
264,6,1285.506545,0.590091243,2,0,0,0,1,0,0,1,0,0,0,1,0,0
320,2,258.9271503,0.335910599,0,0,0,0,1,0,0,0,1,0,1,0,0,0
619,7,388.9818616,0.511318522,1,0,1,0,0,1,0,1,0,0,0,0,0,1
310,4,185.6819408,0.490381699,2,0,0,0,0,1,0,0,1,1,0,0,0,0
592,5,1102.135318,0.296115435,0,0,0,0,1,0,0,1,0,0,0,0,1,0
226,3,252.5670914,0.546899291,0,0,1,0,1,0,0,1,0,0,1,0,0,0
669,4,396.7748334,0.441732198,1,0,0,0,0,1,0,1,0,1,0,0,0,0
253,3,1299.748762,0.095886387,0,0,0,0,0,1,0,1,0,0,0,1,0,0
610,2,332.1731672,0.263637346,2,0,0,0,1,0,1,0,0,0,0,1,0,0
625,6,275.684525,0.099823389,2,0,0,0,1,0,1,0,0,0,1,0,0,0
360,2,842.5626859,0.621444051,3,0,1,0,1,0,1,0,0,0,0,1,0,0
616,5,2963.148531,0.401243199,2,0,0,0,0,1,1,0,0,1,0,0,0,0
552,2,51.73661088,0.156941748,0,0,0,0,0,1,0,1,0,1,0,0,0,0
392,6,1440.422584,0.097136347,1,0,0,1,0,0,0,1,0,1,0,0,0,0
298,6,103.7269694,0.513626504,1,0,0,0,0,1,0,1,0,0,0,0,1,0
107,3,338.3716074,0.642990161,1,0,1,0,1,0,0,0,1,1,0,0,0,0
569,2,431.2675113,0.311379003,2,0,0,0,1,0,0,1,0,1,0,0,0,0
187,5,1014.778796,0.057147237,1,0,1,0,0,1,1,0,0,0,0,0,0,1
519,6,2089.093835,0.013882791,1,0,0,0,0,1,1,0,0,1,0,0,0,0
447,6,86.07793277,0.245703834,3,0,1,0,1,0,1,0,0,1,0,0,0,0
635,2,1092.592678,0.188811969,0,1,0,0,1,0,0,0,1,0,0,1,0,0
439,7,311.2314766,0.392859277,0,0,1,0,0,1,0,1,0,1,0,0,0,0
434,2,1857.504004,0.092167981,2,0,0,0,1,0,0,0,1,0,1,0,0,0
646,2,260.8243922,0.035338672,1,1,0,0,1,0,1,0,0,1,0,0,0,0
567,3,946.9753071,0.730758771,2,0,1,0,1,0,0,1,0,1,0,0,0,0
563,4,144.0249138,0.121489973,1,0,1,0,1,0,0,1,0,1,0,0,0,0
593,5,2535.061138,0.433122705,2,0,0,0,1,0,0,0,1,0,0,1,0,0
192,6,3.466972471,0.203910376,3,0,1,0,0,1,0,1,0,0,0,1,0,0
651,1,212.0604057,0.477612679,1,1,0,0,1,0,0,1,0,1,0,0,0,0
622,1,901.4714373,0.261915171,2,0,0,0,1,0,0,0,1,0,0,1,0,0
296,3,1536.716205,0.671357008,2,0,1,0,1,0,0,0,1,0,1,0,0,0
451,4,4035.847212,0.045071499,4,0,1,0,0,1,1,0,0,0,1,0,0,0
492,8,152.2126345,0.343557693,1,0,1,1,0,0,0,1,0,1,0,0,0,0
473,8,293.5462898,0.556616184,1,0,1,0,0,1,1,0,0,0,0,0,1,0
566,2,1779.403851,0.137456399,1,0,0,0,0,1,0,0,1,1,0,0,0,0
786,2,26.43181368,0.136579594,1,0,0,0,1,0,0,0,1,1,0,0,0,0
716,6,1057.37014,0.216246137,0,0,1,0,1,0,1,0,0,1,0,0,0,0
237,5,440.0024035,0.419193074,3,0,1,0,1,0,0,0,1,1,0,0,0,0
624,5,933.9019143,0.192125775,1,0,0,0,1,0,0,1,0,0,0,1,0,0
765,2,595.3841818,0.149377995,4,0,1,0,0,1,0,1,0,0,0,1,0,0
577,7,789.1814952,0.318602345,1,0,1,0,1,0,0,1,0,1,0,0,0,0
718,1,878.8827355,0.273685983,1,0,0,1,0,0,1,0,0,1,0,0,0,0
902,4,798.1002994,0.37000268,1,0,0,0,1,0,0,0,1,1,0,0,0,0
704,2,873.8568431,0.190108302,0,0,1,0,1,0,1,0,0,1,0,0,0,0
549,7,672.1083319,0.56403149,3,0,1,0,1,0,0,0,1,1,0,0,0,0
709,9,1001.118124,0.601294469,2,0,1,0,1,0,1,0,0,1,0,0,0,0
528,2,1196.971219,0.924299192,2,0,1,0,1,0,0,1,0,0,1,0,0,0
504,3,1240.691538,0.408692847,1,0,0,0,1,0,1,0,0,1,0,0,0,0
429,5,1536.655413,0.199398875,1,0,1,0,1,0,1,0,0,0,0,0,0,1
812,4,304.3086949,0.088818097,3,1,1,0,1,0,0,0,1,1,0,0,0,0
336,1,1095.623524,0.167967213,2,0,1,0,1,0,0,1,0,1,0,0,0,0
806,1,2344.874375,0.174958581,3,0,1,0,1,0,1,0,0,0,0,1,0,0
599,2,366.4196733,0.55570376,1,0,0,0,1,0,0,1,0,0,1,0,0,0
220,2,1202.770085,0.654702032,2,0,1,0,1,0,1,0,0,1,0,0,0,0
573,5,275.6421478,0.41139384,2,0,0,0,1,0,1,0,0,0,1,0,0,0
79,6,154.4497196,0.557046552,0,0,0,0,1,0,0,1,0,0,1,0,0,0
625,2,473.0891622,0.596334372,3,1,1,0,1,0,0,0,1,1,0,0,0,0
677,3,1314.115182,0.225009261,1,0,0,0,1,0,0,0,1,0,1,0,0,0
381,6,293.5216732,0.522532995,2,0,0,0,1,0,1,0,0,1,0,0,0,0
524,1,279.5771819,0.636380744,2,1,1,0,1,0,0,1,0,1,0,0,0,0
890,2,260.2241212,0.146179501,2,0,0,0,1,0,0,1,0,0,0,0,1,0
398,6,196.8442099,0.215311623,1,0,0,0,0,1,1,0,0,1,0,0,0,0
288,5,755.5690437,0.060740628,2,0,0,0,1,0,0,0,1,1,0,0,0,0
796,5,223.069721,0.450780534,2,1,0,0,1,0,1,0,0,1,0,0,0,0
892,1,2185.499264,0.476740901,0,0,0,0,0,1,1,0,0,0,0,0,1,0
500,4,339.634,0.348028388,2,0,0,0,1,0,1,0,0,1,0,0,0,0
702,1,625.405698,0.413839152,1,0,0,0,0,1,0,0,1,1,0,0,0,0
768,1,420.9821866,0.279906833,1,0,1,0,1,0,0,1,0,1,0,0,0,0
351,4,2631.347093,0.41952899,1,0,1,0,1,0,1,0,0,0,0,0,0,1
402,4,441.3340717,0.808651101,4,0,1,0,0,1,1,0,0,1,0,0,0,0
746,1,663.5299794,0.159636803,2,0,0,0,1,0,1,0,0,0,0,0,1,0
837,5,1153.186113,0.077498244,5,0,1,0,1,0,1,0,0,1,0,0,0,0
612,3,150.3143141,0.64282649,0,0,1,0,1,0,0,0,1,1,0,0,0,0
324,1,26.54914462,0.494774235,3,0,1,0,1,0,0,0,1,1,0,0,0,0
897,3,485.4580405,0.1818962,1,1,0,0,1,0,0,0,1,1,0,0,0,0
393,2,639.9466459,0.166644198,0,0,0,0,1,0,1,0,0,0,0,0,1,0
432,7,270.6875764,0.210160671,1,0,1,0,0,1,0,1,0,0,1,0,0,0
568,5,496.6681597,0.138419855,1,1,0,0,0,1,1,0,0,1,0,0,0,0
810,1,763.94304,0.405596421,2,0,0,0,1,0,1,0,0,1,0,0,0,0
670,6,2897.663513,0.039132374,2,0,1,1,0,0,0,0,1,0,0,1,0,0
582,7,736.5948163,0.172227539,1,0,1,0,1,0,1,0,0,1,0,0,0,0
592,3,476.6092105,0.260834696,1,0,0,0,1,0,1,0,0,0,0,1,0,0
508,6,18.22890991,0.062956322,1,0,1,0,0,1,1,0,0,0,1,0,0,0
611,4,297.527442,0.14053815,3,0,1,0,0,1,0,1,0,1,0,0,0,0
64,3,355.1393717,0.280070809,1,0,0,0,0,1,1,0,0,1,0,0,0,0
440,3,518.4542681,0.313281009,2,0,0,0,1,0,1,0,0,1,0,0,0,0
548,4,1219.236173,0.251375977,1,0,0,0,1,0,0,1,0,1,0,0,0,0
269,4,1196.485255,0.448169278,2,0,1,0,0,1,0,1,0,0,0,0,0,1
577,6,1492.941537,0.044573414,2,1,0,0,1,0,0,1,0,0,1,0,0,0
459,4,273.9838628,0.645745939,2,0,1,0,1,0,1,0,0,1,0,0,0,0
851,4,340.2804251,0.04585777,0,0,0,0,1,0,1,0,0,0,0,1,0,0
814,6,130.2400134,0.823746365,2,0,1,0,0,1,0,0,1,1,0,0,0,0
406,6,1558.257928,0.278941879,1,0,0,0,1,0,1,0,0,1,0,0,0,0
469,6,844.9830315,0.605772917,2,0,1,0,1,0,1,0,0,0,0,1,0,0
485,4,64.57760239,0.213776493,1,0,0,0,1,0,1,0,0,1,0,0,0,0
409,7,289.5303367,0.240232182,1,0,1,0,1,0,1,0,0,1,0,0,0,0
539,4,132.5840178,0.153675976,1,0,0,0,0,1,0,1,0,1,0,0,0,0
348,3,2784.924141,0.297999053,0,0,0,0,1,0,0,0,1,1,0,0,0,0
273,3,313.9634635,0.14016624,0,0,0,0,1,0,1,0,0,0,0,1,0,0
624,5,548.8853283,0.350602606,0,0,0,0,1,0,0,1,0,0,1,0,0,0
625,4,306.0655675,0.544725382,2,1,0,0,1,0,1,0,0,0,1,0,0,0
339,3,514.4143798,0.142416257,1,0,0,0,1,0,0,0,1,0,0,0,0,1
679,3,5269.782315,0.237874883,3,1,1,0,1,0,1,0,0,0,1,0,0,0
373,1,271.0554203,0.077418473,2,0,0,0,1,0,1,0,0,1,0,0,0,0
550,5,265.7219641,0.369819308,1,0,0,0,1,0,1,0,0,1,0,0,0,0
664,1,371.382125,0.07094172,1,0,0,0,0,1,1,0,0,1,0,0,0,0
493,2,148.4054018,0.205213016,2,0,0,0,0,1,0,1,0,1,0,0,0,0
590,8,1074.562582,0.495092263,0,1,1,0,1,0,0,1,0,0,1,0,0,0
396,5,381.5778691,0.589179007,1,0,0,0,1,0,0,1,0,0,0,1,0,0
460,5,695.6378951,0.529978147,1,1,0,0,0,1,0,0,1,1,0,0,0,0
458,3,866.1197097,0.651654324,1,0,1,0,1,0,1,0,0,0,0,1,0,0
350,1,28.86960489,0.253539061,0,0,0,0,1,0,0,1,0,1,0,0,0,0
464,2,826.265913,0.711163642,1,0,1,0,0,1,1,0,0,1,0,0,0,0
190,6,608.7458125,0.258596795,1,1,0,0,1,0,0,1,0,0,1,0,0,0
401,4,69.18775254,0.48064828,3,0,1,0,1,0,0,0,1,1,0,0,0,0
443,2,106.3557851,0.287353588,3,0,1,0,1,0,0,0,1,1,0,0,0,0
448,3,464.9962164,0.429761725,2,0,0,0,1,0,0,1,0,1,0,0,0,0
451,6,340.09484,0.216072016,0,0,0,0,0,1,0,0,1,1,0,0,0,0
487,3,460.2853497,0.443628281,2,0,0,0,1,0,0,1,0,0,0,1,0,0
595,4,807.4160903,0.314874137,2,1,0,0,1,0,0,0,1,1,0,0,0,0
674,4,134.1905492,0.457488214,3,0,1,0,0,1,0,0,1,0,0,1,0,0
370,7,868.8205421,0.106275041,1,0,1,0,0,1,1,0,0,0,0,1,0,0
259,3,1363.554607,0.350163142,4,0,1,0,1,0,1,0,0,0,0,0,1,0
291,5,2.346022201,0.140711546,2,0,0,0,1,0,1,0,0,1,0,0,0,0
402,5,367.6797591,0.402645958,1,0,0,0,1,0,1,0,0,1,0,0,0,0
429,4,257.451848,0.413938085,2,0,0,0,0,1,1,0,0,0,0,1,0,0
346,4,452.5067748,0.279475833,1,0,0,0,1,0,1,0,0,1,0,0,0,0
240,2,764.1889167,0.384897267,2,0,0,0,1,0,1,0,0,1,0,0,0,0
408,3,166.1797299,0.173552186,1,0,0,0,1,0,1,0,0,0,0,1,0,0
536,2,115.1846324,0.805714769,0,0,1,0,1,0,1,0,0,1,0,0,0,0
619,5,1044.032292,0.263253992,1,0,0,0,1,0,0,0,1,1,0,0,0,0
388,3,926.0611404,0.527139177,2,0,0,0,1,0,0,0,1,0,0,1,0,0
417,1,494.200993,0.278806293,0,0,0,0,1,0,0,0,1,0,0,1,0,0
314,7,556.6369131,0.374359566,3,0,1,0,1,0,0,0,1,0,0,1,0,0
493,2,251.6165468,0.162733803,1,0,0,0,1,0,0,1,0,0,1,0,0,0
330,5,319.4025071,0.475140966,2,0,0,0,1,0,0,1,0,1,0,0,0,0
614,3,308.6271397,0.603002815,0,0,1,0,0,1,1,0,0,1,0,0,0,0
142,4,1036.680756,0.352747157,0,0,1,0,0,1,1,0,0,0,0,0,0,1
428,2,648.9017717,0.187578807,1,0,0,0,1,0,0,1,0,1,0,0,0,0
560,7,1045.953035,0.34313413,1,0,1,0,1,0,1,0,0,0,0,0,0,1
536,3,714.6780782,0.703728462,5,1,1,0,1,0,1,0,0,0,0,1,0,0
1038,4,631.0858558,0.09552497,2,0,0,0,1,0,1,0,0,0,0,1,0,0
569,3,309.2149289,0.215604763,2,1,0,0,1,0,1,0,0,1,0,0,0,0
299,5,402.6376408,0.261371465,2,1,0,0,1,0,1,0,0,0,1,0,0,0
480,1,1747.115761,0.093868386,3,0,1,0,0,1,0,0,1,1,0,0,0,0
144,5,686.2853957,0.495821521,3,1,1,0,1,0,0,1,0,0,1,0,0,0
483,2,594.6355117,0.250634802,0,0,1,0,1,0,1,0,0,1,0,0,0,0
333,4,43.6760241,0.494236962,1,0,0,0,1,0,1,0,0,0,0,1,0,0
683,1,889.0885719,0.218319971,1,0,0,0,0,1,1,0,0,0,1,0,0,0
390,3,926.734289,0.180298282,2,0,0,0,1,0,1,0,0,0,1,0,0,0
476,5,938.6425558,0.101093294,3,0,1,0,0,1,1,0,0,0,1,0,0,0
372,4,76.52365183,0.219925172,3,0,1,0,1,0,0,1,0,0,0,0,0,1
847,1,285.8604216,0.40095736,4,0,1,0,0,1,0,1,0,0,0,0,0,1
435,6,371.1867687,0.407228203,3,0,1,0,0,1,1,0,0,1,0,0,0,0
866,4,1401.247831,0.570300346,1,0,0,0,0,1,0,1,0,1,0,0,0,0
662,3,3156.990752,0.820238604,1,0,1,0,1,0,0,1,0,1,0,0,0,0
596,4,428.5696485,0.391229871,1,0,0,0,1,0,0,0,1,0,0,1,0,0
573,7,646.452731,0.250619884,2,0,1,0,1,0,0,1,0,0,0,1,0,0
578,4,5.891447005,0.235258986,2,0,0,0,0,1,0,1,0,0,0,1,0,0
114,5,7.054437092,0.484574724,3,0,1,0,1,0,0,1,0,1,0,0,0,0
444,4,61.93711557,0.253371578,1,1,1,0,1,0,1,0,0,1,0,0,0,0
669,3,1016.849541,0.579648036,2,0,0,0,1,0,0,0,1,1,0,0,0,0
490,5,156.9448601,0.392449052,3,0,1,0,1,0,0,1,0,0,1,0,0,0
218,2,1134.55506,0.305652501,0,0,1,0,1,0,0,1,0,1,0,0,0,0
489,4,452.3326727,0.088849825,1,0,1,0,1,0,0,1,0,1,0,0,0,0
840,2,1517.530718,0.316802022,0,1,0,0,1,0,1,0,0,0,0,0,0,1
749,6,1634.12595,0.338905518,2,0,0,0,1,0,0,0,1,0,0,0,1,0
487,3,1695.097658,0.190474318,0,0,0,0,0,1,0,0,1,1,0,0,0,0
690,2,627.3378863,0.472900784,3,0,1,0,0,1,1,0,0,0,1,0,0,0
426,2,1242.85233,0.310970585,2,1,0,0,0,1,1,0,0,1,0,0,0,0
159,8,867.5598029,0.460756499,0,0,1,0,1,0,1,0,0,0,0,1,0,0
315,3,165.3371647,0.109229589,2,0,0,0,0,1,1,0,0,1,0,0,0,0
812,4,384.3881037,0.319138952,0,1,1,0,1,0,1,0,0,0,0,0,0,1
445,3,2623.800364,0.4749961,2,0,0,0,1,0,0,0,1,0,0,1,0,0
451,5,1184.711586,0.295002477,2,0,0,0,1,0,0,1,0,1,0,0,0,0
440,2,244.127263,0.202648262,3,0,1,0,1,0,0,1,0,0,0,1,0,0
880,1,263.886584,0.289070683,1,0,0,0,1,0,0,0,1,0,1,0,0,0
825,5,234.6180002,0.169042908,2,0,1,1,0,0,0,1,0,1,0,0,0,0
943,10,318.9684081,0.212622866,2,0,1,0,1,0,1,0,0,1,0,0,0,0
468,4,2108.293931,0.086388302,4,0,1,0,1,0,1,0,0,1,0,0,0,0
559,4,454.6822829,0.230810727,1,0,0,0,1,0,1,0,0,1,0,0,0,0
196,8,362.3629346,0.278882361,3,0,1,0,1,0,1,0,0,1,0,0,0,0
795,6,218.6892397,0.11791407,1,0,0,0,1,0,0,0,1,1,0,0,0,0
266,1,1783.527669,0.069943853,1,0,1,0,1,0,0,1,0,1,0,0,0,0
543,3,2524.280761,0.200927549,1,0,0,0,0,1,1,0,0,1,0,0,0,0
280,2,312.7072843,0.416301716,1,1,0,0,1,0,0,1,0,1,0,0,0,0
382,4,767.0526391,0.222832235,2,0,0,0,1,0,1,0,0,0,1,0,0,0
332,1,2544.365643,0.58053852,2,0,1,0,0,1,1,0,0,1,0,0,0,0
378,1,553.6861784,0.710737964,1,0,1,0,0,1,1,0,0,0,1,0,0,0
392,1,505.8860897,0.234582799,0,0,1,0,0,1,0,0,1,1,0,0,0,0
390,5,600.1029816,0.274771251,1,1,0,0,1,0,1,0,0,1,0,0,0,0
666,3,26.98610675,0.767142973,0,1,1,0,1,0,0,0,1,0,0,1,0,0
279,2,285.4759789,0.521884761,2,0,0,0,1,0,0,1,0,1,0,0,0,0
544,3,960.4953293,0.134989749,2,0,0,0,0,1,0,1,0,1,0,0,0,0
743,2,2722.468677,0.459888708,1,0,0,0,0,1,0,0,1,0,0,0,1,0
397,4,672.8440541,0.256639845,3,1,1,0,1,0,1,0,0,1,0,0,0,0
356,5,169.0469237,0.381543721,2,0,0,0,1,0,0,0,1,0,0,0,1,0
453,3,445.2349891,0.369586434,5,0,1,0,0,1,1,0,0,0,0,0,0,1
735,3,538.706522,0.130396467,0,0,0,0,1,0,0,0,1,1,0,0,0,0
538,2,132.1117332,0.223926876,2,0,0,0,1,0,0,0,1,1,0,0,0,0
393,1,319.5261544,0.105514967,1,0,0,0,1,0,0,0,1,1,0,0,0,0
596,4,471.1227715,0.403137803,1,0,0,0,1,0,0,0,1,1,0,0,0,0
279,4,242.9431366,0.253959099,0,0,0,1,0,0,1,0,0,1,0,0,0,0
636,2,349.4239501,0.255077894,0,0,0,0,1,0,0,0,1,1,0,0,0,0
581,3,258.6411664,0.140254611,1,0,0,0,1,0,1,0,0,0,1,0,0,0
438,2,759.0956081,0.136738432,2,0,1,0,1,0,0,1,0,1,0,0,0,0
332,5,691.3431967,0.535612874,2,0,0,0,1,0,0,0,1,1,0,0,0,0
322,3,641.8256456,0.377129516,1,0,0,0,1,0,1,0,0,1,0,0,0,0
606,7,81.39172463,0.500579697,0,0,1,0,1,0,1,0,0,1,0,0,0,0
745,6,162.2391772,0.204511149,3,0,1,0,1,0,0,0,1,1,0,0,0,0
372,2,93.9709214,0.107057344,2,0,0,0,1,0,1,0,0,0,0,1,0,0
591,3,52.29751962,0.332732466,0,0,0,0,0,1,1,0,0,0,1,0,0,0
82,6,226.7713232,0.299490571,0,0,1,0,1,0,0,1,0,0,0,0,0,1
383,7,173.0549859,0.2266042,1,0,1,0,1,0,0,0,1,0,0,0,0,1
493,3,1032.776869,0.021453916,0,0,0,1,0,0,0,0,1,1,0,0,0,0
318,4,952.2842738,0.224183612,2,0,0,0,1,0,0,1,0,1,0,0,0,0
312,5,179.855142,0.458151549,1,0,1,0,0,1,0,1,0,0,0,1,0,0
366,5,144.7991199,0.207243695,1,0,0,0,1,0,0,0,1,1,0,0,0,0
558,4,125.2255134,0.31680047,1,0,0,0,0,1,1,0,0,0,0,1,0,0
462,3,308.5887758,0.164488738,2,0,0,0,0,1,0,1,0,0,0,1,0,0
64,7,278.7238101,0.139659522,3,0,1,0,1,0,1,0,0,1,0,0,0,0
75,7,23.16217903,0.536281812,1,0,1,0,0,1,0,0,1,0,1,0,0,0
378,5,671.2239146,0.182295552,1,1,0,0,0,1,0,1,0,1,0,0,0,0
591,4,1826.47283,0.542929454,3,0,1,0,1,0,0,1,0,1,0,0,0,0
64,3,619.2370886,0.352211852,2,0,0,0,1,0,1,0,0,1,0,0,0,0
400,4,52.74786947,0.060764161,0,0,1,0,1,0,0,1,0,1,0,0,0,0
394,1,732.1349976,0.210695486,0,1,1,0,0,1,1,0,0,1,0,0,0,0
777,2,530.8024119,0.182092402,3,0,1,0,1,0,1,0,0,0,0,1,0,0
422,5,1899.512775,0.51085446,1,0,1,0,1,0,0,0,1,1,0,0,0,0
576,1,361.0641464,0.62281869,3,0,1,0,1,0,0,0,1,0,0,1,0,0
528,5,1115.403262,0.390585849,1,0,1,0,1,0,1,0,0,1,0,0,0,0
73,6,31.35885985,0.405317625,1,0,0,0,1,0,1,0,0,1,0,0,0,0
653,5,1022.649914,0.211335621,4,1,1,0,1,0,1,0,0,0,0,1,0,0
543,4,33.93077318,0.400944101,1,0,0,0,0,1,0,1,0,1,0,0,0,0
601,5,338.1483578,0.594900885,4,0,1,0,1,0,1,0,0,1,0,0,0,0
1285,2,2366.530704,0.256305604,2,0,0,0,1,0,0,1,0,0,0,0,0,1
83,6,971.7703607,0.251176684,2,0,1,0,1,0,1,0,0,0,1,0,0,0
844,5,2072.460235,0.356368745,0,1,0,0,1,0,1,0,0,1,0,0,0,0
442,2,547.9098612,0.364968752,0,1,0,0,1,0,0,1,0,1,0,0,0,0
557,5,745.5634651,0.321569747,2,1,0,0,1,0,0,0,1,1,0,0,0,0
490,4,583.4312909,0.226960931,1,1,0,0,1,0,0,0,1,1,0,0,0,0
415,4,521.3962881,0.101758967,2,0,1,0,1,0,0,1,0,0,1,0,0,0
386,7,690.6373055,0.151830845,1,1,1,0,1,0,1,0,0,1,0,0,0,0
565,3,31.74091691,0.321328516,2,0,0,0,1,0,1,0,0,1,0,0,0,0
196,6,164.3253645,0.332074834,2,0,1,1,0,0,0,1,0,0,1,0,0,0
650,11,193.2716616,0.046758457,1,0,1,0,1,0,1,0,0,1,0,0,0,0
416,4,386.1131533,0.142041083,3,0,1,0,0,1,1,0,0,0,0,1,0,0
273,2,456.1140003,0.213407338,4,0,1,0,0,1,0,0,1,0,0,1,0,0
409,5,1076.79212,0.167625215,1,0,0,0,1,0,1,0,0,1,0,0,0,0
751,4,144.7764509,0.431639984,1,0,0,0,0,1,0,0,1,0,0,1,0,0
392,4,674.9760643,0.270413164,2,0,0,0,1,0,1,0,0,0,1,0,0,0
571,8,254.2811872,0.29371373,2,0,1,0,1,0,1,0,0,0,1,0,0,0
353,5,579.9641792,0.380617848,2,0,1,0,1,0,0,1,0,0,0,1,0,0
651,3,788.1168764,0.57700402,2,0,1,0,0,1,1,0,0,1,0,0,0,0
637,4,698.6818074,0.420583672,3,0,1,0,1,0,0,0,1,1,0,0,0,0
869,6,194.0454175,0.451879448,0,1,0,0,0,1,0,1,0,1,0,0,0,0
464,5,988.7922973,0.2686753,1,0,0,0,1,0,0,1,0,0,0,0,1,0
633,8,848.5628502,0.021646331,2,0,1,0,0,1,0,1,0,1,0,0,0,0
519,5,2150.636687,0.068948566,2,0,0,0,1,0,0,0,1,1,0,0,0,0
759,7,804.4297009,0.297948749,1,0,1,0,1,0,0,0,1,0,1,0,0,0
356,3,1019.299958,0.276299155,1,0,0,0,1,0,1,0,0,1,0,0,0,0
649,3,1332.923669,0.133736193,0,0,0,0,1,0,0,0,1,0,1,0,0,0
461,3,89.64343549,0.404581588,1,0,0,0,1,0,0,1,0,1,0,0,0,0
487,3,953.462209,0.145520709,1,1,0,0,0,1,0,1,0,1,0,0,0,0
518,2,306.861409,0.303576433,2,0,0,0,1,0,1,0,0,0,0,1,0,0
550,5,1385.957151,0.324361612,1,0,0,0,0,1,1,0,0,0,0,1,0,0
476,5,523.4189304,0.562834413,2,1,1,0,1,0,0,1,0,1,0,0,0,0
542,3,695.1743718,0.362884644,2,0,0,0,0,1,1,0,0,1,0,0,0,0
815,5,241.2491025,0.043652338,1,0,1,0,1,0,1,0,0,0,0,1,0,0
697,2,841.1504431,0.274123116,3,0,1,0,1,0,1,0,0,0,1,0,0,0
673,6,29.04022803,0.147724362,1,0,1,0,0,1,1,0,0,1,0,0,0,0
408,5,1104.486158,0.189291406,0,0,1,0,1,0,0,1,0,0,0,1,0,0
322,3,142.6277809,0.605643741,3,0,1,0,1,0,0,1,0,0,1,0,0,0
691,4,206.575825,0.122116643,3,0,1,0,1,0,1,0,0,0,0,0,0,1
675,1,0.728541915,0.447713333,1,0,1,0,1,0,1,0,0,1,0,0,0,0
794,2,300.5401747,0.635250402,2,0,1,0,1,0,1,0,0,1,0,0,0,0
379,4,393.1442388,0.508002432,2,1,0,0,0,1,0,1,0,1,0,0,0,0
454,6,213.2581711,0.214438549,1,0,0,0,1,0,0,1,0,1,0,0,0,0
172,3,209.3104512,0.458543639,1,0,0,0,1,0,1,0,0,1,0,0,0,0
421,5,1787.799023,0.396683919,1,0,0,0,1,0,1,0,0,1,0,0,0,0
699,2,316.1574116,0.41978555,2,0,0,0,1,0,1,0,0,1,0,0,0,0
406,7,1024.919566,0.206971816,1,0,1,0,1,0,0,0,1,1,0,0,0,0
628,4,216.7978911,0.361869459,2,0,0,0,0,1,1,0,0,0,1,0,0,0
461,2,1324.558183,0.591439126,0,0,0,0,0,1,0,1,0,0,1,0,0,0
564,4,905.9222278,0.540454814,1,1,0,0,1,0,1,0,0,1,0,0,0,0
270,6,1129.13875,0.229758895,0,0,1,0,0,1,1,0,0,1,0,0,0,0
517,3,463.1933106,0.617047475,2,0,1,0,1,0,0,0,1,0,0,0,1,0
64,3,1693.313184,0.330793682,1,0,1,0,0,1,0,0,1,0,0,1,0,0
462,5,374.7398036,0.591025025,3,0,1,0,1,0,0,1,0,1,0,0,0,0
173,3,734.8246914,0.420279374,1,1,0,0,1,0,1,0,0,0,1,0,0,0
741,2,817.481268,0.238349384,1,0,0,0,1,0,0,1,0,1,0,0,0,0
655,5,2433.44419,0.291766536,1,0,1,0,1,0,0,1,0,0,1,0,0,0
593,2,115.5792958,0.095363213,1,0,0,0,1,0,1,0,0,1,0,0,0,0
804,8,116.5804872,0.274359281,2,0,1,0,1,0,0,1,0,0,0,1,0,0
310,1,495.9938347,0.363029033,1,0,0,0,1,0,1,0,0,0,0,1,0,0
849,1,1999.616278,0.020018481,2,0,0,0,1,0,1,0,0,1,0,0,0,0
686,5,17.53894822,0.193770031,2,0,0,0,1,0,1,0,0,0,0,1,0,0
452,4,258.6757057,0.19575672,2,1,0,0,1,0,0,1,0,1,0,0,0,0
727,5,266.7980154,0.469702858,3,1,1,0,1,0,1,0,0,0,1,0,0,0
278,3,291.0201907,0.529133315,0,0,0,0,1,0,0,0,1,1,0,0,0,0
335,2,20.01220638,0.372533135,2,0,1,0,1,0,1,0,0,1,0,0,0,0
378,4,1397.152067,0.050874391,1,0,1,0,0,1,1,0,0,0,0,1,0,0
394,5,7.159503327,0.149155869,2,0,1,0,0,1,0,0,1,0,0,0,0,1
288,6,519.6165711,0.333327474,0,0,0,0,1,0,1,0,0,1,0,0,0,0
744,4,46.40760495,0.170096434,1,1,1,0,1,0,1,0,0,1,0,0,0,0
448,2,1282.144752,0.031776667,1,0,0,0,1,0,1,0,0,1,0,0,0,0
570,5,1098.184097,0.617859018,2,1,1,0,0,1,1,0,0,1,0,0,0,0
385,5,1022.758432,0.64066619,3,0,1,0,1,0,0,1,0,0,0,1,0,0
135,2,1066.248205,0.136465512,1,0,0,0,1,0,0,1,0,0,0,1,0,0
554,5,2253.929035,0.314778147,1,0,0,0,1,0,1,0,0,1,0,0,0,0
117,5,431.3950483,0.2568557,1,1,1,0,1,0,1,0,0,1,0,0,0,0
486,2,1581.94016,0.104132558,2,0,0,0,1,0,1,0,0,0,1,0,0,0
226,4,162.9004707,0.463782295,1,1,0,0,1,0,0,0,1,1,0,0,0,0
897,3,480.1109954,0.16739698,3,0,1,0,1,0,0,0,1,1,0,0,0,0
682,1,7.159214153,0.276310725,4,0,1,0,1,0,0,0,1,1,0,0,0,0
521,5,267.4168573,0.170839425,3,0,1,0,1,0,1,0,0,0,1,0,0,0
752,1,490.2268458,0.338249083,2,0,0,0,1,0,0,0,1,0,0,0,1,0
330,3,1920.068715,0.096763162,2,0,1,0,1,0,0,1,0,0,1,0,0,0
608,6,304.9516058,0.313377964,2,0,0,0,0,1,0,1,0,1,0,0,0,0
539,5,892.7904276,0.285567302,2,0,0,0,1,0,0,1,0,1,0,0,0,0
552,3,1436.454034,0.354109318,1,0,0,0,1,0,0,1,0,0,1,0,0,0
754,3,316.2491429,0.205228294,3,0,1,0,1,0,0,1,0,0,1,0,0,0
646,1,148.3201062,0.599408707,2,0,0,0,1,0,1,0,0,1,0,0,0,0
557,7,715.6119325,0.153566448,0,0,1,0,1,0,1,0,0,0,1,0,0,0
169,5,267.6890855,0.501842463,1,0,0,0,1,0,0,0,1,1,0,0,0,0
307,4,845.4822466,0.269804009,1,0,1,0,1,0,1,0,0,0,0,0,0,1
475,4,115.7441737,0.710245367,0,0,1,0,1,0,1,0,0,0,0,0,1,0
518,4,131.5175829,0.28765717,1,0,0,0,1,0,1,0,0,0,1,0,0,0
273,5,901.4194785,0.438289272,1,0,0,0,1,0,1,0,0,1,0,0,0,0
982,5,2906.284867,0.380990037,0,0,0,0,1,0,0,1,0,1,0,0,0,0
803,3,226.841891,0.512811973,0,1,0,0,1,0,0,1,0,0,0,1,0,0
620,7,1001.166992,0.308414734,1,0,1,0,1,0,0,1,0,1,0,0,0,0
514,5,607.4990113,0.394176067,0,0,0,0,1,0,1,0,0,0,0,1,0,0
457,4,1485.507178,0.272340085,3,0,1,0,1,0,1,0,0,0,1,0,0,0
309,8,393.9773963,0.594919345,4,0,1,0,1,0,0,1,0,1,0,0,0,0
515,4,2852.310525,0.195502346,1,0,0,0,1,0,1,0,0,1,0,0,0,0
551,1,68.79224072,0.445150178,2,0,0,0,0,1,0,0,1,0,1,0,0,0
251,2,3341.199119,0.565461539,3,0,1,0,0,1,0,1,0,1,0,0,0,0
566,6,1497.875878,0.259245298,2,0,0,0,1,0,1,0,0,1,0,0,0,0
468,2,1610.67216,0.337763917,1,0,0,0,1,0,1,0,0,1,0,0,0,0
118,5,1478.173531,0.3190794,1,0,1,0,1,0,0,0,1,0,0,1,0,0
327,3,1583.611397,0.313275237,2,0,0,0,1,0,1,0,0,0,0,1,0,0
417,4,1350.579707,0.196012043,1,0,0,0,0,1,0,1,0,0,0,1,0,0
877,1,1838.214461,0.149031251,2,1,1,0,0,1,0,1,0,1,0,0,0,0
611,4,494.1360755,0.610193143,0,0,1,0,0,1,0,0,1,0,0,1,0,0
232,3,2241.329959,0.01460295,1,0,0,0,1,0,1,0,0,0,1,0,0,0
597,4,388.8580892,0.583458625,1,0,0,0,1,0,1,0,0,0,0,1,0,0
190,4,1043.083498,0.425287315,2,0,0,0,0,1,1,0,0,0,1,0,0,0
716,2,991.2727017,0.847863937,4,0,1,0,1,0,0,1,0,1,0,0,0,0
405,2,1375.833153,0.405556413,2,0,0,0,0,1,1,0,0,0,0,0,1,0
481,3,1072.697828,0.179564411,2,0,0,0,1,0,0,1,0,1,0,0,0,0
765,2,28.81642117,0.406819909,0,0,1,0,1,0,0,1,0,1,0,0,0,0
242,4,1075.056487,0.167788961,2,0,1,0,1,0,0,1,0,0,0,1,0,0
220,7,18.85794065,0.263063653,2,0,1,0,1,0,1,0,0,0,0,0,0,1
383,3,609.535453,0.39323836,3,1,1,0,1,0,0,1,0,1,0,0,0,0
707,5,1460.82888,0.227389657,4,1,1,0,1,0,0,0,1,1,0,0,0,0
196,4,1415.568723,0.43821054,2,0,1,0,1,0,1,0,0,1,0,0,0,0
64,5,1472.657212,0.277317223,2,0,0,0,1,0,0,1,0,1,0,0,0,0
409,3,737.8684275,0.40370663,2,1,0,0,1,0,0,1,0,0,0,0,1,0
610,5,162.4884915,0.168186438,1,0,1,0,1,0,1,0,0,0,0,0,1,0
740,3,567.3856703,0.322007184,3,0,1,0,0,1,1,0,0,0,1,0,0,0
407,2,580.8866058,0.179033636,2,0,0,0,1,0,0,0,1,1,0,0,0,0
417,3,314.1588596,0.241871544,0,0,0,0,1,0,0,1,0,1,0,0,0,0
730,2,441.4559897,0.347593856,3,0,1,1,0,0,1,0,0,1,0,0,0,0
126,3,1645.684952,0.223575733,2,0,0,0,0,1,0,0,1,0,0,1,0,0
422,7,583.7291662,0.308257021,3,0,1,0,1,0,0,1,0,0,0,0,0,1
538,4,975.929516,0.274227341,3,1,1,0,0,1,1,0,0,0,1,0,0,0
589,1,547.844024,0.303690174,1,0,0,0,1,0,0,1,0,1,0,0,0,0
398,5,768.761271,0.231923358,1,1,0,0,1,0,1,0,0,0,0,1,0,0
506,4,77.72606612,0.235822236,2,0,0,0,1,0,1,0,0,0,0,1,0,0
64,1,2143.432678,0.490251469,2,0,1,0,1,0,1,0,0,0,0,1,0,0
368,1,458.0658863,0.387164646,2,0,0,0,0,1,1,0,0,1,0,0,0,0
590,5,1103.622386,0.297589111,1,1,1,0,0,1,0,0,1,0,0,1,0,0
303,5,879.9332143,0.169672562,2,0,1,1,0,0,1,0,0,0,0,1,0,0
511,4,1284.644349,0.480513298,0,0,1,0,0,1,1,0,0,0,0,0,0,1
589,1,28.39638669,0.167351555,1,0,0,0,1,0,0,1,0,1,0,0,0,0
431,2,2191.03682,0.062615135,0,0,1,0,1,0,0,0,1,1,0,0,0,0
534,5,1416.375041,0.104160095,1,0,0,1,0,0,1,0,0,0,1,0,0,0
307,4,1435.465713,0.563224229,1,0,1,0,0,1,0,0,1,1,0,0,0,0
458,10,503.5573717,0.369988419,1,1,1,0,0,1,1,0,0,0,0,0,0,1
622,1,1272.979465,0.337024396,2,0,0,0,0,1,1,0,0,1,0,0,0,0
531,1,684.8756161,0.172288434,0,0,0,0,1,0,1,0,0,1,0,0,0,0
382,6,560.102047,0.550607414,1,0,0,0,0,1,1,0,0,0,0,1,0,0
544,4,1229.403525,0.302539947,0,0,1,0,0,1,0,0,1,0,0,0,0,1
642,3,790.6592186,0.168228096,1,0,0,1,0,0,0,0,1,1,0,0,0,0
90,3,64.23988731,0.334788397,2,0,1,0,1,0,0,1,0,0,0,1,0,0
731,4,302.0966527,0.580400593,0,0,0,0,1,0,1,0,0,1,0,0,0,0
432,2,778.4850913,0.263465749,2,0,0,0,1,0,1,0,0,1,0,0,0,0
585,4,1873.06835,0.229495308,1,0,0,0,1,0,0,1,0,0,0,1,0,0
739,6,2162.46011,0.091377022,3,0,1,0,1,0,1,0,0,1,0,0,0,0
225,3,1460.641708,0.752602442,3,1,1,0,1,0,1,0,0,1,0,0,0,0
358,3,234.7589763,0.271333662,2,0,0,0,1,0,1,0,0,0,0,1,0,0
442,6,513.0236906,0.376766679,2,0,1,0,1,0,1,0,0,1,0,0,0,0
343,7,454.4677913,0.081100646,2,0,1,0,1,0,1,0,0,1,0,0,0,0
846,5,461.9788544,0.248999252,2,1,0,0,1,0,1,0,0,1,0,0,0,0
328,1,40.85325215,0.368846809,1,0,0,0,1,0,1,0,0,1,0,0,0,0
388,7,152.5779101,0.134471568,3,0,1,0,1,0,0,1,0,0,0,0,0,1
540,2,133.0894999,0.231483757,2,0,0,0,1,0,1,0,0,1,0,0,0,0
259,7,768.3373962,0.444814455,2,0,1,0,1,0,1,0,0,1,0,0,0,0
420,4,424.5483766,0.449755429,0,0,0,0,1,0,1,0,0,0,0,1,0,0
563,1,313.709069,0.460025803,2,0,0,0,1,0,1,0,0,1,0,0,0,0
433,2,469.4530389,0.418867419,3,0,1,0,0,1,0,1,0,0,0,0,1,0
481,5,313.5031157,0.328517734,1,0,1,0,1,0,1,0,0,0,0,0,0,1
394,3,1133.303297,0.260044115,0,0,1,0,1,0,0,0,1,1,0,0,0,0
197,4,146.2175836,0.448734589,3,0,1,0,0,1,0,0,1,0,0,1,0,0
564,7,46.21747992,0.101779793,1,0,1,0,1,0,0,0,1,0,1,0,0,0
850,6,841.4717212,0.293906385,2,0,0,1,0,0,0,0,1,1,0,0,0,0
503,4,209.6937538,0.428930839,4,0,1,0,0,1,0,1,0,1,0,0,0,0
545,5,824.8098889,0.568058466,1,0,0,0,1,0,0,0,1,0,1,0,0,0
638,4,48.26024073,0.450873659,0,0,0,0,1,0,0,1,0,1,0,0,0,0
246,2,227.0552327,0.441383981,2,0,0,0,1,0,1,0,0,0,0,0,1,0
840,3,133.6789149,0.223798276,0,1,0,0,1,0,0,1,0,0,0,1,0,0
540,4,274.7512672,0.56461159,1,0,0,0,1,0,0,1,0,0,0,1,0,0
826,6,319.0163577,0.398389785,2,1,0,0,1,0,1,0,0,0,0,1,0,0
353,3,546.8693111,0.37330957,2,1,0,0,0,1,0,1,0,0,1,0,0,0
863,8,587.4064489,0.467245375,2,0,1,0,1,0,0,0,1,0,1,0,0,0
655,3,795.6138228,0.308986404,1,1,1,0,1,0,0,1,0,0,0,0,1,0
610,5,322.3571721,0.235539963,1,1,0,0,1,0,1,0,0,1,0,0,0,0
546,2,607.4658997,0.512147088,1,0,0,0,1,0,1,0,0,0,0,0,0,1
450,7,3693.577826,0.357678954,2,0,1,0,1,0,0,1,0,0,1,0,0,0
740,2,189.2254969,0.297168378,2,1,1,0,1,0,1,0,0,1,0,0,0,0
528,5,132.5658482,0.66731172,1,0,1,0,1,0,0,1,0,1,0,0,0,0
106,6,1478.989522,0.083672078,0,1,0,1,0,0,1,0,0,1,0,0,0,0
276,4,422.6020747,0.242184311,0,0,1,0,1,0,1,0,0,0,0,1,0,0
462,1,1501.245938,0.460921875,2,0,0,0,1,0,0,0,1,0,0,1,0,0
561,3,442.2756267,0.053745623,0,0,0,0,1,0,1,0,0,0,0,1,0,0
488,4,17.53874696,0.428558675,1,0,0,0,1,0,0,0,1,1,0,0,0,0
743,3,375.8404084,0.32349847,2,0,0,0,1,0,0,0,1,0,0,1,0,0
109,4,753.5549429,0.584729032,2,0,0,0,0,1,1,0,0,1,0,0,0,0
528,1,474.7207739,0.253479832,2,1,0,0,0,1,0,0,1,1,0,0,0,0
136,2,491.9761233,0.176443428,3,0,1,0,1,0,0,1,0,1,0,0,0,0
651,5,5109.239159,0.69814724,1,0,1,0,1,0,1,0,0,0,0,1,0,0
481,3,628.4331075,0.148644238,0,0,0,0,1,0,1,0,0,0,1,0,0,0
583,3,955.0589324,0.28460281,0,0,0,0,1,0,0,0,1,1,0,0,0,0
327,5,1021.157157,0.622962996,1,1,1,0,1,0,0,1,0,1,0,0,0,0
755,3,0.5,0.137602803,2,0,0,0,1,0,1,0,0,1,0,0,0,0
708,2,643.1932364,0.50435872,2,0,1,0,1,0,1,0,0,0,0,1,0,0
616,6,2638.687588,0.121825628,1,0,0,0,1,0,0,1,0,0,0,1,0,0
474,7,1111.672865,0.45946457,0,1,1,0,0,1,1,0,0,1,0,0,0,0
615,3,332.9306084,0.533470494,3,0,1,0,0,1,1,0,0,0,0,1,0,0
358,4,362.7641992,0.386548667,1,0,1,0,1,0,0,1,0,0,0,0,0,1
671,8,289.4846133,0.658709079,0,1,1,0,1,0,0,1,0,0,0,1,0,0
829,5,795.8522594,0.262883026,2,0,1,0,0,1,1,0,0,0,0,1,0,0
714,1,81.9057329,0.14243068,2,0,1,0,1,0,0,1,0,1,0,0,0,0
354,4,273.9927134,0.329647729,2,0,1,0,0,1,1,0,0,0,0,0,0,1
572,4,551.6659945,0.262384603,1,0,0,0,1,0,0,1,0,1,0,0,0,0
241,5,612.9478403,0.332685577,3,1,1,0,1,0,1,0,0,1,0,0,0,0
614,4,747.9868263,0.343824467,0,0,0,0,1,0,0,1,0,0,1,0,0,0
590,2,1276.526576,0.071019017,0,0,0,0,0,1,0,1,0,1,0,0,0,0
126,4,142.5709742,0.364505066,1,0,0,0,1,0,1,0,0,1,0,0,0,0
267,2,203.9295142,0.082452518,3,0,1,0,1,0,0,1,0,0,1,0,0,0
443,3,1646.537424,0.086927898,2,0,0,0,1,0,0,0,1,1,0,0,0,0
439,4,1423.037916,0.507976475,3,0,1,0,0,1,0,0,1,1,0,0,0,0
258,3,1378.850378,0.369304883,2,0,0,0,0,1,0,1,0,1,0,0,0,0
577,7,187.1773506,0.171975682,2,0,1,1,0,0,0,0,1,1,0,0,0,0
550,5,48.01801398,0.066878116,2,0,0,1,0,0,0,1,0,0,0,1,0,0
461,5,592.8871132,0.311204435,1,0,0,0,1,0,1,0,0,0,1,0,0,0
348,7,1632.440059,0.479582377,0,0,1,0,1,0,0,1,0,1,0,0,0,0
709,6,216.9399301,0.330712161,3,1,1,0,1,0,0,0,1,1,0,0,0,0
831,5,1876.39659,0.384943888,3,0,1,0,1,0,1,0,0,1,0,0,0,0
403,10,122.0851665,0.264249153,1,1,1,0,0,1,1,0,0,1,0,0,0,0
377,5,283.167137,0.257997717,2,0,0,0,0,1,0,0,1,1,0,0,0,0
598,3,283.3860427,0.00402721,1,1,1,0,1,0,0,1,0,1,0,0,0,0
428,2,131.0512683,0.313681536,0,1,0,0,1,0,1,0,0,1,0,0,0,0
472,1,1649.458436,0.59646021,0,0,1,0,0,1,0,1,0,1,0,0,0,0
647,5,425.625711,0.212423992,1,0,0,0,1,0,1,0,0,1,0,0,0,0
118,9,169.2264234,0.271190537,2,0,1,0,1,0,1,0,0,0,0,0,1,0
763,3,127.4256909,0.19161649,2,0,0,0,1,0,1,0,0,1,0,0,0,0
514,5,437.0435664,0.288389706,2,0,0,0,1,0,1,0,0,1,0,0,0,0
417,5,13.95166402,0.172968996,2,0,0,0,1,0,0,1,0,1,0,0,0,0
482,3,103.2273593,0.506320882,4,0,1,0,1,0,1,0,0,1,0,0,0,0
492,7,2.963952271,0.454579639,0,0,1,0,1,0,0,0,1,0,0,0,1,0
153,2,19.7501724,0.424794055,1,0,0,1,0,0,0,1,0,1,0,0,0,0
798,9,4753.751592,0.342500581,3,0,1,0,1,0,1,0,0,0,0,0,1,0
508,6,476.6555442,0.122961252,1,0,0,0,1,0,1,0,0,1,0,0,0,0
588,3,1044.287141,0.341351429,1,0,0,1,0,0,0,0,1,0,1,0,0,0
690,1,1068.726659,0.501083232,1,0,0,0,1,0,0,1,0,1,0,0,0,0
295,9,1698.931958,0.048884254,2,0,1,0,1,0,1,0,0,0,1,0,0,0
594,7,87.62494645,0.07982311,2,1,1,0,0,1,1,0,0,0,0,1,0,0
446,4,596.6858172,0.613832716,1,1,1,0,1,0,1,0,0,1,0,0,0,0
669,1,310.5553236,0.489214758,0,0,1,0,0,1,0,1,0,1,0,0,0,0
74,5,636.1126266,0.291449487,3,1,1,0,1,0,0,1,0,0,0,1,0,0
480,5,322.9168427,0.536474827,1,1,0,0,1,0,0,0,1,1,0,0,0,0
379,2,162.3374641,0.629665761,3,0,1,0,1,0,0,0,1,0,0,1,0,0
586,5,893.8135118,0.076537422,1,0,0,0,1,0,1,0,0,0,0,1,0,0
594,5,31.34944978,0.45266972,4,0,1,0,0,1,0,0,1,1,0,0,0,0
358,5,1805.978696,0.661652101,1,0,1,0,1,0,0,0,1,0,0,1,0,0
357,2,126.5079745,0.333633378,2,0,0,0,0,1,0,1,0,0,0,0,1,0
477,2,763.9093063,0.014489429,2,1,0,0,0,1,1,0,0,0,0,0,1,0
320,5,1122.605161,0.548255253,1,0,0,0,1,0,1,0,0,1,0,0,0,0
668,6,60.57878459,0.57010843,0,0,0,0,0,1,1,0,0,0,0,1,0,0
426,4,1868.868563,0.055719622,0,0,0,0,1,0,1,0,0,1,0,0,0,0
64,1,352.2653794,0.646581475,1,0,1,0,1,0,0,0,1,1,0,0,0,0
425,3,4577.498276,0.239699301,0,0,0,0,0,1,0,0,1,0,0,1,0,0
292,4,57.00942949,0.19229037,3,0,1,0,1,0,0,1,0,1,0,0,0,0
173,6,1009.206381,0.162191187,2,0,0,0,1,0,0,1,0,1,0,0,0,0
252,3,140.1634218,0.046488422,2,0,0,0,1,0,1,0,0,0,0,1,0,0
521,4,412.2587266,0.216143781,2,0,1,0,1,0,0,1,0,0,1,0,0,0
765,10,468.4572509,0.343929876,2,0,1,0,1,0,0,1,0,1,0,0,0,0
562,3,416.9093413,0.357242892,0,0,0,0,1,0,1,0,0,1,0,0,0,0
378,2,329.4760211,0.427470114,2,0,0,0,1,0,0,1,0,0,0,1,0,0
591,10,1166.093168,0.253271353,1,0,1,0,1,0,1,0,0,0,1,0,0,0
408,7,1371.347911,0.768138891,0,0,1,0,1,0,1,0,0,0,0,0,1,0
361,4,327.1137994,0.419545527,2,0,0,0,1,0,0,1,0,1,0,0,0,0
269,4,527.2206523,0.09769083,1,0,0,0,1,0,0,1,0,0,0,1,0,0
149,5,438.210247,0.213609288,1,0,0,0,0,1,0,1,0,0,0,1,0,0
422,4,720.1702719,0.19625814,2,0,0,0,1,0,0,1,0,1,0,0,0,0
531,1,130.2655595,0.456065298,0,0,1,0,1,0,1,0,0,1,0,0,0,0
480,6,1310.619538,0.232112598,1,0,0,0,1,0,0,0,1,0,1,0,0,0
416,4,1275.689562,0.54176387,1,0,0,0,1,0,0,1,0,0,0,1,0,0
310,4,714.085065,0.528956785,0,0,0,0,1,0,0,0,1,1,0,0,0,0
621,2,1096.7912,0.198458064,0,0,0,1,0,0,0,0,1,0,0,0,0,1
236,2,3572.686182,0.308640598,1,0,0,0,0,1,1,0,0,0,1,0,0,0
655,2,2046.064542,0.279565994,0,0,0,0,0,1,0,0,1,1,0,0,0,0
299,6,756.2645696,0.234520858,2,0,1,0,0,1,0,0,1,1,0,0,0,0
349,1,572.9712273,0.450045918,1,0,0,0,1,0,1,0,0,0,0,0,0,1
206,7,611.7610544,0.202654894,3,0,1,0,1,0,1,0,0,1,0,0,0,0
399,3,502.8086865,0.330489803,2,0,0,0,0,1,0,0,1,1,0,0,0,0
695,2,523.4889073,0.566019046,4,0,1,0,1,0,1,0,0,1,0,0,0,0
603,4,1053.525126,0.398444422,0,0,0,0,0,1,0,0,1,0,1,0,0,0
695,10,3874.907484,0.034739116,1,0,1,0,0,1,1,0,0,1,0,0,0,0
604,3,37.09847979,0.301803665,1,0,0,1,0,0,0,1,0,1,0,0,0,0
279,4,209.2872866,0.098142925,1,0,0,0,1,0,0,1,0,1,0,0,0,0
433,6,188.7881596,0.372155833,1,0,1,0,0,1,0,0,1,0,0,0,0,1
343,5,1431.120512,0.528029513,0,0,0,0,1,0,0,1,0,1,0,0,0,0
766,4,435.4009354,0.357530198,2,0,0,0,1,0,1,0,0,1,0,0,0,0
260,3,595.7751767,0.142157052,1,0,0,0,1,0,1,0,0,0,0,1,0,0
678,4,506.6241462,0.148955221,2,0,0,0,0,1,1,0,0,1,0,0,0,0
678,4,1537.574456,0.584357311,0,0,0,0,0,1,0,1,0,1,0,0,0,0
865,5,554.0695518,0.348789448,2,0,0,0,1,0,1,0,0,0,1,0,0,0
418,3,881.7252296,0.513618633,2,0,0,0,1,0,1,0,0,1,0,0,0,0
642,3,15.74065954,0.450856204,3,0,1,0,1,0,0,1,0,1,0,0,0,0
956,5,845.4876222,0.240835027,1,0,0,1,0,0,1,0,0,0,0,1,0,0
376,3,220.5519096,0.502187792,3,0,1,0,1,0,0,0,1,1,0,0,0,0
192,5,1613.13497,0.317537684,1,0,0,0,1,0,1,0,0,1,0,0,0,0
123,4,1114.024416,0.372739652,1,0,1,0,1,0,0,1,0,1,0,0,0,0
642,1,92.58632064,0.214976827,2,0,1,0,1,0,0,0,1,1,0,0,0,0
123,4,87.38024935,0.333737842,2,0,1,0,1,0,0,0,1,0,0,1,0,0
425,7,277.3777526,0.428091153,0,0,1,0,1,0,0,1,0,1,0,0,0,0
587,4,107.523563,0.098070609,2,0,0,0,0,1,1,0,0,1,0,0,0,0
537,3,1078.668485,0.126143161,2,0,0,0,0,1,0,1,0,1,0,0,0,0
585,8,3463.031211,0.146107374,1,0,1,0,1,0,0,0,1,0,0,1,0,0
544,4,851.9642333,0.317473602,3,0,1,1,0,0,1,0,0,0,0,1,0,0
755,8,229.1294455,0.237566893,1,1,1,0,1,0,1,0,0,1,0,0,0,0
309,2,664.590386,0.22472047,1,0,0,0,1,0,0,1,0,1,0,0,0,0
364,9,1310.47211,0.268676083,2,0,1,0,1,0,0,1,0,1,0,0,0,0
345,1,2620.514512,0.185466029,1,1,1,0,1,0,1,0,0,1,0,0,0,0
666,3,4.067714051,0.151802184,1,0,0,0,0,1,1,0,0,0,0,1,0,0
680,1,593.3495903,0.096623497,2,0,0,0,1,0,1,0,0,1,0,0,0,0
590,4,482.9586305,0.337019276,1,1,0,0,1,0,1,0,0,0,0,0,1,0
736,6,428.2213384,0.400819,3,0,1,0,0,1,0,0,1,0,1,0,0,0
264,4,560.6817606,0.81925253,3,0,1,0,1,0,1,0,0,1,0,0,0,0
833,6,413.3489062,0.157832905,1,0,1,0,0,1,1,0,0,1,0,0,0,0
804,5,337.2944977,0.481031678,1,0,0,0,0,1,0,0,1,0,0,1,0,0
647,1,97.56035098,0.401153353,1,0,1,0,1,0,1,0,0,0,0,0,1,0
856,3,554.270747,0.317693534,2,1,0,0,0,1,1,0,0,0,0,0,1,0
168,4,1376.5254,0.316661284,2,0,0,0,1,0,0,0,1,1,0,0,0,0
395,3,88.50602757,0.218481164,2,0,0,0,1,0,1,0,0,1,0,0,0,0
352,4,1073.030365,0.298863177,2,0,0,0,1,0,0,0,1,0,0,1,0,0
644,1,249.3242447,0.124162153,2,0,0,0,1,0,0,1,0,0,1,0,0,0
289,3,384.0345302,0.258042463,1,0,0,1,0,0,1,0,0,1,0,0,0,0
651,5,3543.945782,0.112452931,4,0,1,0,1,0,0,1,0,1,0,0,0,0
774,3,899.6646721,0.60023678,1,0,1,0,1,0,0,1,0,0,0,1,0,0
639,1,1015.840323,0.306346136,0,0,0,0,0,1,0,0,1,0,0,0,0,1
556,5,737.8288065,0.150880779,2,1,0,0,1,0,1,0,0,1,0,0,0,0
302,5,311.3154129,0.551460541,2,0,0,0,1,0,0,0,1,0,0,1,0,0
330,2,899.4293794,0.209013487,0,0,0,0,1,0,0,0,1,0,0,0,0,1
749,3,488.9121832,0.462690657,2,1,0,0,0,1,1,0,0,1,0,0,0,0
655,5,1427.427436,0.341858669,2,0,0,0,1,0,1,0,0,1,0,0,0,0
492,5,677.1452871,0.27524811,2,0,0,0,1,0,1,0,0,1,0,0,0,0
416,2,1180.051503,0.713265793,2,0,1,0,1,0,1,0,0,0,0,1,0,0
94,3,1509.778539,0.433783111,1,1,0,0,1,0,1,0,0,1,0,0,0,0
285,3,1376.830463,0.310551358,5,1,1,0,0,1,1,0,0,0,1,0,0,0
882,3,411.4751322,0.417150951,1,0,0,0,1,0,0,1,0,1,0,0,0,0
243,3,368.0509725,0.226610045,1,0,0,0,1,0,1,0,0,0,0,0,0,1
537,3,1626.459018,0.295508566,0,0,1,0,1,0,0,0,1,0,1,0,0,0
701,4,123.5473908,0.231747783,2,1,1,0,0,1,1,0,0,1,0,0,0,0
249,5,262.1410615,0.534504953,1,0,0,0,0,1,1,0,0,0,1,0,0,0
536,5,103.1849856,0.310398014,3,0,1,0,1,0,1,0,0,0,0,0,0,1
687,3,34.40227014,0.537397411,1,0,0,0,1,0,0,1,0,0,0,0,0,1
502,2,765.4007694,0.168578297,2,1,0,0,1,0,0,1,0,1,0,0,0,0
1073,9,1848.336929,0.342809475,2,0,1,0,1,0,0,1,0,1,0,0,0,0
166,1,110.8728285,0.422055119,2,0,0,0,1,0,1,0,0,1,0,0,0,0
711,5,1270.567965,0.625760768,2,1,1,0,1,0,0,0,1,0,0,1,0,0
465,2,381.5773649,0.106041199,0,0,0,0,1,0,1,0,0,1,0,0,0,0
654,1,770.158711,0.699558627,3,0,1,0,0,1,1,0,0,0,1,0,0,0
588,3,1154.263757,0.108909792,0,0,0,0,1,0,0,1,0,1,0,0,0,0
353,3,990.51914,0.363110444,0,0,0,0,0,1,0,1,0,1,0,0,0,0
545,3,117.5980812,0.186508685,2,0,0,0,1,0,1,0,0,0,0,1,0,0
128,4,98.08293543,0.130429353,0,0,1,0,0,1,1,0,0,1,0,0,0,0
620,2,2063.655632,0.765008617,0,0,1,0,1,0,1,0,0,1,0,0,0,0
559,3,66.24554974,0.462713806,1,0,0,0,1,0,1,0,0,1,0,0,0,0
627,6,197.1294277,0.391136555,1,0,0,0,0,1,0,1,0,1,0,0,0,0
711,4,461.4974669,0.574131009,3,0,1,0,1,0,0,1,0,1,0,0,0,0
573,3,1376.345193,0.317615605,3,0,1,0,1,0,0,1,0,0,0,0,0,1
529,7,738.3018143,0.476142149,1,0,1,0,1,0,0,0,1,1,0,0,0,0
323,4,677.3807213,0.27835458,2,0,0,0,0,1,1,0,0,0,0,1,0,0
357,5,942.0071092,0.446227076,3,0,1,0,1,0,0,1,0,1,0,0,0,0
737,4,1296.231417,0.587206484,2,0,0,0,0,1,1,0,0,1,0,0,0,0
787,1,211.7168757,0.378692739,2,0,0,0,1,0,0,1,0,1,0,0,0,0
452,2,15.26583795,0.213467071,1,0,0,0,1,0,0,1,0,1,0,0,0,0
509,4,108.8364864,0.411406527,1,0,0,0,1,0,0,1,0,1,0,0,0,0
319,8,144.4159495,0.046994366,3,0,1,0,1,0,1,0,0,0,0,0,1,0
734,8,32.67679436,0.150237528,1,0,1,0,1,0,1,0,0,0,0,1,0,0
633,3,1101.132372,0.443119896,0,0,0,0,1,0,0,0,1,1,0,0,0,0
888,2,1729.734742,0.13452598,0,0,0,0,1,0,0,0,1,1,0,0,0,0
324,2,992.0942097,0.405693975,2,1,0,0,1,0,1,0,0,1,0,0,0,0
424,2,167.2182001,0.363350512,0,0,0,0,1,0,0,1,0,1,0,0,0,0
546,6,746.0271618,0.676446719,0,0,1,0,0,1,1,0,0,0,0,0,0,1
629,3,588.1821041,0.175648743,3,0,1,0,0,1,0,1,0,0,0,1,0,0
456,6,1371.676258,0.236403316,3,0,1,0,0,1,0,1,0,1,0,0,0,0
325,2,2281.981016,0.459953773,4,0,1,0,1,0,1,0,0,1,0,0,0,0
676,4,1086.740578,0.437586411,1,1,0,0,0,1,1,0,0,0,0,1,0,0
644,4,574.8353663,0.425845123,3,0,1,0,1,0,0,1,0,1,0,0,0,0
316,4,572.3931858,0.245059134,0,0,0,0,1,0,1,0,0,1,0,0,0,0
771,4,1319.320364,0.27845064,4,0,1,0,0,1,0,1,0,1,0,0,0,0
734,4,104.5557438,0.515056277,0,0,0,0,0,1,1,0,0,0,1,0,0,0
526,3,133.1400743,0.162862698,1,0,0,0,1,0,0,0,1,0,0,1,0,0
515,7,336.6815983,0.254001202,2,1,1,0,1,0,1,0,0,1,0,0,0,0
610,2,1099.932268,0.199154149,2,0,0,0,1,0,1,0,0,0,0,0,1,0
327,2,54.60309527,0.007029878,1,0,0,0,1,0,1,0,0,1,0,0,0,0
506,2,337.6703916,0.227539508,0,0,1,0,0,1,0,0,1,1,0,0,0,0
69,3,306.8147145,0.365791491,3,0,1,0,1,0,1,0,0,1,0,0,0,0
675,2,532.0173252,0.126504356,3,0,1,0,0,1,0,1,0,1,0,0,0,0
187,5,498.4738862,0.141394175,0,0,0,0,1,0,1,0,0,1,0,0,0,0
800,2,1002.54497,0.387256883,2,1,0,0,0,1,1,0,0,1,0,0,0,0
433,2,785.8612587,0.222812816,0,0,0,0,0,1,0,1,0,0,0,1,0,0
457,8,1864.540649,0.299437043,3,0,1,0,1,0,1,0,0,1,0,0,0,0
374,7,159.4014311,0.204463242,0,0,1,0,1,0,0,0,1,1,0,0,0,0
442,6,452.6211036,0.348756805,1,0,0,0,0,1,1,0,0,1,0,0,0,0
783,1,408.7879877,0.197921085,2,0,0,0,1,0,1,0,0,1,0,0,0,0
64,3,95.49407657,0.650708128,0,0,1,0,1,0,1,0,0,1,0,0,0,0
755,3,144.0937202,0.241220813,3,0,1,0,1,0,1,0,0,0,0,1,0,0
567,5,328.338633,0.014614546,1,1,1,0,1,0,1,0,0,1,0,0,0,0
258,2,1061.823833,0.391347453,3,0,1,0,0,1,1,0,0,0,0,0,1,0
284,3,130.1669049,0.299458737,1,0,1,0,1,0,1,0,0,1,0,0,0,0
835,2,246.6544646,0.4847623,0,1,0,0,0,1,0,0,1,0,0,0,1,0
310,6,902.6479316,0.125285301,2,0,0,0,1,0,1,0,0,0,0,1,0,0
269,5,726.3684868,0.121082016,2,0,0,0,0,1,0,0,1,1,0,0,0,0
727,7,88.20363315,0.29114869,2,0,1,0,1,0,1,0,0,1,0,0,0,0
567,1,2301.720265,0.099530742,3,0,1,0,1,0,0,0,1,0,1,0,0,0
312,2,128.1621626,0.39215864,2,0,0,0,1,0,0,1,0,1,0,0,0,0
543,6,50.69883606,0.090289804,0,0,1,0,0,1,1,0,0,0,0,1,0,0
294,6,290.2158393,0.412367614,0,0,0,0,1,0,0,0,1,0,1,0,0,0
720,1,21.45929479,0.354140219,1,1,1,0,0,1,1,0,0,0,0,0,1,0
712,2,24.96452883,0.185036362,2,0,0,0,1,0,1,0,0,0,0,1,0,0
606,5,691.5892259,0.431573099,3,0,1,0,1,0,0,0,1,0,0,0,0,1
572,2,1787.573142,0.166029141,3,0,1,0,0,1,1,0,0,0,0,1,0,0
852,3,412.0602392,0.412570169,0,0,0,0,1,0,0,1,0,0,0,0,1,0
499,4,287.7922653,0.8010234,2,0,1,0,1,0,0,0,1,0,1,0,0,0
263,4,1968.582696,0.497656762,1,0,0,0,1,0,0,1,0,1,0,0,0,0
589,6,50.74495115,0.417565928,3,0,1,0,1,0,0,1,0,1,0,0,0,0
917,1,512.9184314,0.280637966,1,0,1,0,1,0,0,1,0,1,0,0,0,0
297,8,232.9263155,0.278356642,0,0,1,0,1,0,0,1,0,1,0,0,0,0
427,2,384.639627,0.684603262,4,0,1,0,1,0,0,0,1,0,0,0,0,1
583,7,423.1834225,0.482760856,1,1,1,0,0,1,0,1,0,1,0,0,0,0
489,4,630.2082954,0.432214263,1,0,1,0,0,1,0,1,0,1,0,0,0,0
303,4,483.0122946,0.089106762,2,1,1,0,1,0,0,1,0,1,0,0,0,0
724,1,3541.581003,0.335566858,0,1,1,0,1,0,0,1,0,0,0,1,0,0
964,3,20.67379453,0.561997354,2,0,0,0,1,0,0,0,1,0,1,0,0,0
539,6,1133.927128,0.232801954,1,1,0,0,0,1,1,0,0,1,0,0,0,0
319,7,41.87322917,0.275379852,1,0,1,0,1,0,1,0,0,0,0,1,0,0
190,6,451.1987167,0.060322014,1,0,0,0,1,0,0,1,0,1,0,0,0,0
551,8,180.3638235,0.0660648,3,0,1,1,0,0,1,0,0,1,0,0,0,0
720,4,2324.746902,0.376784774,1,0,0,0,1,0,0,0,1,1,0,0,0,0
595,2,1025.519781,0.102797164,2,0,1,0,0,1,0,0,1,1,0,0,0,0
499,2,497.1780888,0.141165543,0,0,0,0,1,0,1,0,0,1,0,0,0,0
382,6,2433.288916,0.066997964,2,0,1,0,1,0,1,0,0,1,0,0,0,0
281,5,1022.080033,0.230867101,0,0,0,0,0,1,0,1,0,1,0,0,0,0
666,5,2428.250347,0.310836508,2,0,1,0,1,0,1,0,0,0,0,1,0,0
682,7,975.4718797,0.365215189,3,0,1,0,0,1,0,0,1,0,0,1,0,0
190,2,64.71715975,0.430522439,1,0,1,0,1,0,1,0,0,1,0,0,0,0
817,1,766.3266216,0.76028472,1,0,1,0,0,1,0,0,1,1,0,0,0,0
614,2,3143.730357,0.274454171,2,1,1,0,1,0,1,0,0,1,0,0,0,0
779,6,192.8241547,0.501642765,2,0,0,0,1,0,1,0,0,0,1,0,0,0
231,9,1259.023769,0.126114082,2,0,1,0,1,0,1,0,0,1,0,0,0,0
226,4,163.2926501,0.455581124,2,0,0,0,1,0,0,0,1,1,0,0,0,0
470,6,481.5303234,0.499129069,1,0,0,0,1,0,1,0,0,0,1,0,0,0
600,2,70.77101058,0.566241405,3,0,1,0,1,0,1,0,0,1,0,0,0,0
859,4,333.1231473,0.476436746,3,0,1,0,1,0,1,0,0,1,0,0,0,0
641,3,1197.696655,0.326539793,0,0,0,0,1,0,1,0,0,1,0,0,0,0
451,1,37.05972511,0.234305031,0,0,0,0,1,0,1,0,0,0,0,1,0,0
294,5,308.761354,0.656095835,3,0,1,0,1,0,1,0,0,0,1,0,0,0
746,3,794.8664632,0.133509622,1,0,0,0,1,0,0,0,1,0,1,0,0,0
307,2,2373.831259,0.131295744,2,1,0,1,0,0,1,0,0,1,0,0,0,0
825,3,225.2028471,0.114290967,2,0,1,0,1,0,1,0,0,0,1,0,0,0
443,5,152.1055924,0.160728156,2,0,0,0,1,0,1,0,0,1,0,0,0,0
818,1,182.1939184,0.264260835,2,1,0,0,1,0,1,0,0,0,0,1,0,0
635,2,216.1972852,0.625684957,1,0,1,0,0,1,0,0,1,0,1,0,0,0
472,1,813.5997888,0.398493715,2,0,0,0,1,0,1,0,0,0,0,0,1,0
396,1,5296.769951,0.156871337,2,0,0,0,1,0,1,0,0,0,1,0,0,0
431,2,593.183312,0.362298886,1,0,1,0,1,0,0,0,1,0,1,0,0,0
585,4,253.3381136,0.351211321,1,0,0,0,1,0,1,0,0,0,1,0,0,0
515,6,1099.365435,0.23203462,2,0,0,0,0,1,1,0,0,1,0,0,0,0
381,3,137.819336,0.319765133,2,0,1,0,1,0,0,0,1,1,0,0,0,0
466,2,24.37905518,0.275888686,2,1,1,0,1,0,0,1,0,0,1,0,0,0
515,6,743.6324373,0.567246378,1,0,0,0,0,1,1,0,0,0,0,0,1,0
74,2,188.8772183,0.547974169,0,0,0,0,1,0,0,1,0,0,1,0,0,0
591,5,407.6441473,0.376776343,0,0,1,0,0,1,1,0,0,1,0,0,0,0
304,8,210.2736084,0.020752776,0,1,1,0,1,0,1,0,0,0,0,0,0,1
269,3,2001.431324,0.469713676,0,1,1,0,0,1,0,0,1,0,0,1,0,0
162,4,329.9780524,0.293254907,0,0,0,0,0,1,0,0,1,1,0,0,0,0
141,4,476.9230811,0.097686366,3,0,1,0,1,0,0,1,0,0,0,0,0,1
228,6,214.1393644,0.416783732,0,1,0,0,0,1,0,1,0,0,1,0,0,0
358,4,70.9347185,0.237533836,1,0,1,0,1,0,1,0,0,0,0,1,0,0
890,6,574.8649088,0.317403412,2,1,0,0,1,0,0,1,0,1,0,0,0,0
394,5,1624.358188,0.33707558,2,0,0,0,1,0,1,0,0,1,0,0,0,0
535,4,346.6987358,0.125734518,2,0,0,0,1,0,0,1,0,0,0,1,0,0
580,7,1214.83216,0.586535344,1,1,1,0,0,1,0,1,0,0,0,1,0,0
526,9,26.52476581,0.373229639,1,1,1,0,1,0,0,1,0,0,0,1,0,0
484,6,214.8356502,0.471283358,0,0,0,1,0,0,1,0,0,0,0,1,0,0
260,4,112.7858503,0.123106379,2,0,0,0,1,0,1,0,0,0,1,0,0,0
790,3,412.5129571,0.107524377,2,0,0,0,1,0,1,0,0,1,0,0,0,0
861,4,1797.969572,0.237402375,3,0,1,0,1,0,1,0,0,0,0,0,1,0
163,5,374.1004383,0.344469438,1,0,0,0,1,0,1,0,0,1,0,0,0,0
295,3,739.7076137,0.515712128,1,0,0,0,0,1,0,0,1,1,0,0,0,0
444,5,1827.341411,0.190533177,3,0,1,0,0,1,0,1,0,0,1,0,0,0
307,2,356.7629155,0.362125234,1,0,0,0,0,1,0,0,1,1,0,0,0,0
601,5,364.2567602,0.154840889,1,0,0,0,0,1,0,1,0,0,0,1,0,0
354,3,73.67735475,0.145524005,2,0,0,0,1,0,1,0,0,0,0,1,0,0
933,2,343.4575274,0.201272685,0,0,0,0,1,0,1,0,0,1,0,0,0,0
738,1,1096.840531,0.538444219,1,1,0,0,1,0,1,0,0,1,0,0,0,0
542,4,1489.553529,0.143091153,1,1,0,0,1,0,0,1,0,0,0,0,1,0
705,6,1026.270009,0.362360534,3,0,1,0,1,0,1,0,0,1,0,0,0,0
721,3,5.559557022,0.363469316,2,0,0,0,1,0,1,0,0,0,0,1,0,0
387,3,99.52304373,0.492358671,1,1,0,0,1,0,0,0,1,1,0,0,0,0
336,4,1050.381584,0.559494302,1,0,0,0,1,0,1,0,0,1,0,0,0,0
515,5,2283.339762,0.434659053,3,0,1,0,0,1,0,1,0,1,0,0,0,0
672,2,950.9025901,0.405003088,3,0,1,0,1,0,1,0,0,1,0,0,0,0
527,1,205.0535151,0.400728288,0,0,1,0,1,0,0,0,1,0,0,1,0,0
184,2,91.03532599,0.515343936,1,0,0,0,1,0,0,1,0,1,0,0,0,0
339,9,1676.562655,0.122326631,1,0,1,0,0,1,1,0,0,1,0,0,0,0
485,4,83.4271092,0.311465127,1,0,0,1,0,0,0,0,1,0,0,1,0,0
484,1,130.9917053,0.138447261,0,0,0,0,1,0,0,1,0,0,1,0,0,0
894,5,726.445224,0.301883854,1,0,0,0,1,0,0,0,1,1,0,0,0,0
222,3,168.5739392,0.165101043,2,1,0,0,0,1,0,0,1,0,0,1,0,0
601,2,206.5953013,0.420250446,3,1,1,0,1,0,1,0,0,1,0,0,0,0
797,5,122.7620698,0.31634364,4,0,1,0,0,1,1,0,0,1,0,0,0,0
954,5,2310.596489,0.280614852,3,0,1,0,0,1,0,1,0,1,0,0,0,0
419,1,106.7567113,0.058374341,2,1,1,0,1,0,0,1,0,1,0,0,0,0
598,3,2142.778313,0.341567778,0,0,0,0,1,0,0,0,1,1,0,0,0,0
613,7,315.8539702,0.154735911,0,0,1,0,1,0,1,0,0,0,1,0,0,0
539,8,1378.800009,0.283127446,0,0,1,0,1,0,1,0,0,1,0,0,0,0
480,4,2396.546932,0.327404783,0,0,0,0,0,1,0,1,0,1,0,0,0,0
587,5,585.9392141,0.294385854,1,0,0,0,0,1,1,0,0,1,0,0,0,0
64,4,1176.339695,0.237869193,0,0,0,0,0,1,1,0,0,1,0,0,0,0
636,1,247.4084086,0.066287392,1,1,0,0,1,0,1,0,0,1,0,0,0,0
525,7,386.2625777,0.18579421,3,0,1,0,1,0,1,0,0,1,0,0,0,0
455,3,644.1335905,0.636463023,2,0,1,0,1,0,0,1,0,0,0,0,0,1
909,4,1520.159386,0.150618925,2,0,0,0,1,0,1,0,0,1,0,0,0,0
365,3,775.6224996,0.245454811,1,0,0,0,1,0,1,0,0,1,0,0,0,0
419,4,17.87732888,0.070008569,4,0,1,0,1,0,0,1,0,0,0,1,0,0
898,6,290.8268031,0.353895339,0,0,0,0,1,0,0,0,1,1,0,0,0,0
333,5,1601.817511,0.16871246,4,0,1,1,0,0,1,0,0,1,0,0,0,0
389,4,219.7988017,0.14575448,1,0,0,0,1,0,0,1,0,1,0,0,0,0
470,4,367.0017893,0.199726342,3,0,1,0,0,1,1,0,0,0,0,1,0,0
668,2,394.9319358,0.34594094,2,0,0,0,1,0,0,0,1,0,1,0,0,0
541,6,134.2169677,0.083986195,1,0,1,0,1,0,0,0,1,0,0,0,0,1
241,5,344.3950424,0.177129384,2,0,1,0,0,1,1,0,0,1,0,0,0,0
393,6,1360.456627,0.552341438,0,0,0,0,0,1,0,1,0,0,0,1,0,0
378,8,1512.877825,0.141865301,2,0,1,0,1,0,1,0,0,1,0,0,0,0
484,3,695.7118913,0.647334249,0,1,1,0,1,0,0,0,1,0,1,0,0,0
585,7,908.4026282,0.231826121,0,0,1,0,1,0,1,0,0,1,0,0,0,0
583,4,611.8395025,0.274598124,1,0,0,0,1,0,0,1,0,0,1,0,0,0
144,5,36.22601269,0.047166133,0,0,1,0,0,1,0,1,0,0,1,0,0,0
712,3,954.3863761,0.239871534,2,0,0,0,1,0,1,0,0,1,0,0,0,0
550,4,4535.707903,0.622485415,1,0,1,0,1,0,1,0,0,0,0,1,0,0
776,5,206.8335221,0.109989232,2,0,0,0,0,1,1,0,0,0,1,0,0,0
588,9,3220.655152,0.609456666,0,0,1,0,1,0,0,1,0,1,0,0,0,0
720,4,4885.895701,0.398422855,0,0,0,0,1,0,0,1,0,0,0,1,0,0
593,6,122.0684893,0.422270133,4,1,1,0,1,0,0,0,1,1,0,0,0,0
769,4,2084.414894,0.056077479,0,0,0,0,1,0,0,1,0,0,0,1,0,0
604,5,900.4562533,0.134796036,2,0,0,0,1,0,0,1,0,0,0,1,0,0
480,4,502.4447864,0.45521162,2,0,0,0,1,0,1,0,0,1,0,0,0,0
954,5,338.0817511,0.090940706,2,1,0,0,1,0,0,1,0,0,0,0,1,0
677,3,794.9729469,0.195993979,2,0,0,0,0,1,1,0,0,1,0,0,0,0
614,2,1480.121321,0.295197758,1,0,0,0,0,1,1,0,0,0,0,1,0,0
244,3,27.75793032,0.678664053,2,0,1,0,1,0,0,1,0,1,0,0,0,0
242,5,613.3699998,0.255801743,2,0,0,0,1,0,1,0,0,1,0,0,0,0
558,1,840.46132,0.186918496,1,0,0,0,1,0,1,0,0,0,0,0,1,0
529,2,20.74940814,0.301594806,2,0,0,0,1,0,0,0,1,0,0,1,0,0
377,4,1759.139534,0.482774359,1,0,0,0,0,1,0,1,0,1,0,0,0,0
528,5,2425.749712,0.185188162,2,0,0,0,1,0,1,0,0,0,0,1,0,0
817,1,758.4136115,0.555507166,2,0,0,0,1,0,1,0,0,1,0,0,0,0
639,2,99.54503617,0.036692133,2,0,0,0,1,0,0,0,1,0,1,0,0,0
271,4,2155.456432,0.085685462,2,1,0,0,1,0,1,0,0,1,0,0,0,0
477,1,1307.833694,0.05739507,2,0,0,0,1,0,0,0,1,1,0,0,0,0
339,6,23.17092424,0.463151904,2,0,0,0,0,1,1,0,0,1,0,0,0,0
422,3,692.3975428,0.25883038,1,0,0,0,0,1,0,1,0,1,0,0,0,0
417,8,97.31597139,0.236044618,0,1,1,0,0,1,1,0,0,1,0,0,0,0
404,4,121.6509238,0.74996849,1,0,1,0,0,1,0,1,0,0,0,0,0,1
248,3,171.0596317,0.260583444,0,0,0,0,0,1,0,1,0,0,0,0,0,1
474,4,403.594566,0.504717179,2,0,0,0,1,0,0,1,0,0,1,0,0,0
387,4,1672.452862,0.07475654,2,0,1,0,1,0,0,1,0,1,0,0,0,0
64,4,25.2547963,0.315845484,3,1,1,0,0,1,1,0,0,1,0,0,0,0
910,6,934.9127655,0.485140141,2,0,0,0,1,0,0,0,1,1,0,0,0,0
717,5,2671.723428,0.153844713,1,0,0,0,1,0,1,0,0,0,1,0,0,0
424,3,820.0666906,0.307038406,3,0,1,0,1,0,1,0,0,1,0,0,0,0
503,3,1352.540324,0.703121401,3,0,1,0,1,0,1,0,0,1,0,0,0,0
265,5,1856.373749,0.13406445,2,0,0,0,1,0,1,0,0,1,0,0,0,0
839,6,1003.645515,0.233522114,2,0,0,0,1,0,1,0,0,1,0,0,0,0
879,4,862.6779282,0.239068793,1,0,0,0,1,0,0,1,0,1,0,0,0,0
531,6,14.50408442,0.391021447,1,0,0,0,0,1,0,1,0,1,0,0,0,0
704,6,585.3259611,0.550523047,1,0,1,0,1,0,1,0,0,1,0,0,0,0
535,3,506.7348468,0.307579985,2,0,0,0,0,1,0,0,1,1,0,0,0,0
232,4,591.6974755,0.396964924,3,0,1,0,1,0,1,0,0,1,0,0,0,0
417,6,453.1839805,0.142192259,1,0,0,0,1,0,0,0,1,1,0,0,0,0
526,2,1896.32733,0.136449596,1,0,0,0,1,0,1,0,0,0,1,0,0,0
409,2,1758.796953,0.457314708,1,0,0,0,1,0,1,0,0,1,0,0,0,0
456,4,107.4640484,0.304700789,3,0,1,0,1,0,0,1,0,1,0,0,0,0
481,3,608.9571987,0.062933209,0,0,0,0,0,1,0,1,0,1,0,0,0,0
483,5,2566.328605,0.113674648,3,0,1,0,0,1,0,1,0,1,0,0,0,0
510,4,730.3653481,0.156565525,2,0,1,0,0,1,0,1,0,1,0,0,0,0
287,5,1294.252002,0.390606429,1,0,0,0,1,0,0,1,0,1,0,0,0,0
356,5,373.9064809,0.338226603,1,0,0,0,1,0,0,0,1,1,0,0,0,0
243,5,378.8868095,0.743080173,0,0,1,0,1,0,1,0,0,1,0,0,0,0
695,4,315.2490435,0.131425254,2,0,1,0,1,0,1,0,0,0,0,0,0,1
78,6,17.67008784,0.3187104,2,0,1,0,1,0,0,0,1,0,0,1,0,0
730,5,2070.632496,0.392497207,2,0,1,0,1,0,1,0,0,0,0,1,0,0
777,3,344.1854686,0.487255537,0,0,0,0,1,0,1,0,0,0,0,1,0,0
439,4,365.9390545,0.498117369,2,0,0,0,1,0,1,0,0,1,0,0,0,0
64,2,1140.185867,0.142544,2,0,0,0,1,0,0,1,0,0,0,0,1,0
427,2,598.7471678,0.363775799,3,0,1,0,1,0,0,1,0,1,0,0,0,0
487,4,359.5864572,0.401961551,2,0,0,0,1,0,1,0,0,0,0,0,1,0
297,2,1720.697997,0.121157697,1,0,0,0,0,1,1,0,0,0,0,1,0,0
396,7,1396.110872,0.089574697,4,0,1,0,1,0,1,0,0,1,0,0,0,0
806,5,3010.936594,0.411283496,2,0,0,0,1,0,1,0,0,0,0,1,0,0
632,5,819.5945277,0.167077951,3,0,1,0,1,0,1,0,0,0,1,0,0,0
315,4,937.1957428,0.641679023,3,0,1,0,1,0,0,1,0,0,0,0,1,0
180,6,313.8411328,0.303622738,2,0,0,0,0,1,1,0,0,0,0,1,0,0
434,3,83.91515602,0.201123036,1,0,1,0,0,1,1,0,0,0,0,1,0,0
457,2,89.56509619,0.467608035,1,1,0,0,1,0,1,0,0,0,0,0,0,1
599,2,830.6321546,0.120670767,2,1,0,0,1,0,0,0,1,1,0,0,0,0
392,4,96.17326874,0.335256142,1,0,0,1,0,0,1,0,0,0,1,0,0,0
602,4,1896.918723,0.387378771,3,0,1,0,1,0,1,0,0,1,0,0,0,0
887,2,973.5617496,0.04594638,1,1,0,0,0,1,1,0,0,0,1,0,0,0
663,7,205.1604376,0.325373839,2,0,1,0,1,0,1,0,0,0,0,1,0,0
490,3,261.9278006,0.049325515,1,0,0,0,1,0,0,1,0,1,0,0,0,0
463,5,990.2269844,0.555210114,1,1,0,0,0,1,0,0,1,1,0,0,0,0
428,3,1390.362372,0.227418802,0,0,0,0,1,0,1,0,0,1,0,0,0,0
736,3,1463.220172,0.139643272,1,0,0,0,1,0,0,1,0,1,0,0,0,0
374,4,735.089572,0.258451209,1,0,0,0,1,0,0,0,1,1,0,0,0,0
509,8,134.9545834,0.313767756,1,0,1,0,1,0,0,0,1,0,0,1,0,0
510,2,1364.580662,0.279442521,1,1,1,0,0,1,0,1,0,0,1,0,0,0
399,3,1254.803889,0.398161592,1,0,0,0,1,0,1,0,0,1,0,0,0,0
225,7,1443.183476,0.352229397,1,0,1,0,1,0,0,1,0,0,0,1,0,0
564,2,137.2608271,0.073387409,2,0,0,0,0,1,0,1,0,0,0,1,0,0
487,5,922.5166519,0.419674322,0,0,1,0,1,0,0,1,0,1,0,0,0,0
600,3,2579.994265,0.181975136,1,0,0,0,1,0,0,0,1,1,0,0,0,0
393,4,236.6376197,0.21586205,2,0,1,0,0,1,0,1,0,0,0,1,0,0
744,3,1009.078245,0.470680703,2,0,0,1,0,0,1,0,0,1,0,0,0,0
324,4,239.7145851,0.257985668,2,0,0,0,1,0,0,1,0,1,0,0,0,0
842,4,293.4915259,0.548035655,2,0,0,0,1,0,1,0,0,1,0,0,0,0
150,1,531.2872399,0.702859288,0,0,1,0,0,1,1,0,0,0,0,1,0,0
586,3,1802.685876,0.356210988,1,0,0,0,0,1,0,1,0,1,0,0,0,0
595,5,31.54321531,0.218739786,3,1,1,0,0,1,1,0,0,1,0,0,0,0
340,3,3655.943661,0.343988719,2,1,1,0,1,0,1,0,0,1,0,0,0,0
584,4,1182.998466,0.506438951,1,1,0,0,1,0,1,0,0,1,0,0,0,0
755,6,356.7533517,0.509671241,1,0,1,0,1,0,0,0,1,1,0,0,0,0
64,2,349.7630393,0.303189459,2,0,0,0,0,1,1,0,0,0,1,0,0,0
600,1,527.7408891,0.599784825,3,0,1,0,0,1,1,0,0,1,0,0,0,0
64,7,1666.621806,0.616625738,2,0,1,0,1,0,0,0,1,0,1,0,0,0
306,3,14.4638399,0.236061247,0,0,0,0,1,0,0,1,0,0,0,1,0,0
825,4,635.700461,0.204668898,3,0,1,0,1,0,1,0,0,0,0,0,1,0
383,5,46.17655221,0.324206214,1,0,0,1,0,0,0,1,0,0,0,1,0,0
265,3,98.27734002,0.438317992,3,0,1,0,1,0,1,0,0,0,1,0,0,0
460,2,938.6665931,0.119491931,2,0,0,0,1,0,0,1,0,1,0,0,0,0
913,6,213.5811479,0.319874152,1,0,0,0,1,0,1,0,0,0,0,1,0,0
133,6,33.98770512,0.333059167,0,0,0,0,1,0,1,0,0,1,0,0,0,0
289,5,143.5284272,0.165548879,1,0,0,0,1,0,1,0,0,1,0,0,0,0
799,3,187.1998984,0.691651732,0,0,1,0,0,1,1,0,0,1,0,0,0,0
871,3,1174.982859,0.696205629,2,0,1,0,0,1,0,1,0,0,0,1,0,0
479,1,784.5015659,0.168363523,0,0,0,0,1,0,0,1,0,1,0,0,0,0
252,4,1062.794828,0.281470752,3,0,1,0,1,0,0,0,1,0,1,0,0,0
919,5,369.4027228,0.151830867,1,0,0,0,0,1,0,1,0,1,0,0,0,0
818,9,96.04799771,0.400014676,1,0,1,0,1,0,1,0,0,1,0,0,0,0
635,2,1308.995631,0.244441738,3,0,1,0,1,0,0,1,0,1,0,0,0,0
337,3,121.0368559,0.570403006,2,1,1,0,0,1,0,1,0,1,0,0,0,0
490,6,385.8964905,0.326224414,1,0,0,0,0,1,0,0,1,0,1,0,0,0
467,6,243.3508374,0.293105742,1,0,1,0,0,1,0,1,0,0,0,1,0,0
566,4,281.3895575,0.155208385,2,1,1,0,1,0,1,0,0,0,0,1,0,0
790,8,736.7545537,0.135707325,1,0,1,0,1,0,1,0,0,0,0,1,0,0
675,5,143.6383916,0.55655177,1,1,0,0,1,0,0,1,0,0,0,1,0,0
284,7,472.2903866,0.340868521,1,0,1,0,1,0,1,0,0,1,0,0,0,0
775,5,814.4116077,0.486572386,0,1,0,0,0,1,1,0,0,0,0,1,0,0
562,6,1625.516446,0.072936942,1,0,0,0,1,0,0,1,0,0,1,0,0,0
637,5,371.1886434,0.493217451,2,0,1,0,0,1,1,0,0,0,0,0,0,1
793,2,306.9923826,0.228708132,2,0,0,0,1,0,1,0,0,0,0,1,0,0
277,1,366.8993452,0.068940975,1,0,0,0,1,0,1,0,0,1,0,0,0,0
492,5,555.7940748,0.049981622,1,0,0,1,0,0,0,1,0,1,0,0,0,0
393,1,300.4469498,0.42591697,0,0,0,0,1,0,0,1,0,1,0,0,0,0
186,1,230.6280061,0.364095616,0,1,0,0,1,0,1,0,0,1,0,0,0,0
569,1,376.3909554,0.22703167,1,0,0,0,1,0,1,0,0,1,0,0,0,0
1002,4,1203.447292,0.128054413,1,0,1,0,1,0,1,0,0,0,0,0,0,1
131,2,233.1537457,0.219848479,3,0,1,0,1,0,0,0,1,1,0,0,0,0
493,1,1489.554838,0.335021755,2,0,0,0,1,0,1,0,0,1,0,0,0,0
628,3,268.4974051,0.075718619,3,0,1,0,1,0,0,0,1,1,0,0,0,0
524,8,739.2101696,0.2666228,1,0,1,0,0,1,0,0,1,1,0,0,0,0
477,5,2831.713544,0.628219904,0,0,1,0,1,0,1,0,0,0,1,0,0,0
240,4,2425.798504,0.269158836,2,0,0,0,1,0,0,1,0,1,0,0,0,0
546,2,456.2241589,0.397788105,2,0,0,0,1,0,1,0,0,0,0,1,0,0
348,3,55.92243071,0.428858771,2,0,0,0,1,0,0,0,1,1,0,0,0,0
64,5,1863.379137,0.494691875,2,0,0,0,1,0,0,1,0,1,0,0,0,0
738,5,108.5787894,0.696524993,1,0,1,0,1,0,0,1,0,1,0,0,0,0
691,1,2056.886652,0.053756278,1,0,0,0,1,0,0,1,0,0,1,0,0,0
510,4,1055.299264,0.245475858,0,1,0,0,0,1,1,0,0,1,0,0,0,0
545,1,2177.384124,0.393452403,0,0,0,0,0,1,1,0,0,1,0,0,0,0
714,7,875.8360153,0.600921204,1,0,1,0,0,1,0,1,0,0,1,0,0,0
544,4,4256.888368,0.424290968,1,0,0,0,1,0,1,0,0,1,0,0,0,0
680,1,503.3896069,0.505272214,2,1,0,0,1,0,1,0,0,1,0,0,0,0
440,1,319.9302498,0.083302905,2,1,0,0,0,1,0,1,0,1,0,0,0,0
762,7,399.792442,0.281090199,2,0,1,0,1,0,0,0,1,0,0,0,1,0
564,1,344.9820207,0.471864074,3,0,1,0,0,1,0,0,1,0,0,1,0,0
538,4,409.7242528,0.189068529,2,0,1,0,1,0,0,0,1,0,0,1,0,0
245,9,1731.665711,0.23700924,1,0,1,0,1,0,0,1,0,1,0,0,0,0
557,3,717.3103655,0.112072289,1,0,0,0,0,1,0,0,1,0,0,1,0,0
333,5,1034.82024,0.592486208,0,0,0,0,0,1,0,1,0,0,1,0,0,0
372,3,271.5995021,0.1440434,2,0,0,0,0,1,1,0,0,0,0,1,0,0
336,1,3673.857122,0.689691877,2,1,1,0,0,1,1,0,0,1,0,0,0,0
286,5,263.6200506,0.102570667,1,0,0,0,1,0,0,0,1,1,0,0,0,0
924,4,138.5548153,0.294752416,3,0,1,0,1,0,0,1,0,0,0,1,0,0
766,7,1204.763833,0.279257925,1,0,1,0,0,1,0,1,0,1,0,0,0,0
884,3,1461.455154,0.178483663,1,0,0,0,1,0,1,0,0,1,0,0,0,0
255,4,400.4300048,0.118554533,1,0,0,0,1,0,1,0,0,0,0,1,0,0
514,8,623.0891755,0.434227022,0,0,1,0,1,0,0,0,1,0,1,0,0,0
241,3,427.7231323,0.256795374,4,0,1,0,1,0,0,1,0,0,0,1,0,0
360,5,278.4236029,0.468118837,1,0,1,0,1,0,0,0,1,0,1,0,0,0
316,9,1342.931928,0.124357335,3,0,1,0,1,0,1,0,0,0,0,1,0,0
747,4,1131.878061,0.448656228,2,0,0,0,0,1,1,0,0,0,0,0,1,0
420,7,531.3813584,0.268200823,3,0,1,0,0,1,1,0,0,1,0,0,0,0
713,4,486.3846899,0.31345437,2,0,1,0,1,0,1,0,0,1,0,0,0,0
620,5,158.9204691,0.125823146,2,0,0,0,1,0,1,0,0,1,0,0,0,0
960,5,811.2846291,0.303646709,3,0,1,0,1,0,0,1,0,1,0,0,0,0
204,1,2058.232533,0.084603934,2,0,0,0,1,0,1,0,0,1,0,0,0,0
751,5,1015.076176,0.211917762,1,0,1,0,1,0,0,0,1,1,0,0,0,0
729,4,564.6139768,0.069406286,2,1,0,0,1,0,0,0,1,1,0,0,0,0
305,4,31.54046685,0.285753546,1,0,0,0,1,0,1,0,0,1,0,0,0,0
701,6,2130.647084,0.364063243,1,0,0,0,1,0,0,1,0,0,0,1,0,0
567,3,294.5867182,0.163699208,3,1,1,0,1,0,0,1,0,0,0,1,0,0
454,3,285.2856953,0.382199382,3,1,1,0,1,0,1,0,0,1,0,0,0,0
335,7,507.2931199,0.395906508,1,0,1,0,1,0,0,0,1,1,0,0,0,0
356,3,448.525356,0.437961704,3,0,1,0,1,0,1,0,0,1,0,0,0,0
909,4,2623.527173,0.470641324,1,0,0,0,1,0,0,1,0,1,0,0,0,0
500,2,144.2659857,0.610902204,1,0,1,0,0,1,1,0,0,0,0,0,1,0
656,5,934.6841797,0.128746473,0,0,1,0,1,0,0,0,1,0,1,0,0,0
341,6,90.32284663,0.403588242,1,0,0,0,0,1,0,1,0,0,1,0,0,0
344,2,259.363524,0.457189423,2,0,0,0,1,0,0,0,1,1,0,0,0,0
716,5,1024.502188,0.472588814,1,1,1,0,0,1,1,0,0,1,0,0,0,0
230,3,1303.889797,0.244206388,1,0,0,0,1,0,1,0,0,0,1,0,0,0
416,4,506.2808852,0.364084715,1,1,0,0,0,1,1,0,0,1,0,0,0,0
506,6,1246.027256,0.265562405,3,0,1,0,1,0,0,0,1,0,1,0,0,0
522,1,2188.259642,0.612287057,1,0,1,0,0,1,1,0,0,0,1,0,0,0
464,3,2196.445094,0.106276892,2,0,0,0,1,0,1,0,0,1,0,0,0,0
579,4,335.4173317,0.713492027,0,0,1,0,1,0,1,0,0,0,0,0,0,1
638,6,299.3357757,0.413583689,3,0,1,0,0,1,1,0,0,0,1,0,0,0
646,4,1037.001047,0.347804391,1,0,0,0,1,0,0,0,1,1,0,0,0,0
302,3,849.2717365,0.465187281,1,1,0,0,0,1,1,0,0,0,0,1,0,0
443,5,398.4132204,0.171221676,3,0,1,0,1,0,0,1,0,1,0,0,0,0
738,3,207.7146121,0.126324858,0,1,0,0,1,0,1,0,0,1,0,0,0,0
678,4,770.7727247,0.382632252,1,0,1,0,0,1,1,0,0,1,0,0,0,0
225,1,450.0306328,0.218849128,1,0,0,0,1,0,1,0,0,0,0,1,0,0
570,5,113.3554128,0.086440661,3,0,1,0,1,0,0,1,0,0,0,1,0,0
104,3,815.6532968,0.336046695,1,0,0,0,0,1,1,0,0,1,0,0,0,0
509,2,957.0005886,0.244257562,1,0,0,0,0,1,1,0,0,1,0,0,0,0
879,4,362.3372623,0.559539413,3,0,1,0,0,1,1,0,0,1,0,0,0,0
310,4,1426.81596,0.266179101,3,0,1,0,1,0,0,1,0,0,0,1,0,0
333,4,61.22245184,0.241131124,0,0,1,0,1,0,1,0,0,0,0,0,0,1
652,1,548.0000152,0.136529924,2,0,0,0,1,0,0,0,1,0,0,1,0,0
191,2,2504.957068,0.051341495,2,0,0,0,1,0,1,0,0,0,1,0,0,0
373,8,169.0343748,0.215050137,2,0,1,0,0,1,0,0,1,0,1,0,0,0
619,2,151.3070383,0.283665399,1,0,0,0,1,0,0,1,0,0,0,0,0,1
373,9,380.7487101,0.310185418,0,0,1,0,1,0,0,1,0,1,0,0,0,0
452,2,249.6716671,0.57915943,4,0,1,0,1,0,1,0,0,0,0,1,0,0
648,1,200.3433468,0.222161707,2,0,0,0,0,1,1,0,0,0,0,0,1,0
584,1,2394.078736,0.083381754,2,0,0,0,0,1,0,1,0,0,1,0,0,0
553,2,338.3101305,0.285406365,0,0,0,0,1,0,0,1,0,1,0,0,0,0
432,6,49.36252608,0.555888255,2,0,0,0,1,0,0,1,0,1,0,0,0,0
574,2,1840.323699,0.255466586,3,1,1,0,0,1,1,0,0,1,0,0,0,0
475,5,475.7224565,0.553339721,1,0,1,0,1,0,1,0,0,1,0,0,0,0
591,1,1065.268482,0.485899601,1,0,0,0,1,0,0,1,0,1,0,0,0,0
400,4,366.266865,0.085219891,1,1,0,0,1,0,1,0,0,0,0,1,0,0
463,4,2188.777573,0.369973683,2,0,0,0,1,0,0,0,1,1,0,0,0,0
302,6,271.5174934,0.16594423,0,0,0,0,1,0,0,0,1,0,1,0,0,0
492,4,869.5841079,0.279680475,0,0,0,0,0,1,1,0,0,1,0,0,0,0
337,3,1391.386405,0.383575072,2,0,0,0,1,0,0,1,0,1,0,0,0,0
277,3,217.3764143,0.13760152,1,0,0,0,1,0,0,1,0,1,0,0,0,0
551,1,1293.616637,0.087656137,2,0,0,0,0,1,1,0,0,1,0,0,0,0
542,5,1257.236045,0.528390866,2,0,0,0,0,1,1,0,0,0,1,0,0,0
656,4,2664.373498,0.627497163,1,0,1,0,1,0,1,0,0,0,0,1,0,0
413,1,2049.208142,0.37716101,2,0,0,0,1,0,1,0,0,1,0,0,0,0
581,1,393.6145122,0.129748922,3,0,1,0,1,0,0,0,1,1,0,0,0,0
610,9,714.3401837,0.131064328,2,0,1,0,1,0,0,1,0,0,0,1,0,0
588,5,2075.359339,0.719861878,3,1,1,0,1,0,1,0,0,0,0,1,0,0
334,1,3.50821931,0.516982774,4,0,1,0,1,0,0,1,0,1,0,0,0,0
529,3,789.6928151,0.334899101,1,0,0,0,1,0,0,0,1,1,0,0,0,0
572,1,194.0277909,0.057800846,1,0,1,0,1,0,1,0,0,0,0,1,0,0
501,7,1073.871009,0.225439399,2,0,1,0,1,0,0,1,0,0,0,1,0,0
82,3,1273.552278,0.297856837,1,1,0,0,1,0,0,0,1,1,0,0,0,0
532,5,998.5048337,0.281666732,2,0,0,0,1,0,0,0,1,1,0,0,0,0
942,4,4432.923248,0.209740148,1,0,1,0,1,0,0,1,0,0,0,0,0,1
427,6,521.9998746,0.442968118,2,0,1,0,1,0,0,0,1,1,0,0,0,0
354,6,659.234512,0.190743366,1,0,0,0,1,0,1,0,0,0,1,0,0,0
574,4,420.7411523,0.375772608,1,0,0,0,1,0,1,0,0,1,0,0,0,0
562,3,2919.208827,0.645049971,2,0,1,0,1,0,1,0,0,0,1,0,0,0
738,3,2048.632464,0.193190365,1,1,0,0,1,0,1,0,0,0,0,1,0,0
248,5,3452.199307,0.308414564,1,0,0,0,0,1,1,0,0,1,0,0,0,0
646,3,3353.982482,0.342924369,2,0,1,1,0,0,0,0,1,0,0,0,1,0
618,3,1806.5238,0.352040294,2,0,1,0,1,0,0,0,1,0,1,0,0,0
471,3,2137.500314,0.22418272,1,0,0,0,0,1,1,0,0,1,0,0,0,0
567,1,102.1586798,0.489002987,2,0,0,0,1,0,0,0,1,0,0,1,0,0
705,2,152.4714261,0.332523043,1,0,0,0,1,0,1,0,0,1,0,0,0,0
674,7,1731.564492,0.098006639,2,0,1,1,0,0,1,0,0,1,0,0,0,0
271,4,1038.042274,0.435330186,2,0,1,0,1,0,0,1,0,1,0,0,0,0
664,1,1663.480992,0.485758978,1,1,1,0,1,0,1,0,0,1,0,0,0,0
487,2,1175.857361,0.471239934,3,0,1,0,1,0,1,0,0,1,0,0,0,0
514,4,120.271013,0.491359641,2,0,0,0,1,0,0,0,1,1,0,0,0,0
514,5,1986.956654,0.37015433,1,0,0,0,1,0,0,1,0,1,0,0,0,0
469,1,1180.025359,0.122327862,1,0,0,0,1,0,0,1,0,1,0,0,0,0
738,5,676.6773665,0.16660546,1,0,0,0,1,0,0,0,1,1,0,0,0,0
483,4,608.047891,0.294795035,0,0,0,0,1,0,0,0,1,0,1,0,0,0
276,4,682.2747618,0.138899816,2,0,0,0,1,0,1,0,0,0,0,1,0,0
421,7,395.9840551,0.37917585,0,0,1,1,0,0,1,0,0,0,1,0,0,0
535,1,1300.532455,0.064567637,3,0,1,0,0,1,1,0,0,1,0,0,0,0
745,6,1917.670486,0.051578636,2,0,1,0,1,0,1,0,0,0,0,1,0,0
620,3,233.2610722,0.520962846,0,0,0,0,1,0,0,0,1,1,0,0,0,0
329,3,31.03192069,0.272121603,2,1,0,0,0,1,0,0,1,0,0,1,0,0
997,2,181.4476142,0.304870298,3,0,1,0,1,0,1,0,0,0,0,0,1,0
552,9,1132.870717,0.490536908,1,0,1,0,1,0,0,0,1,1,0,0,0,0
755,7,1622.39701,0.333506687,1,0,1,0,1,0,1,0,0,0,0,1,0,0
469,6,342.8627553,0.838599803,3,1,1,0,0,1,0,1,0,1,0,0,0,0
606,4,132.264907,0.723358601,1,0,1,0,1,0,1,0,0,1,0,0,0,0
667,3,1564.557001,0.147902068,1,0,1,0,1,0,1,0,0,0,0,0,0,1
743,2,193.2933649,0.48718085,3,0,1,0,1,0,0,1,0,1,0,0,0,0
711,7,221.5247406,0.122109021,0,0,1,0,1,0,0,1,0,0,1,0,0,0
674,4,77.74862758,0.182702352,3,0,1,0,1,0,1,0,0,0,1,0,0,0
436,5,1929.24365,0.404791879,3,0,1,0,1,0,0,0,1,0,0,1,0,0
385,4,316.4791602,0.28022921,0,0,0,0,1,0,0,0,1,1,0,0,0,0
566,3,150.840432,0.264906774,2,0,0,0,1,0,1,0,0,0,1,0,0,0
686,8,2457.139537,0.103267852,1,0,1,0,1,0,0,1,0,1,0,0,0,0
455,3,327.0009054,0.346397488,2,0,1,0,0,1,1,0,0,0,1,0,0,0
713,3,1101.030389,0.047856285,2,0,0,0,0,1,1,0,0,1,0,0,0,0
790,6,209.5029182,0.335299023,2,0,0,0,1,0,0,0,1,0,0,1,0,0
316,5,1038.116402,0.53607552,2,1,0,0,1,0,1,0,0,1,0,0,0,0
332,5,211.3414335,0.192467819,2,0,0,0,1,0,0,0,1,1,0,0,0,0
471,5,812.3144371,0.492514436,2,0,1,0,1,0,1,0,0,1,0,0,0,0
561,2,465.0886477,0.309319926,2,0,0,0,0,1,1,0,0,0,0,1,0,0
395,5,1282.437858,0.294832508,1,0,0,0,1,0,0,0,1,0,0,0,1,0
770,3,1048.272487,0.421856189,1,0,0,0,1,0,1,0,0,0,0,0,1,0
584,5,2192.693759,0.380343321,2,0,0,0,0,1,0,1,0,0,0,1,0,0
507,7,378.0821579,0.323240768,1,0,1,0,0,1,0,1,0,1,0,0,0,0
212,3,1123.02958,0.278532333,1,0,1,0,1,0,1,0,0,1,0,0,0,0
236,4,2774.986726,0.385262562,2,0,1,0,1,0,0,1,0,0,0,1,0,0
556,7,327.9509127,0.480824143,4,1,1,0,1,0,1,0,0,1,0,0,0,0
73,4,273.9970289,0.309991711,2,1,0,0,0,1,0,1,0,1,0,0,0,0
702,5,1172.445959,0.252290977,2,0,1,0,0,1,0,1,0,1,0,0,0,0
468,2,471.7816563,0.208883518,2,0,0,0,1,0,1,0,0,1,0,0,0,0
1148,2,406.8648683,0.223140115,2,0,1,0,1,0,0,1,0,1,0,0,0,0
961,1,631.0439613,0.216757247,1,0,0,0,1,0,0,0,1,0,0,1,0,0
463,8,2193.253394,0.129497704,0,0,1,0,1,0,0,1,0,1,0,0,0,0
478,4,70.06029604,0.474263819,2,0,0,0,1,0,1,0,0,1,0,0,0,0
699,5,501.4170745,0.273349951,1,0,0,0,1,0,0,1,0,1,0,0,0,0
840,3,93.35382712,0.502549808,0,0,0,0,1,0,0,1,0,0,1,0,0,0
172,6,1720.482391,0.333449068,1,1,0,0,0,1,0,1,0,0,1,0,0,0
142,4,117.5955693,0.152295293,1,0,0,0,1,0,0,1,0,0,1,0,0,0
375,1,75.18782742,0.483280314,1,0,0,0,1,0,0,1,0,1,0,0,0,0
616,4,2653.949752,0.624700918,0,0,1,0,1,0,0,1,0,0,0,0,1,0
599,3,662.885541,0.419922484,1,1,0,0,0,1,0,0,1,0,1,0,0,0
713,3,1398.467864,0.13760931,0,0,0,0,1,0,0,1,0,1,0,0,0,0
260,7,508.2903086,0.457533639,2,0,1,0,0,1,1,0,0,1,0,0,0,0
64,3,457.6529698,0.469946372,2,0,0,0,1,0,1,0,0,1,0,0,0,0
671,3,1940.794975,0.161322976,2,0,0,0,0,1,1,0,0,1,0,0,0,0
334,5,3674.006136,0.246251718,2,1,1,0,0,1,1,0,0,1,0,0,0,0
96,8,770.9823993,0.256574398,0,0,1,0,1,0,1,0,0,1,0,0,0,0
529,5,2002.668409,0.626901476,2,0,1,0,0,1,0,0,1,1,0,0,0,0
658,1,1588.578011,0.260813059,2,0,0,0,1,0,0,1,0,1,0,0,0,0
475,8,628.2273239,0.171295315,1,1,1,0,1,0,1,0,0,1,0,0,0,0
408,7,2265.581532,0.081848182,2,0,1,0,1,0,1,0,0,1,0,0,0,0
468,4,188.634742,0.183153401,2,0,1,0,1,0,1,0,0,0,0,1,0,0
425,4,1729.181445,0.348823652,1,0,0,0,0,1,1,0,0,1,0,0,0,0
230,2,296.1051027,0.130047007,4,1,1,0,0,1,0,1,0,1,0,0,0,0
357,7,24.79267774,0.246389367,0,0,1,0,1,0,0,1,0,0,1,0,0,0
604,2,1237.499406,0.708403264,0,0,1,0,1,0,0,0,1,1,0,0,0,0
564,6,2127.608252,0.769318468,1,0,1,0,1,0,1,0,0,0,0,1,0,0
533,3,195.4758614,0.39816247,2,1,0,0,1,0,1,0,0,1,0,0,0,0
300,3,611.0026605,0.189105749,3,1,1,0,1,0,0,1,0,0,1,0,0,0
463,6,1106.947644,0.416170319,3,0,1,0,0,1,0,0,1,1,0,0,0,0
64,4,322.3230185,0.370060881,3,1,1,0,1,0,0,1,0,0,0,1,0,0
535,1,127.1200152,0.15510002,3,0,1,0,1,0,1,0,0,1,0,0,0,0
785,6,398.3881946,0.21146425,3,0,1,0,0,1,1,0,0,1,0,0,0,0
205,5,487.8836006,0.521871817,2,0,0,0,1,0,1,0,0,1,0,0,0,0
382,9,1084.5219,0.672595377,2,1,1,0,1,0,0,0,1,1,0,0,0,0
565,6,177.1997852,0.369106941,0,0,0,0,1,0,0,1,0,0,1,0,0,0
750,3,1350.404873,0.088311838,0,0,1,0,1,0,1,0,0,1,0,0,0,0
410,1,558.0119398,0.526967255,3,0,1,1,0,0,0,1,0,0,0,0,1,0
361,4,1873.813825,0.097990453,1,0,0,0,1,0,1,0,0,0,0,0,1,0
106,3,667.3740982,0.61419025,1,0,1,0,1,0,0,1,0,1,0,0,0,0
520,7,473.7074795,0.486399481,1,0,1,0,1,0,1,0,0,1,0,0,0,0
908,4,270.3875873,0.179410707,1,0,0,0,1,0,0,0,1,0,1,0,0,0
555,3,89.85654803,0.358612308,2,0,0,0,0,1,0,0,1,1,0,0,0,0
495,3,371.7942243,0.048917858,3,1,1,0,0,1,0,0,1,1,0,0,0,0
564,3,427.0342285,0.401165628,1,0,0,0,0,1,1,0,0,0,1,0,0,0
497,11,671.9952961,0.677967571,2,0,1,0,1,0,0,0,1,1,0,0,0,0
337,6,1572.040233,0.127092871,2,0,0,0,1,0,1,0,0,1,0,0,0,0
664,5,498.620816,0.598784463,1,0,0,0,1,0,0,0,1,0,1,0,0,0
545,2,301.8339971,0.372951188,1,0,1,0,1,0,1,0,0,1,0,0,0,0
503,3,1652.485268,0.83320831,2,0,1,0,1,0,1,0,0,0,0,0,1,0
304,9,1059.160712,0.30269912,2,0,1,0,1,0,0,0,1,0,0,1,0,0
760,5,293.4144648,0.391758384,1,0,1,0,0,1,1,0,0,0,0,1,0,0
632,6,146.125161,0.074332687,1,0,1,0,1,0,0,1,0,0,0,0,0,1
389,6,275.1507253,0.535126766,1,0,0,0,1,0,1,0,0,1,0,0,0,0
700,5,105.5804748,0.395579988,2,0,0,0,1,0,0,1,0,1,0,0,0,0
400,2,1869.876542,0.200740888,3,0,1,0,1,0,0,1,0,0,0,1,0,0
343,3,756.8369973,0.697481937,1,0,1,0,1,0,0,1,0,1,0,0,0,0
348,1,1593.218064,0.329553649,2,0,0,0,1,0,1,0,0,1,0,0,0,0
145,3,1373.444228,0.151958125,2,0,0,0,1,0,0,0,1,0,0,1,0,0
594,3,133.0662073,0.252844418,3,1,1,0,1,0,1,0,0,1,0,0,0,0
133,5,468.1538484,0.184479584,2,0,0,0,0,1,1,0,0,1,0,0,0,0
254,3,2862.253921,0.137291026,0,0,0,0,1,0,1,0,0,1,0,0,0,0
84,5,213.0436883,0.155357811,0,0,1,0,1,0,0,0,1,0,0,1,0,0
482,4,41.23583959,0.476014833,2,0,0,0,1,0,1,0,0,1,0,0,0,0
469,3,339.7307552,0.567737173,2,0,0,0,1,0,0,0,1,1,0,0,0,0
434,1,572.2255768,0.321638569,3,0,1,0,0,1,0,0,1,1,0,0,0,0
291,2,45.99943874,0.042501697,2,0,1,0,1,0,1,0,0,1,0,0,0,0
265,5,445.0403155,0.099238768,2,0,0,0,1,0,0,0,1,1,0,0,0,0
592,3,233.7941424,0.069533953,2,0,0,0,0,1,1,0,0,0,1,0,0,0
389,4,190.7255125,0.472813242,2,0,0,0,1,0,1,0,0,0,0,1,0,0
563,4,245.1191921,0.239523559,3,0,1,0,1,0,0,1,0,0,0,0,1,0
322,2,89.10174977,0.241551519,1,0,0,0,1,0,0,1,0,1,0,0,0,0
536,4,63.79567614,0.688295866,1,0,1,0,1,0,1,0,0,1,0,0,0,0
760,4,724.7664012,0.344980687,1,0,0,0,0,1,0,1,0,0,1,0,0,0
617,1,2362.609179,0.21358608,0,0,0,0,1,0,1,0,0,0,0,0,0,1
417,1,1306.738901,0.081686806,2,0,0,0,1,0,1,0,0,0,1,0,0,0
551,3,1436.125721,0.251513501,2,0,0,0,1,0,0,1,0,1,0,0,0,0
451,3,1062.666744,0.423857164,1,0,0,0,1,0,0,1,0,0,0,0,0,1
501,1,2498.539939,0.208031973,2,0,0,0,1,0,1,0,0,1,0,0,0,0
434,2,2405.442338,0.552592027,1,0,0,0,1,0,0,1,0,1,0,0,0,0
467,5,1205.155358,0.426530898,2,1,0,0,1,0,1,0,0,0,0,1,0,0
542,2,1006.873463,0.315442047,3,0,1,0,1,0,0,1,0,1,0,0,0,0
301,1,291.3965571,0.275377607,2,1,0,0,0,1,1,0,0,1,0,0,0,0
296,3,76.47460134,0.115221981,4,0,1,0,1,0,1,0,0,0,1,0,0,0
222,3,77.97382086,0.317151652,2,0,0,0,1,0,0,0,1,0,1,0,0,0
179,5,1066.236472,0.134975179,1,0,0,0,1,0,0,1,0,0,1,0,0,0
256,5,23.02734316,0.191935304,2,0,0,0,0,1,1,0,0,1,0,0,0,0
531,5,1356.036942,0.843948654,0,1,1,0,0,1,0,0,1,1,0,0,0,0
321,2,365.1664834,0.455008197,3,0,1,0,0,1,1,0,0,0,1,0,0,0
602,4,170.6343219,0.744602646,2,0,1,0,1,0,1,0,0,0,1,0,0,0
506,9,418.8430337,0.257639997,1,0,1,0,0,1,0,1,0,0,0,0,1,0
106,2,971.952121,0.566462316,3,0,1,0,1,0,1,0,0,0,0,1,0,0
630,2,257.3889654,0.18931338,0,0,0,0,1,0,0,0,1,1,0,0,0,0
662,3,152.5588774,0.672219786,2,0,1,0,1,0,1,0,0,1,0,0,0,0
301,2,1071.175346,0.675584397,2,0,1,0,0,1,1,0,0,1,0,0,0,0
584,4,1700.765803,0.494583751,2,0,0,0,0,1,1,0,0,1,0,0,0,0
328,8,704.6323146,0.124596005,0,0,1,0,0,1,0,0,1,0,0,1,0,0
519,4,593.627256,0.64997895,1,0,1,0,0,1,0,0,1,1,0,0,0,0
247,2,1124.791066,0.385143368,3,0,1,0,1,0,0,0,1,1,0,0,0,0
141,2,1055.346913,0.135216302,1,0,0,0,1,0,1,0,0,1,0,0,0,0
423,3,5.038555681,0.255110025,1,1,0,0,1,0,0,1,0,1,0,0,0,0
475,6,264.8553262,0.302217918,4,0,1,0,0,1,1,0,0,1,0,0,0,0
420,4,2150.750912,0.740125928,2,0,1,0,1,0,1,0,0,1,0,0,0,0
263,3,2579.154253,0.392027444,2,0,0,0,0,1,1,0,0,0,1,0,0,0
420,2,571.1488755,0.17768603,2,0,0,0,1,0,0,1,0,1,0,0,0,0
553,1,656.9481224,0.122391022,1,0,0,0,1,0,1,0,0,0,0,0,0,1
491,1,0.525389651,0.115818362,2,0,0,0,1,0,0,1,0,0,0,0,1,0
536,4,892.6230736,0.393974946,0,1,0,0,1,0,0,0,1,0,0,1,0,0
365,3,191.0483585,0.46770241,1,0,0,0,0,1,1,0,0,0,1,0,0,0
734,7,109.4918505,0.537309846,1,1,1,0,1,0,1,0,0,1,0,0,0,0
264,8,290.7112379,0.07735815,0,0,1,0,1,0,1,0,0,0,1,0,0,0
597,3,874.6423802,0.576370685,1,0,0,0,1,0,0,0,1,1,0,0,0,0
736,5,458.6338287,0.041876563,2,1,0,0,1,0,0,1,0,0,1,0,0,0
596,5,343.4681405,0.157414578,1,0,0,0,1,0,0,1,0,1,0,0,0,0
459,1,1038.063486,0.26499704,0,0,0,0,1,0,0,1,0,0,0,1,0,0
394,3,1344.403874,0.47857915,2,0,0,0,0,1,0,1,0,0,1,0,0,0
707,4,1627.283767,0.397260785,1,0,0,0,1,0,0,1,0,1,0,0,0,0
215,4,470.6735103,0.615639118,5,0,1,0,1,0,1,0,0,1,0,0,0,0
305,1,1012.19055,0.668626158,3,0,1,0,1,0,0,1,0,1,0,0,0,0
420,3,1731.744443,0.06701253,1,1,0,0,1,0,0,0,1,0,1,0,0,0
747,5,1916.694175,0.056664887,1,0,1,0,1,0,0,1,0,0,0,0,0,1
575,2,542.010246,0.391315093,0,0,0,0,1,0,0,0,1,0,0,1,0,0
306,3,351.2091114,0.137670644,0,0,0,0,1,0,1,0,0,1,0,0,0,0
437,4,1843.558031,0.126162034,2,0,0,0,1,0,1,0,0,1,0,0,0,0
377,3,242.432023,0.415144933,1,0,0,0,1,0,1,0,0,1,0,0,0,0
358,4,1275.038451,0.609682965,1,0,1,0,0,1,1,0,0,1,0,0,0,0
695,6,1914.488524,0.480342469,2,0,1,0,0,1,0,1,0,0,1,0,0,0
225,3,1076.794154,0.51959414,1,0,1,0,1,0,0,0,1,0,1,0,0,0
821,5,911.1979115,0.316734718,1,0,0,0,1,0,1,0,0,0,1,0,0,0
665,5,41.60507866,0.051425087,0,0,0,0,1,0,0,0,1,1,0,0,0,0
718,2,181.9953912,0.278502728,1,0,0,0,1,0,0,0,1,1,0,0,0,0
407,3,878.6569643,0.344269694,0,0,0,0,0,1,0,0,1,1,0,0,0,0
470,4,1230.421902,0.107542868,1,0,0,0,0,1,1,0,0,1,0,0,0,0
213,5,52.39147571,0.554390064,2,1,1,0,1,0,1,0,0,0,0,1,0,0
395,3,15.39474118,0.554202041,1,0,0,0,1,0,1,0,0,0,0,0,1,0
598,4,298.606579,0.379218002,1,0,0,0,1,0,1,0,0,0,0,1,0,0
759,5,828.4087588,0.041112736,2,1,1,0,1,0,1,0,0,0,0,0,1,0
278,8,574.0218081,0.191372415,2,0,1,0,0,1,0,0,1,0,1,0,0,0
426,2,6.715560581,0.655233607,1,0,1,0,1,0,0,1,0,1,0,0,0,0
469,1,131.5339194,0.375342515,0,0,0,0,1,0,1,0,0,1,0,0,0,0
220,3,1116.109407,0.194222673,1,0,0,0,1,0,0,0,1,1,0,0,0,0
618,5,282.6720715,0.503908454,1,0,0,0,1,0,1,0,0,1,0,0,0,0
355,5,99.71505101,0.491964986,0,0,0,0,1,0,0,0,1,1,0,0,0,0
460,2,41.76206161,0.347069095,3,0,1,0,1,0,1,0,0,1,0,0,0,0
409,5,1520.057983,0.418231408,1,1,1,0,1,0,0,1,0,1,0,0,0,0
342,7,510.4212901,0.325688362,0,0,1,0,0,1,0,1,0,0,1,0,0,0
498,5,560.4253374,0.411406624,3,0,1,0,0,1,0,1,0,1,0,0,0,0
456,3,50.64263099,0.370396706,1,0,0,0,1,0,0,1,0,1,0,0,0,0
425,7,536.4511698,0.581501368,2,0,1,0,0,1,1,0,0,1,0,0,0,0
354,2,830.2542118,0.282510203,1,0,0,0,1,0,1,0,0,0,0,1,0,0
563,3,104.8149756,0.280541157,2,0,0,0,0,1,0,0,1,0,1,0,0,0
830,2,1862.451251,0.187697986,1,0,0,0,0,1,1,0,0,1,0,0,0,0
527,3,1223.57022,0.19807043,1,0,1,0,1,0,0,0,1,1,0,0,0,0
699,5,1295.126423,0.633801366,1,0,1,0,0,1,0,1,0,1,0,0,0,0
221,2,615.2162082,0.020159291,1,0,0,0,1,0,0,1,0,0,0,1,0,0
531,2,325.0786556,0.091417142,2,1,0,0,1,0,0,0,1,1,0,0,0,0
280,2,818.3265681,0.120683058,2,0,0,0,1,0,0,1,0,1,0,0,0,0
204,5,204.2959793,0.385465239,1,0,0,0,0,1,0,1,0,1,0,0,0,0
352,5,117.7656103,0.552157362,2,0,0,0,0,1,0,0,1,1,0,0,0,0
738,2,618.3250145,0.134616394,0,0,0,0,1,0,1,0,0,1,0,0,0,0
690,7,521.0304043,0.479358833,0,0,1,0,1,0,0,0,1,1,0,0,0,0
548,7,130.2809719,0.387230158,0,0,1,0,1,0,1,0,0,0,0,1,0,0
193,3,604.705806,0.439854829,1,0,0,1,0,0,0,1,0,1,0,0,0,0
460,6,632.5520376,0.273748601,1,0,0,0,1,0,0,0,1,0,0,1,0,0
560,4,1641.553092,0.298152559,1,1,0,0,0,1,0,1,0,1,0,0,0,0
535,4,1139.064263,0.318752127,1,0,0,0,1,0,1,0,0,0,1,0,0,0
131,9,196.2762211,0.373993102,2,0,1,0,1,0,1,0,0,1,0,0,0,0
321,7,1362.700124,0.257582059,2,0,1,0,1,0,1,0,0,0,0,1,0,0
487,5,2779.380014,0.133544047,1,0,0,1,0,0,0,1,0,0,1,0,0,0
607,3,1008.771845,0.370155032,3,0,1,0,1,0,0,1,0,0,0,0,1,0
64,6,1237.182351,0.325351706,2,0,1,0,0,1,0,1,0,0,0,0,1,0
467,4,247.8655986,0.447028934,3,1,1,0,1,0,0,0,1,0,0,0,1,0
528,1,3852.964786,0.37945686,1,0,0,0,1,0,1,0,0,0,1,0,0,0
669,3,155.2509419,0.417890414,1,0,0,0,0,1,1,0,0,0,1,0,0,0
638,1,1111.792471,0.058501266,2,1,0,0,0,1,1,0,0,1,0,0,0,0
616,2,402.3114892,0.253883516,1,0,1,0,0,1,1,0,0,1,0,0,0,0
340,5,353.1255578,0.320245416,1,0,0,0,1,0,1,0,0,1,0,0,0,0
118,9,268.5563679,0.442167865,0,1,1,0,1,0,1,0,0,1,0,0,0,0
421,4,465.3716575,0.449133038,1,0,0,0,1,0,0,1,0,0,1,0,0,0
700,3,1251.856977,0.12841659,2,0,0,0,1,0,1,0,0,0,0,0,0,1
778,4,2263.802559,0.592941184,2,1,0,1,0,0,1,0,0,1,0,0,0,0
642,5,430.6098644,0.542214731,3,0,1,0,1,0,0,1,0,1,0,0,0,0
585,4,843.687747,0.223097806,1,1,0,0,1,0,0,0,1,1,0,0,0,0
575,6,1241.781474,0.323517985,1,0,0,0,1,0,0,1,0,1,0,0,0,0
388,4,84.05393015,0.418592207,2,0,0,0,1,0,1,0,0,0,0,1,0,0
473,3,2586.048562,0.287196265,2,0,0,0,1,0,1,0,0,1,0,0,0,0
833,7,190.2337209,0.057285547,3,1,1,0,1,0,1,0,0,0,0,0,0,1
311,5,1972.829949,0.110792967,1,0,0,0,1,0,1,0,0,0,0,1,0,0
822,2,3450.170489,0.148539142,2,0,0,0,1,0,0,0,1,0,0,0,0,1
435,4,84.64814352,0.707995719,1,0,1,1,0,0,0,0,1,1,0,0,0,0
765,3,1786.053838,0.590235365,3,1,1,0,1,0,1,0,0,0,0,1,0,0
218,2,819.3441623,0.123050169,1,0,0,0,1,0,0,0,1,0,0,0,0,1
617,6,1362.6769,0.135980322,2,0,0,1,0,0,0,1,0,1,0,0,0,0
352,3,92.41636861,0.378061551,1,0,0,0,0,1,0,0,1,1,0,0,0,0
216,2,1437.87755,0.257488172,1,0,0,1,0,0,0,1,0,0,0,1,0,0
543,3,786.8729975,0.416325162,1,0,1,1,0,0,1,0,0,0,1,0,0,0
701,5,571.6906966,0.210557162,2,0,0,0,1,0,1,0,0,0,1,0,0,0
331,5,656.8438623,0.132178721,0,0,0,0,1,0,1,0,0,0,0,1,0,0
200,7,1091.52511,0.113371919,3,0,1,0,1,0,0,1,0,0,0,0,0,1
481,3,282.643623,0.343321702,1,0,1,0,1,0,0,0,1,0,0,1,0,0
482,1,2298.489541,0.501756663,5,0,1,0,0,1,0,1,0,1,0,0,0,0
609,3,294.1154208,0.350766043,2,0,0,0,1,0,1,0,0,0,0,1,0,0
689,1,1676.978197,0.20230892,1,0,0,0,0,1,0,1,0,1,0,0,0,0
488,5,9.748348305,0.203955943,1,0,1,0,0,1,1,0,0,1,0,0,0,0
871,4,1986.135953,0.327667829,2,0,0,0,1,0,0,0,1,1,0,0,0,0
544,5,1526.155597,0.084236815,0,1,0,0,0,1,1,0,0,0,0,1,0,0
430,7,106.0761371,0.55838735,2,0,1,0,1,0,0,1,0,0,1,0,0,0
177,5,1068.246599,0.455713378,2,0,0,0,1,0,1,0,0,1,0,0,0,0
447,9,374.8710095,0.415101105,1,0,1,0,0,1,1,0,0,0,1,0,0,0
432,3,522.8001202,0.323957621,2,0,0,0,1,0,0,1,0,0,0,0,0,1
692,2,56.84735178,0.20876773,3,1,1,0,0,1,0,1,0,0,0,1,0,0
592,3,191.1884935,0.498453999,3,0,1,0,1,0,1,0,0,0,0,1,0,0
264,7,2457.158749,0.107012725,3,0,1,0,1,0,0,1,0,1,0,0,0,0
534,1,432.9598089,0.237344865,1,1,0,0,0,1,1,0,0,1,0,0,0,0
634,8,21.10010624,0.414524814,2,0,1,0,1,0,0,0,1,0,0,1,0,0
805,4,579.0139607,0.083041367,1,1,0,0,1,0,0,1,0,1,0,0,0,0
677,1,4191.908002,0.666409783,3,0,1,0,1,0,1,0,0,1,0,0,0,0
652,5,323.7570752,0.282692424,0,0,0,0,0,1,1,0,0,0,0,1,0,0
512,4,121.7880048,0.740818456,1,0,1,0,1,0,1,0,0,0,0,0,0,1
577,2,825.2567365,0.401210822,1,0,0,0,0,1,1,0,0,0,0,1,0,0
749,7,2018.828253,0.327213472,1,0,1,0,1,0,0,1,0,0,1,0,0,0
233,6,1568.044597,0.394314503,2,0,0,0,1,0,1,0,0,1,0,0,0,0
430,3,855.99075,0.43687035,1,0,0,0,0,1,1,0,0,1,0,0,0,0
345,6,162.8173166,0.016878996,3,0,1,0,1,0,1,0,0,1,0,0,0,0
575,4,1227.315441,0.174369601,2,0,0,0,1,0,0,1,0,0,0,1,0,0
746,9,1386.288252,0.366621707,2,0,1,0,0,1,0,1,0,1,0,0,0,0
380,4,1515.287779,0.320332459,1,0,0,0,0,1,0,1,0,1,0,0,0,0
64,3,413.9329116,0.545724298,1,0,0,0,1,0,0,0,1,0,0,1,0,0
417,1,420.5604944,0.314231922,3,1,1,0,1,0,1,0,0,1,0,0,0,0
682,3,134.883674,0.38879459,1,0,1,0,0,1,1,0,0,1,0,0,0,0
607,4,1185.141054,0.409360468,2,0,0,0,0,1,0,0,1,1,0,0,0,0
585,4,1069.169434,0.288806753,1,0,0,0,0,1,1,0,0,0,0,1,0,0
444,2,84.06596705,0.30219259,2,0,0,0,1,0,0,0,1,0,0,1,0,0
244,3,16.27174149,0.115996807,1,0,0,1,0,0,1,0,0,0,1,0,0,0
603,3,2424.589081,0.585732818,4,1,1,0,1,0,0,1,0,1,0,0,0,0
333,1,13.93539749,0.167560895,1,0,1,0,1,0,1,0,0,0,1,0,0,0
936,4,792.377616,0.581378248,1,1,1,0,1,0,0,0,1,0,0,1,0,0
614,1,483.5839505,0.411252619,0,0,1,0,1,0,0,1,0,0,0,1,0,0
383,8,1201.951546,0.396689037,3,0,1,0,1,0,1,0,0,1,0,0,0,0
377,2,73.45431724,0.198677659,2,0,0,0,1,0,0,1,0,1,0,0,0,0
481,5,917.5035314,0.087665452,1,1,1,0,1,0,1,0,0,0,0,0,0,1
452,1,763.4901908,0.683898163,1,0,1,0,1,0,1,0,0,0,1,0,0,0
723,4,1537.098316,0.086194859,1,0,0,0,1,0,1,0,0,0,1,0,0,0
537,4,584.754231,0.339982155,1,0,0,0,1,0,1,0,0,0,0,0,1,0
353,4,1042.422096,0.533580231,1,0,1,0,1,0,0,1,0,0,0,0,0,1
878,3,460.4094578,0.332384845,2,1,0,0,1,0,0,0,1,1,0,0,0,0
509,3,3307.060468,0.052744269,3,0,1,0,1,0,0,1,0,1,0,0,0,0
653,5,655.7143694,0.295755111,1,0,0,0,1,0,0,1,0,0,0,1,0,0
378,7,1120.441769,0.144351316,1,0,1,1,0,0,0,1,0,0,1,0,0,0
572,7,78.03306207,0.229509391,0,0,1,0,0,1,0,0,1,0,0,1,0,0
562,5,497.0422205,0.250183106,1,0,0,0,0,1,1,0,0,0,0,1,0,0
122,6,53.28601053,0.159629697,1,1,0,0,1,0,0,1,0,1,0,0,0,0
903,2,103.8236455,0.813390645,1,0,1,0,1,0,1,0,0,1,0,0,0,0
758,1,564.3950794,0.310337237,0,0,0,0,1,0,0,1,0,1,0,0,0,0
420,5,347.4680847,0.279423318,0,0,0,0,0,1,1,0,0,1,0,0,0,0
279,3,492.686757,0.280981367,1,1,0,0,1,0,1,0,0,1,0,0,0,0
569,6,548.3721108,0.118394091,2,0,0,0,1,0,1,0,0,1,0,0,0,0
517,1,139.2448437,0.508126612,1,0,0,0,1,0,0,0,1,1,0,0,0,0
571,5,364.3523656,0.164547607,2,0,0,0,1,0,1,0,0,1,0,0,0,0
538,3,1576.311982,0.300658541,2,0,0,1,0,0,0,1,0,1,0,0,0,0
601,4,1553.755132,0.416831483,2,0,0,0,0,1,0,0,1,0,0,1,0,0
789,5,539.6440509,0.533426784,0,1,0,0,0,1,1,0,0,1,0,0,0,0
613,3,1106.307558,0.5509416,2,0,0,0,1,0,0,1,0,1,0,0,0,0
290,3,1120.485729,0.317831171,1,0,0,0,0,1,1,0,0,0,0,1,0,0
772,3,36.087237,0.379793969,3,0,1,0,1,0,0,1,0,0,1,0,0,0
828,5,755.1170404,0.187420834,3,0,1,0,0,1,0,0,1,1,0,0,0,0
1130,5,1305.864637,0.08832166,1,0,0,0,1,0,1,0,0,1,0,0,0,0
275,2,721.0649528,0.2835275,2,0,0,0,1,0,1,0,0,1,0,0,0,0
548,4,623.9281144,0.643537948,1,1,1,0,1,0,1,0,0,0,0,1,0,0
83,5,606.0900449,0.476064757,1,0,0,0,1,0,1,0,0,0,1,0,0,0
610,11,567.3386256,0.193986085,4,0,1,0,0,1,0,1,0,1,0,0,0,0
390,4,1205.17364,0.170848438,1,0,0,1,0,0,0,0,1,0,0,0,1,0
884,1,822.7443918,0.264246252,2,0,0,0,1,0,1,0,0,1,0,0,0,0
345,5,194.1698847,0.381912358,2,1,0,0,1,0,1,0,0,1,0,0,0,0
162,4,454.4082697,0.325617785,3,0,1,0,1,0,1,0,0,0,0,0,0,1
405,1,601.6814837,0.397822873,0,0,0,0,0,1,0,0,1,0,1,0,0,0
104,9,434.3359542,0.152087863,3,0,1,0,1,0,1,0,0,1,0,0,0,0
650,1,217.007738,0.473549018,2,0,0,0,1,0,1,0,0,0,0,1,0,0
86,7,106.5880893,0.442360278,4,0,1,0,1,0,0,1,0,1,0,0,0,0
505,2,99.82708056,0.33292631,2,0,1,0,1,0,1,0,0,1,0,0,0,0
84,5,281.1087681,0.33430539,2,0,0,0,0,1,1,0,0,0,0,0,1,0
435,2,412.2085594,0.45678489,1,0,0,0,1,0,1,0,0,0,0,1,0,0
828,3,918.774079,0.338092826,1,0,0,0,1,0,0,0,1,0,0,1,0,0
572,4,3355.346907,0.401996722,2,0,0,0,0,1,1,0,0,0,1,0,0,0
327,3,1821.190375,0.841181321,1,0,1,0,1,0,1,0,0,0,0,1,0,0
493,4,1344.308075,0.251343255,3,0,1,0,1,0,0,1,0,1,0,0,0,0
503,5,1344.472507,0.221162754,2,0,0,0,1,0,1,0,0,1,0,0,0,0
594,2,725.2009788,0.382629444,1,1,0,0,1,0,0,1,0,0,0,0,0,1
226,5,233.0947442,0.555339812,3,1,1,0,1,0,1,0,0,0,1,0,0,0
618,8,510.8366095,0.457965967,1,1,1,1,0,0,1,0,0,0,0,0,0,1
64,4,123.0376726,0.435937118,2,0,0,0,0,1,1,0,0,1,0,0,0,0
374,5,668.5627259,0.430714513,2,0,0,0,0,1,0,0,1,1,0,0,0,0
402,4,18.61549239,0.078979701,1,0,0,0,0,1,0,0,1,0,0,1,0,0
626,3,168.0487251,0.066132479,1,0,0,0,1,0,0,0,1,0,0,1,0,0
504,5,996.6549328,0.344989336,0,0,0,0,1,0,0,0,1,1,0,0,0,0
218,5,259.3577438,0.16764484,3,0,1,0,1,0,0,0,1,1,0,0,0,0
303,3,435.7296628,0.326512597,0,0,1,0,0,1,1,0,0,1,0,0,0,0
539,3,1427.323412,0.063890049,1,0,0,0,1,0,0,1,0,1,0,0,0,0
484,7,36.46501851,0.518314047,2,0,1,0,1,0,1,0,0,0,0,0,1,0
384,3,18.39715426,0.351584635,1,0,0,0,1,0,1,0,0,1,0,0,0,0
403,6,208.0401905,0.358664957,2,0,1,0,1,0,0,0,1,1,0,0,0,0
639,2,922.7336965,0.34691389,2,0,0,0,1,0,1,0,0,1,0,0,0,0
396,4,215.476531,0.235521093,2,0,0,0,0,1,1,0,0,1,0,0,0,0
482,3,1594.308202,0.38427064,2,0,0,0,1,0,0,0,1,1,0,0,0,0
933,2,346.9042791,0.406904012,1,0,1,0,0,1,0,1,0,1,0,0,0,0
215,5,266.7141246,0.157812196,3,1,1,0,1,0,1,0,0,1,0,0,0,0
129,3,212.1241474,0.103371178,2,0,0,0,0,1,1,0,0,1,0,0,0,0
656,1,682.5970766,0.497169154,1,0,0,0,0,1,0,1,0,0,0,1,0,0
364,3,1552.084775,0.288333292,1,1,0,0,0,1,0,1,0,1,0,0,0,0
436,3,416.7846893,0.490468934,2,0,0,0,1,0,0,1,0,1,0,0,0,0
343,2,232.8349654,0.03567653,0,0,0,0,1,0,1,0,0,0,0,1,0,0
448,5,436.9774353,0.296051431,2,0,0,0,1,0,1,0,0,1,0,0,0,0
819,1,1881.334172,0.320456477,2,0,0,0,1,0,0,1,0,0,0,1,0,0
660,5,325.8184914,0.27836307,1,0,0,0,1,0,0,0,1,1,0,0,0,0
672,3,853.1048609,0.22939121,1,0,1,0,0,1,1,0,0,1,0,0,0,0
216,3,320.0711074,0.229451243,2,1,0,0,1,0,1,0,0,1,0,0,0,0
269,5,898.5481879,0.230615443,0,0,0,0,1,0,0,1,0,0,0,1,0,0
64,2,1702.977692,0.347036812,2,0,0,0,1,0,1,0,0,1,0,0,0,0
338,6,730.1553116,0.35898663,0,0,0,0,0,1,0,1,0,1,0,0,0,0
691,4,2356.670039,0.236591152,3,0,1,1,0,0,1,0,0,1,0,0,0,0
603,6,736.0727362,0.035427083,3,0,1,0,1,0,0,1,0,1,0,0,0,0
455,2,2947.141979,0.352712657,2,0,0,0,1,0,0,1,0,0,0,0,0,1
495,6,1029.102595,0.098044369,2,0,0,0,0,1,1,0,0,1,0,0,0,0
362,4,846.2565009,0.207887947,1,1,0,0,1,0,0,0,1,1,0,0,0,0
540,11,1416.781203,0.280336241,3,0,1,0,1,0,1,0,0,1,0,0,0,0
653,8,8.923808178,0.133769375,1,0,1,0,0,1,1,0,0,0,0,1,0,0
176,4,237.916034,0.091964085,2,0,0,1,0,0,1,0,0,0,1,0,0,0
559,3,194.7695001,0.283241553,2,0,0,0,1,0,0,0,1,1,0,0,0,0
686,3,94.03471274,0.110292688,2,0,0,0,1,0,0,0,1,1,0,0,0,0
416,4,2221.748386,0.241687615,1,0,0,0,1,0,1,0,0,1,0,0,0,0
640,2,112.3316852,0.628316782,1,0,1,0,1,0,1,0,0,1,0,0,0,0
1062,3,243.9566356,0.458543582,2,0,1,0,1,0,1,0,0,0,1,0,0,0
479,3,326.5718871,0.185339513,2,1,0,0,1,0,0,1,0,1,0,0,0,0
578,3,783.8701191,0.387048586,2,1,0,0,1,0,0,0,1,0,0,0,0,1
352,1,1166.969018,0.286969842,2,0,0,0,1,0,0,1,0,0,1,0,0,0
536,7,742.4396615,0.340264383,2,0,1,0,1,0,0,0,1,1,0,0,0,0
592,7,1105.69651,0.490675345,2,0,1,0,1,0,0,1,0,1,0,0,0,0
538,5,411.4977969,0.38282607,3,0,1,0,1,0,1,0,0,1,0,0,0,0
296,4,4374.001957,0.270226518,1,1,1,0,1,0,0,0,1,1,0,0,0,0
541,1,149.1526549,0.371360541,1,0,0,0,1,0,1,0,0,0,0,0,0,1
792,3,408.3408413,0.136356055,3,0,1,0,1,0,1,0,0,1,0,0,0,0
589,3,1427.905011,0.378896666,1,0,1,0,0,1,0,0,1,0,0,0,1,0
692,4,226.6973115,0.244183736,0,0,0,0,1,0,0,0,1,0,0,1,0,0
452,3,1111.737697,0.089147615,0,0,0,1,0,0,1,0,0,1,0,0,0,0
649,3,362.3981467,0.48254328,0,1,0,0,1,0,1,0,0,0,0,1,0,0
555,3,156.4190843,0.261362145,1,1,0,0,1,0,1,0,0,1,0,0,0,0
309,1,413.1268966,0.025408849,1,0,0,0,1,0,1,0,0,0,0,1,0,0
563,8,1228.907235,0.172277478,2,1,1,0,1,0,0,1,0,1,0,0,0,0
301,5,94.98642213,0.405762981,1,1,0,0,0,1,0,0,1,0,1,0,0,0
373,6,580.7041712,0.138230505,1,0,0,0,0,1,0,0,1,0,1,0,0,0
537,8,1081.843437,0.611764035,2,0,1,1,0,0,0,0,1,1,0,0,0,0
559,2,1114.081915,0.452271562,4,0,1,0,1,0,1,0,0,1,0,0,0,0
262,5,394.8952267,0.214137313,1,1,0,0,1,0,1,0,0,1,0,0,0,0
710,5,502.5445696,0.400108255,0,0,0,0,1,0,0,1,0,0,0,1,0,0
614,1,1554.620199,0.5111596,2,0,0,0,1,0,0,1,0,1,0,0,0,0
359,4,186.9368568,0.576277206,1,0,0,0,1,0,1,0,0,1,0,0,0,0
192,7,3924.206337,0.467585555,1,0,1,0,0,1,1,0,0,1,0,0,0,0
471,5,434.7302541,0.291660264,1,0,0,0,0,1,1,0,0,0,1,0,0,0
410,3,257.7650615,0.225849126,2,0,0,0,1,0,0,1,0,0,0,1,0,0
522,5,2.082188567,0.165763866,1,1,0,0,1,0,1,0,0,0,1,0,0,0
427,2,106.8462381,0.299218866,4,0,1,0,1,0,0,1,0,0,1,0,0,0
98,2,1130.140318,0.239277929,0,0,0,0,1,0,1,0,0,1,0,0,0,0
422,5,838.1015481,0.363369658,0,0,0,0,1,0,1,0,0,0,1,0,0,0
438,4,226.4278056,0.372867964,3,0,1,0,0,1,0,1,0,0,0,1,0,0
626,4,2093.870832,0.283478897,1,1,0,0,1,0,1,0,0,1,0,0,0,0
360,4,1444.790605,0.327223401,1,0,0,0,1,0,1,0,0,0,0,0,1,0
835,1,250.9731902,0.675317831,0,0,1,0,1,0,0,1,0,1,0,0,0,0
117,9,320.4869818,0.303941594,1,0,1,0,1,0,1,0,0,1,0,0,0,0
762,2,163.4119402,0.585957454,2,0,0,0,0,1,1,0,0,1,0,0,0,0
455,5,823.027634,0.633123582,0,0,1,0,1,0,1,0,0,0,0,1,0,0
671,5,966.2171306,0.184593935,2,0,1,1,0,0,1,0,0,1,0,0,0,0
515,2,403.187409,0.06828294,2,0,0,0,1,0,1,0,0,1,0,0,0,0
727,2,1068.963889,0.469472052,2,0,1,0,0,1,1,0,0,0,1,0,0,0
422,3,3820.449101,0.540291109,1,1,1,0,1,0,1,0,0,1,0,0,0,0
280,5,757.2931696,0.642950418,1,0,1,0,1,0,0,1,0,1,0,0,0,0
784,11,838.2224709,0.245262518,3,0,1,0,0,1,0,1,0,0,0,1,0,0
477,6,374.5225275,0.668685638,0,0,1,0,0,1,0,1,0,1,0,0,0,0
544,3,8.514231434,0.380288337,2,0,1,0,0,1,0,1,0,0,0,1,0,0
746,4,2461.924781,0.530645397,1,0,0,0,1,0,1,0,0,1,0,0,0,0
293,3,1183.938128,0.513337307,2,0,0,1,0,0,1,0,0,1,0,0,0,0
619,4,951.4463588,0.234558664,1,0,0,1,0,0,0,1,0,1,0,0,0,0
382,1,24.21113941,0.481364287,1,0,1,0,1,0,1,0,0,1,0,0,0,0
473,3,1138.406993,0.24736057,1,0,0,0,0,1,0,1,0,1,0,0,0,0
514,3,887.1343512,0.275540282,1,0,0,0,1,0,0,1,0,1,0,0,0,0
199,2,673.143515,0.379409035,2,0,0,0,1,0,1,0,0,1,0,0,0,0
344,3,781.6838053,0.150911033,2,0,1,0,1,0,0,1,0,0,0,1,0,0
770,5,2004.409025,0.677689492,2,1,1,1,0,0,1,0,0,0,0,1,0,0
677,2,5.370300534,0.287683042,3,0,1,0,1,0,0,1,0,1,0,0,0,0
487,3,136.6042394,0.227584094,2,0,1,0,1,0,1,0,0,1,0,0,0,0
548,7,1801.18815,0.495893313,2,1,1,0,1,0,1,0,0,1,0,0,0,0
441,3,6.595647742,0.251911832,1,0,0,0,1,0,0,0,1,1,0,0,0,0
771,5,1871.699259,0.109473666,1,0,0,0,1,0,0,1,0,0,0,1,0,0
459,2,24.06379625,0.087029311,2,0,0,0,1,0,1,0,0,0,0,1,0,0
546,2,1208.897753,0.520136466,0,0,0,0,0,1,0,1,0,1,0,0,0,0
729,6,1772.562528,0.203974778,2,0,1,1,0,0,1,0,0,0,0,0,0,1
344,3,758.4878219,0.723510717,1,0,1,0,0,1,1,0,0,0,0,0,0,1
811,7,820.529764,0.404222914,2,0,1,0,0,1,0,0,1,0,1,0,0,0
193,2,41.50949804,0.514187776,0,0,0,0,1,0,1,0,0,0,0,1,0,0
825,5,189.4808762,0.258127427,2,1,0,0,1,0,1,0,0,1,0,0,0,0
425,2,1837.853421,0.420147744,1,0,0,0,1,0,0,0,1,1,0,0,0,0
451,7,1388.527261,0.217814368,1,0,1,0,1,0,1,0,0,0,0,0,1,0
121,4,49.11545816,0.60753108,0,0,1,0,0,1,1,0,0,1,0,0,0,0
409,4,1341.253636,0.57820935,1,0,1,0,1,0,1,0,0,0,1,0,0,0
292,4,440.6024528,0.105300656,3,0,1,0,0,1,1,0,0,1,0,0,0,0
378,6,658.099463,0.416710362,0,0,0,0,1,0,1,0,0,1,0,0,0,0
472,6,91.79503923,0.589503045,0,0,0,0,0,1,0,1,0,1,0,0,0,0
691,6,406.854591,0.299168598,2,0,0,0,1,0,0,1,0,0,0,1,0,0
541,8,456.6169424,0.519701541,1,0,1,0,1,0,0,1,0,0,0,1,0,0
561,5,885.6906851,0.019286475,0,0,0,0,0,1,0,1,0,1,0,0,0,0
280,5,857.2693616,0.410414479,1,0,0,0,1,0,1,0,0,1,0,0,0,0
323,6,636.8077313,0.159321083,0,1,0,0,0,1,1,0,0,1,0,0,0,0
859,3,25.56082214,0.093012502,0,0,0,0,1,0,0,0,1,1,0,0,0,0
352,6,140.9135741,0.41729765,4,0,1,0,1,0,1,0,0,1,0,0,0,0
831,4,139.7391057,0.514996069,1,1,1,0,0,1,0,0,1,0,0,1,0,0
451,4,1749.496209,0.70820591,1,0,1,0,1,0,1,0,0,0,0,1,0,0
500,5,1855.863745,0.424631197,1,0,0,0,0,1,1,0,0,1,0,0,0,0
714,4,1313.974998,0.567561709,1,0,0,0,1,0,1,0,0,1,0,0,0,0
754,5,153.7805488,0.250757852,2,0,0,0,1,0,1,0,0,0,0,1,0,0
477,3,1466.82365,0.67654369,2,0,1,0,1,0,0,0,1,0,0,1,0,0
422,3,166.2044386,0.078901343,2,0,0,0,1,0,1,0,0,0,0,1,0,0
488,5,647.081157,0.441560123,1,0,0,0,1,0,0,1,0,1,0,0,0,0
567,3,1059.035398,0.287712763,2,0,0,0,1,0,1,0,0,0,0,1,0,0
678,4,42.3502476,0.626178645,1,0,1,0,1,0,0,1,0,0,1,0,0,0
500,5,728.9018981,0.533164488,1,0,1,0,1,0,1,0,0,1,0,0,0,0
623,3,231.3556612,0.18762365,1,0,1,0,1,0,0,1,0,0,1,0,0,0
827,3,551.0954339,0.140380497,1,0,0,0,1,0,0,0,1,0,1,0,0,0
576,3,387.4797243,0.5909565,2,0,0,0,1,0,1,0,0,0,0,1,0,0
562,5,928.1650581,0.403631454,1,0,0,0,1,0,0,0,1,1,0,0,0,0
196,2,537.4065818,0.082760113,4,0,1,0,1,0,1,0,0,1,0,0,0,0
64,5,287.2052472,0.195119718,1,1,0,0,1,0,0,0,1,0,0,0,1,0
577,1,1929.551698,0.423510133,2,0,0,0,1,0,1,0,0,1,0,0,0,0
481,3,2556.39355,0.27961165,1,0,0,1,0,0,0,0,1,1,0,0,0,0
397,3,1295.217549,0.160161848,1,0,0,0,0,1,1,0,0,0,0,1,0,0
548,4,695.4131216,0.090687294,1,0,0,0,1,0,0,1,0,0,1,0,0,0
487,4,1726.098821,0.191352093,1,0,1,0,1,0,0,0,1,0,0,0,0,1
725,4,736.3861845,0.571692002,3,1,1,0,0,1,0,0,1,1,0,0,0,0
517,4,128.9148138,0.469378884,1,0,1,0,1,0,1,0,0,0,1,0,0,0
350,5,14.06481688,0.539886321,1,0,0,0,0,1,1,0,0,1,0,0,0,0
698,6,1035.452338,0.278592506,2,0,0,0,0,1,0,1,0,1,0,0,0,0
456,5,1117.028661,0.535661361,0,0,0,0,1,0,0,1,0,0,0,1,0,0
605,8,2081.073136,0.14968232,2,0,1,0,1,0,0,1,0,0,1,0,0,0
404,2,1390.897376,0.275333186,1,0,0,0,0,1,0,0,1,1,0,0,0,0
370,2,816.3934684,0.529943855,1,0,0,1,0,0,1,0,0,0,0,1,0,0
516,1,168.8765706,0.229915766,2,0,0,0,1,0,0,1,0,1,0,0,0,0
502,2,721.2211748,0.45908389,0,0,0,0,1,0,0,1,0,1,0,0,0,0
595,3,456.2979683,0.332449902,2,0,0,0,1,0,1,0,0,0,0,0,0,1
446,3,211.2854335,0.074150045,0,1,0,0,1,0,1,0,0,0,0,0,1,0
132,2,1284.074323,0.280898276,1,1,1,0,0,1,0,1,0,1,0,0,0,0
413,8,129.5972631,0.179165854,3,0,1,0,0,1,1,0,0,1,0,0,0,0
658,6,796.1355035,0.205417452,2,0,0,0,1,0,0,1,0,0,1,0,0,0
440,1,754.834826,0.550417044,2,0,0,0,0,1,0,0,1,1,0,0,0,0
450,4,289.4808186,0.244963685,1,0,0,0,1,0,1,0,0,1,0,0,0,0
697,2,448.6279744,0.100844038,1,0,0,0,1,0,0,1,0,0,0,0,0,1
357,7,99.15614595,0.384950104,3,0,1,0,1,0,0,1,0,1,0,0,0,0
191,5,20.69163174,0.030291982,1,1,0,0,1,0,1,0,0,1,0,0,0,0
467,3,10.483424,0.35435498,2,0,0,0,1,0,0,1,0,0,0,1,0,0
403,2,153.2408974,0.590656021,3,0,1,0,1,0,0,0,1,0,0,1,0,0
306,3,1613.76294,0.533545074,2,0,0,0,0,1,0,0,1,1,0,0,0,0
464,4,591.5350958,0.368560044,1,0,0,0,0,1,0,1,0,1,0,0,0,0
598,3,99.64912304,0.325888592,2,0,1,0,1,0,0,1,0,0,0,0,1,0
498,3,1887.282746,0.224606717,1,0,1,0,1,0,0,1,0,1,0,0,0,0
561,6,673.1113135,0.347196848,0,0,0,0,1,0,0,1,0,0,0,1,0,0
862,4,22.62537002,0.160769475,0,0,0,1,0,0,1,0,0,0,1,0,0,0
431,6,1150.841578,0.026371617,1,0,0,0,1,0,1,0,0,1,0,0,0,0
555,3,513.1046313,0.225509706,3,0,1,0,1,0,1,0,0,1,0,0,0,0
398,7,608.9064477,0.228921328,1,0,1,0,1,0,0,1,0,0,0,0,1,0
330,4,759.9335584,0.183690515,0,0,0,0,1,0,1,0,0,1,0,0,0,0
383,6,79.37057646,0.020421016,0,0,0,0,1,0,0,1,0,1,0,0,0,0
404,1,2361.222065,0.395506692,2,0,0,0,0,1,1,0,0,1,0,0,0,0
571,5,235.9183943,0.272359902,3,0,1,0,0,1,0,1,0,0,1,0,0,0
969,6,777.9338609,0.623163952,1,0,1,0,1,0,0,1,0,1,0,0,0,0
356,10,1547.929296,0.672315123,2,0,1,0,1,0,0,1,0,1,0,0,0,0
416,4,322.67493,0.39200613,3,0,1,0,1,0,0,1,0,0,1,0,0,0
487,9,790.1283402,0.301280119,0,0,1,0,0,1,0,0,1,1,0,0,0,0
579,3,3599.00275,0.308470288,0,1,1,0,1,0,0,0,1,1,0,0,0,0
552,7,1527.349823,0.25105393,1,0,1,0,1,0,0,1,0,1,0,0,0,0
756,2,1208.705255,0.330698791,1,0,1,0,1,0,1,0,0,0,1,0,0,0
64,5,462.8557077,0.331967506,1,0,0,0,1,0,1,0,0,1,0,0,0,0
64,3,480.118338,0.351881791,2,0,0,0,1,0,1,0,0,1,0,0,0,0
400,4,531.7098121,0.208130118,3,0,1,0,1,0,0,1,0,0,1,0,0,0
719,7,938.0610165,0.143602767,3,0,1,0,1,0,0,1,0,0,1,0,0,0
186,3,124.7031496,0.177276283,0,1,0,0,1,0,0,1,0,0,1,0,0,0
64,8,1578.786388,0.39786412,2,0,1,0,1,0,1,0,0,0,1,0,0,0
614,3,14.59557354,0.168494537,1,0,0,0,1,0,1,0,0,1,0,0,0,0
548,1,149.0570502,0.088428693,2,0,0,0,1,0,0,1,0,1,0,0,0,0
281,4,525.9373663,0.347412164,2,0,1,0,1,0,1,0,0,0,0,0,0,1
302,4,232.4069196,0.258127403,1,0,0,0,1,0,1,0,0,0,1,0,0,0
306,3,364.0374084,0.524251921,3,0,1,0,0,1,1,0,0,1,0,0,0,0
522,4,323.472303,0.165694972,1,1,0,0,1,0,0,1,0,1,0,0,0,0
374,4,250.6348601,0.549463163,1,0,0,0,1,0,0,1,0,1,0,0,0,0
598,4,382.7853087,0.117734601,2,0,0,0,1,0,1,0,0,0,1,0,0,0
64,2,563.0242005,0.109631111,1,0,0,0,1,0,1,0,0,1,0,0,0,0
328,2,517.5588516,0.339615704,2,0,0,0,1,0,0,1,0,0,0,1,0,0
274,3,1336.720479,0.54331224,1,0,0,0,0,1,0,0,1,1,0,0,0,0
448,1,294.7031758,0.367113448,0,0,0,0,1,0,0,0,1,0,0,1,0,0
392,3,264.928825,0.331186421,1,0,0,0,1,0,1,0,0,1,0,0,0,0
659,4,561.6676647,0.347047417,0,0,0,0,0,1,1,0,0,1,0,0,0,0
128,5,39.29702604,0.564841652,1,0,0,0,0,1,0,1,0,0,0,1,0,0
509,4,94.85594026,0.289631926,1,0,0,1,0,0,1,0,0,1,0,0,0,0
611,6,1299.998631,0.357696105,0,0,0,0,0,1,1,0,0,0,0,1,0,0
871,2,544.5156708,0.671537072,1,0,1,0,0,1,0,1,0,0,0,0,0,1
403,2,55.08177539,0.290921616,1,0,1,0,1,0,1,0,0,0,0,0,1,0
564,3,464.4020176,0.250104325,2,1,0,0,1,0,1,0,0,0,1,0,0,0
139,5,406.349665,0.559274208,3,0,1,0,1,0,0,1,0,1,0,0,0,0
64,3,226.0330278,0.516157624,1,0,0,0,0,1,0,1,0,1,0,0,0,0
668,7,372.3036236,0.34752482,3,0,1,0,0,1,0,1,0,0,0,0,0,1
498,5,166.9541785,0.341790188,1,0,0,0,1,0,0,0,1,1,0,0,0,0
735,3,476.9028637,0.317601789,2,0,0,0,1,0,1,0,0,1,0,0,0,0
225,7,420.112898,0.457627858,0,0,1,0,0,1,0,1,0,0,1,0,0,0
603,5,748.1757074,0.713060222,1,0,1,0,0,1,1,0,0,1,0,0,0,0
873,2,2279.288593,0.101417158,2,0,0,0,1,0,1,0,0,0,0,0,1,0
583,6,164.1078587,0.418682511,1,0,0,1,0,0,0,1,0,1,0,0,0,0
555,4,432.2597552,0.014739604,0,1,0,0,1,0,1,0,0,1,0,0,0,0
501,6,660.831994,0.453262805,3,1,1,0,1,0,0,1,0,0,0,1,0,0
185,2,633.4750596,0.258882309,0,0,1,0,1,0,1,0,0,0,0,1,0,0
771,6,866.2083891,0.787760697,1,0,1,0,1,0,0,1,0,0,0,1,0,0
377,4,249.5037273,0.143496253,3,0,1,0,1,0,1,0,0,1,0,0,0,0
600,6,805.3023821,0.484352841,0,0,0,0,0,1,1,0,0,0,1,0,0,0
187,2,179.6858409,0.4742428,3,0,1,0,0,1,0,1,0,1,0,0,0,0
264,5,107.2417216,0.47905301,3,0,1,0,0,1,1,0,0,1,0,0,0,0
787,5,1425.344348,0.534128775,2,0,0,0,1,0,1,0,0,0,0,1,0,0
430,4,513.5677729,0.246093276,1,0,0,0,1,0,1,0,0,1,0,0,0,0
790,7,405.0384789,0.427226039,1,0,1,0,1,0,1,0,0,0,0,1,0,0
484,3,2110.610083,0.252740483,0,1,0,0,1,0,1,0,0,1,0,0,0,0
131,5,989.6304915,0.650863115,3,0,1,0,1,0,0,1,0,0,1,0,0,0
678,6,904.4013692,0.129815125,2,0,0,0,1,0,0,0,1,1,0,0,0,0
382,7,172.7950644,0.524342385,1,0,1,0,1,0,0,1,0,1,0,0,0,0
639,2,187.8270383,0.681583061,2,0,1,0,0,1,1,0,0,1,0,0,0,0
505,1,527.9267759,0.367037799,2,0,0,0,1,0,1,0,0,0,0,1,0,0
191,4,845.1408631,0.163728496,0,1,0,1,0,0,1,0,0,1,0,0,0,0
532,3,402.3818961,0.404158901,1,0,1,0,1,0,1,0,0,0,0,1,0,0
939,4,53.07020622,0.533248288,0,0,1,1,0,0,1,0,0,0,0,1,0,0
598,4,919.1558211,0.140172885,2,0,0,0,1,0,1,0,0,1,0,0,0,0
488,5,1188.896204,0.128095627,1,0,0,0,1,0,0,1,0,1,0,0,0,0
715,1,2310.255677,0.507344873,4,0,1,0,1,0,1,0,0,0,1,0,0,0
542,6,420.4370543,0.118705338,1,0,0,0,0,1,0,0,1,1,0,0,0,0
541,3,238.7766421,0.059525543,2,0,0,0,1,0,0,1,0,0,0,1,0,0
281,1,2080.87922,0.114568087,1,0,0,0,1,0,0,0,1,0,0,1,0,0
546,3,1004.602705,0.286174061,1,0,0,0,0,1,0,0,1,0,0,1,0,0
707,1,52.9001349,0.564084144,1,1,0,0,1,0,0,1,0,1,0,0,0,0
332,6,694.0525332,0.27887469,0,0,0,0,1,0,1,0,0,0,1,0,0,0
784,3,23.15316163,0.653472824,3,0,1,0,1,0,1,0,0,1,0,0,0,0
481,4,205.4885405,0.285910507,2,0,0,0,1,0,1,0,0,0,1,0,0,0
322,8,58.87666411,0.319141461,1,0,1,0,1,0,1,0,0,0,0,1,0,0
699,5,183.4212327,0.075595969,1,0,0,0,1,0,0,1,0,0,1,0,0,0
442,6,538.5544017,0.251017585,1,0,1,0,1,0,0,1,0,0,0,0,0,1
651,3,284.045557,0.263333965,2,0,0,0,1,0,1,0,0,1,0,0,0,0
441,3,73.70331068,0.410999492,3,1,1,0,0,1,0,1,0,1,0,0,0,0
488,2,526.3171724,0.637521988,2,0,1,0,1,0,1,0,0,1,0,0,0,0
598,3,986.1401988,0.273970626,3,0,1,0,1,0,0,0,1,1,0,0,0,0
558,4,43.67079389,0.365247025,2,0,0,0,1,0,1,0,0,1,0,0,0,0
100,1,1712.389713,0.475922827,1,0,1,0,1,0,1,0,0,1,0,0,0,0
275,6,846.9054166,0.247707034,1,0,0,0,1,0,1,0,0,1,0,0,0,0
685,4,586.2450072,0.2893106,2,0,0,0,1,0,0,1,0,0,0,0,1,0
473,2,403.7646531,0.521288395,0,0,1,0,1,0,1,0,0,1,0,0,0,0
395,5,399.7604864,0.259907191,1,0,0,0,0,1,0,0,1,1,0,0,0,0
228,7,327.0470906,0.376782881,4,0,1,0,1,0,1,0,0,0,0,0,1,0
284,3,98.39368281,0.360521153,2,0,0,0,1,0,1,0,0,1,0,0,0,0
95,1,66.04633029,0.686003353,1,1,1,0,1,0,1,0,0,1,0,0,0,0
479,1,295.4959022,0.301940384,0,0,0,0,1,0,0,1,0,0,0,1,0,0
380,2,879.8441063,0.44021612,3,0,1,0,0,1,1,0,0,0,0,0,0,1
306,2,272.1851152,0.33903611,1,0,0,0,1,0,1,0,0,0,0,1,0,0
486,7,1338.178906,0.269649959,1,0,1,0,1,0,1,0,0,0,0,1,0,0
572,1,382.8037547,0.607274917,2,0,1,0,1,0,0,0,1,1,0,0,0,0
918,4,797.9867141,0.792427697,2,0,1,0,1,0,1,0,0,1,0,0,0,0
197,3,452.3851849,0.405284115,2,1,0,0,1,0,1,0,0,0,1,0,0,0
731,5,551.047668,0.559657204,1,0,1,0,1,0,0,1,0,0,1,0,0,0
694,1,230.3169508,0.047985608,2,0,0,0,1,0,0,1,0,1,0,0,0,0
344,5,577.0218442,0.25890775,2,0,0,0,1,0,0,0,1,1,0,0,0,0
540,2,93.81429801,0.144794674,0,0,0,0,1,0,0,1,0,0,1,0,0,0
408,2,391.209012,0.159063589,1,0,0,0,1,0,1,0,0,1,0,0,0,0
537,3,475.8020845,0.077087657,2,0,0,0,1,0,1,0,0,0,0,1,0,0
801,4,973.9057017,0.67474074,2,0,1,0,1,0,1,0,0,1,0,0,0,0
621,3,408.9554572,0.116623432,2,0,0,1,0,0,0,0,1,1,0,0,0,0
601,4,875.9416836,0.225691194,2,0,0,0,1,0,1,0,0,1,0,0,0,0
413,6,153.5253643,0.092717666,2,1,0,1,0,0,1,0,0,1,0,0,0,0
203,4,20.43974156,0.160031369,1,0,0,0,1,0,1,0,0,0,0,1,0,0
458,5,564.0907467,0.418485497,3,0,1,0,0,1,0,0,1,1,0,0,0,0
741,5,513.7667488,0.455804323,2,0,1,0,1,0,1,0,0,0,1,0,0,0
194,7,886.3303124,0.248522575,2,0,1,0,1,0,1,0,0,1,0,0,0,0
288,5,300.9719906,0.121786748,1,0,0,0,0,1,1,0,0,1,0,0,0,0
525,4,24.25632975,0.07683251,0,1,0,0,0,1,1,0,0,1,0,0,0,0
303,4,1028.63698,0.323272793,0,0,0,0,1,0,0,1,0,0,0,0,1,0
341,6,2280.773699,0.469012841,1,0,0,0,1,0,0,1,0,0,0,1,0,0
415,4,401.0482271,0.457306107,3,0,1,0,1,0,1,0,0,1,0,0,0,0
226,3,755.6035793,0.557045387,0,0,0,0,0,1,0,0,1,1,0,0,0,0
305,6,629.4165209,0.184552199,1,1,0,0,1,0,0,1,0,0,0,1,0,0
640,7,667.7712845,0.423551502,0,0,1,0,1,0,0,1,0,1,0,0,0,0
238,5,1616.191065,0.14990805,3,0,1,0,0,1,0,1,0,0,0,0,0,1
180,7,1066.466114,0.436455593,1,0,1,0,0,1,0,1,0,0,1,0,0,0
373,3,1174.998206,0.163051734,1,0,0,0,1,0,0,1,0,0,1,0,0,0
646,3,75.48151599,0.598397707,0,0,0,0,1,0,1,0,0,0,0,1,0,0
460,5,126.9222771,0.121195485,1,0,1,1,0,0,1,0,0,0,0,1,0,0
407,3,870.8613339,0.532583778,1,0,0,0,1,0,1,0,0,1,0,0,0,0
508,7,622.0195763,0.184744659,0,0,1,0,0,1,0,1,0,1,0,0,0,0
150,4,1190.762036,0.370767968,1,0,0,0,1,0,0,0,1,1,0,0,0,0
598,4,78.15493587,0.577411156,2,1,0,0,1,0,1,0,0,1,0,0,0,0
576,4,668.6670194,0.381269575,3,0,1,0,1,0,0,1,0,1,0,0,0,0
418,5,532.5336293,0.063421291,2,0,0,0,1,0,1,0,0,1,0,0,0,0
701,2,1543.091514,0.347096549,3,0,1,0,0,1,0,0,1,1,0,0,0,0
274,2,165.7659397,0.420669509,1,0,1,0,1,0,0,1,0,0,1,0,0,0
725,5,343.0440701,0.271470625,1,0,0,0,1,0,1,0,0,1,0,0,0,0
530,5,130.4589946,0.088169645,1,0,1,0,1,0,1,0,0,0,1,0,0,0
432,2,480.7935772,0.214840296,2,0,0,0,1,0,1,0,0,1,0,0,0,0
496,3,1705.638243,0.450818504,2,0,1,0,1,0,0,1,0,0,0,0,0,1
478,7,887.7389392,0.169906954,1,0,1,0,1,0,0,1,0,0,0,1,0,0
744,4,1090.996509,0.211469389,2,0,0,0,1,0,0,0,1,0,0,1,0,0
284,2,78.38745448,0.436002449,1,0,0,0,0,1,0,1,0,0,0,1,0,0
347,3,481.2218553,0.537807766,1,0,0,0,0,1,1,0,0,1,0,0,0,0
707,7,1459.444425,0.129304136,2,0,1,0,1,0,0,1,0,0,0,1,0,0
380,3,1453.56144,0.664223252,1,0,1,0,1,0,0,0,1,0,0,1,0,0
680,8,3539.626312,0.294780483,2,0,1,0,1,0,0,0,1,0,1,0,0,0
839,3,597.3072787,0.22146667,1,0,0,0,1,0,0,1,0,0,0,0,1,0
419,4,1.65886205,0.499786848,1,1,0,0,0,1,1,0,0,0,0,1,0,0
636,6,1834.587129,0.046703829,1,1,0,0,1,0,0,1,0,0,0,0,1,0
269,1,2502.437176,0.583622977,2,0,0,0,1,0,0,1,0,1,0,0,0,0
650,3,2102.056326,0.315426639,2,1,0,0,1,0,0,1,0,1,0,0,0,0
539,2,1182.416402,0.422362675,2,0,0,0,1,0,1,0,0,1,0,0,0,0
594,6,190.5194117,0.205128773,1,0,0,0,1,0,1,0,0,0,1,0,0,0
370,2,119.7816528,0.575641546,2,0,0,0,1,0,0,1,0,0,0,1,0,0
167,6,965.5444152,0.478378406,1,1,0,0,1,0,0,1,0,1,0,0,0,0
600,5,121.051905,0.483213067,2,1,0,0,0,1,1,0,0,0,0,1,0,0
87,2,2451.477286,0.290857416,3,0,1,0,0,1,1,0,0,0,0,1,0,0
436,1,472.223806,0.593059521,2,1,0,0,0,1,0,1,0,0,0,0,0,1
688,2,25.03986299,0.364416043,2,0,0,0,0,1,0,1,0,1,0,0,0,0
538,3,130.5740216,0.515405891,1,0,0,0,1,0,1,0,0,0,0,0,1,0
889,6,274.534605,0.210799068,2,0,0,0,0,1,1,0,0,1,0,0,0,0
705,2,973.2539665,0.094909392,2,0,1,0,1,0,1,0,0,0,0,1,0,0
369,5,1069.370693,0.060643908,0,0,0,0,1,0,0,0,1,0,1,0,0,0
505,5,191.6472443,0.67676619,1,0,1,0,0,1,1,0,0,0,0,0,1,0
490,4,836.5628517,0.529784329,1,0,0,0,1,0,1,0,0,1,0,0,0,0
183,2,25.87589533,0.413770092,1,0,0,1,0,0,0,0,1,0,1,0,0,0
311,1,86.82837386,0.172311501,2,0,0,0,1,0,0,1,0,1,0,0,0,0
387,3,612.5926644,0.227848141,1,0,0,0,0,1,0,1,0,0,0,1,0,0
92,5,973.4401527,0.302283902,0,0,1,0,1,0,0,1,0,1,0,0,0,0
509,2,1966.150048,0.467882567,4,0,1,0,1,0,1,0,0,0,1,0,0,0
450,6,460.6504739,0.447970809,0,0,1,0,1,0,1,0,0,0,0,0,0,1
165,4,102.2240264,0.258076398,1,0,0,0,0,1,1,0,0,0,1,0,0,0
580,4,2115.797051,0.290619448,2,0,0,0,1,0,1,0,0,1,0,0,0,0
643,8,460.2026955,0.623560833,2,0,1,0,1,0,1,0,0,1,0,0,0,0
545,4,550.4848875,0.166079012,1,0,0,0,1,0,0,0,1,1,0,0,0,0
435,8,1541.675843,0.09058733,1,0,1,0,1,0,1,0,0,0,0,1,0,0
618,7,705.0858445,0.613137889,2,0,1,0,1,0,1,0,0,0,1,0,0,0
636,4,286.9991085,0.232494248,3,0,1,0,1,0,1,0,0,0,0,1,0,0
561,4,622.5814673,0.565836531,1,0,1,0,0,1,1,0,0,0,0,1,0,0
335,4,784.3671325,0.410048718,0,0,0,0,1,0,1,0,0,0,0,0,1,0
555,3,1764.365904,0.233452791,1,1,0,0,1,0,1,0,0,1,0,0,0,0
739,6,214.1304731,0.385750176,2,0,0,0,1,0,0,1,0,1,0,0,0,0
380,2,655.6562024,0.30862222,4,0,1,0,1,0,0,1,0,1,0,0,0,0
919,3,2025.588931,0.205858754,2,0,0,0,1,0,1,0,0,0,0,0,0,1
394,4,37.23130377,0.253485767,1,1,0,0,0,1,0,1,0,0,0,0,1,0
506,6,173.1010137,0.092015445,0,0,0,0,1,0,1,0,0,1,0,0,0,0
365,4,340.1036512,0.25986068,1,1,0,0,1,0,0,1,0,1,0,0,0,0
544,3,907.7275596,0.32603277,0,0,0,0,1,0,1,0,0,0,1,0,0,0
151,1,1475.355265,0.456256268,1,0,0,0,1,0,0,1,0,1,0,0,0,0
390,3,177.6861193,0.345418814,1,0,0,0,1,0,1,0,0,1,0,0,0,0
281,4,226.638135,0.563112833,1,0,1,0,1,0,1,0,0,0,1,0,0,0
527,4,1386.575586,0.069168995,0,0,0,0,0,1,1,0,0,0,0,1,0,0
698,2,128.4576081,0.323577415,1,0,0,0,1,0,1,0,0,1,0,0,0,0
629,5,242.1574575,0.522652601,4,1,1,0,1,0,0,1,0,1,0,0,0,0
64,6,1055.487728,0.23640096,1,0,0,0,1,0,0,0,1,1,0,0,0,0
908,4,145.3698371,0.165032317,1,0,0,0,1,0,0,0,1,0,0,1,0,0
559,4,1408.364586,0.189829471,0,0,1,1,0,0,0,1,0,1,0,0,0,0
344,3,539.4864025,0.249517012,2,0,0,0,1,0,0,0,1,1,0,0,0,0
531,3,474.7458461,0.214645532,2,0,0,1,0,0,0,0,1,0,0,0,0,1
535,2,116.256677,0.291741096,1,0,0,0,1,0,0,1,0,0,0,1,0,0
366,3,910.6935971,0.273217389,3,0,1,0,1,0,1,0,0,1,0,0,0,0
539,4,1723.33923,0.224787264,0,0,0,0,1,0,0,0,1,0,0,0,1,0
378,3,942.4046648,0.411262384,3,0,1,0,1,0,1,0,0,1,0,0,0,0
419,5,304.8731819,0.344271552,1,0,0,0,1,0,1,0,0,0,0,1,0,0
362,7,959.9810838,0.427479247,0,0,1,0,1,0,0,1,0,1,0,0,0,0
213,5,570.5859717,0.575444179,2,0,0,0,1,0,0,0,1,1,0,0,0,0
529,1,1537.843238,0.706470337,2,0,1,0,1,0,0,1,0,1,0,0,0,0
617,2,492.4262664,0.333782515,1,0,0,0,1,0,1,0,0,0,0,1,0,0
602,1,216.7151894,0.397162976,3,0,1,0,1,0,1,0,0,1,0,0,0,0
663,2,85.4058338,0.633307956,0,0,1,0,0,1,1,0,0,0,1,0,0,0
564,5,263.9894234,0.465881177,1,0,0,0,1,0,1,0,0,0,0,1,0,0
393,5,663.2466275,0.498998423,3,0,1,0,0,1,1,0,0,0,0,0,0,1
667,1,149.1046569,0.525604799,2,1,0,0,1,0,0,1,0,1,0,0,0,0
228,2,32.45856532,0.327879009,1,0,0,0,1,0,0,1,0,1,0,0,0,0
319,3,476.5885349,0.439339075,1,0,0,0,1,0,1,0,0,0,1,0,0,0
307,1,341.4720899,0.04107035,1,0,0,0,1,0,1,0,0,1,0,0,0,0
716,3,436.320715,0.275525512,1,1,0,0,1,0,0,1,0,0,0,1,0,0
688,1,484.3045399,0.274129963,3,0,1,0,1,0,0,1,0,0,0,1,0,0
597,5,1162.188293,0.225367192,0,0,0,0,1,0,0,1,0,0,0,1,0,0
714,6,2593.855907,0.127443991,1,0,0,0,1,0,0,0,1,1,0,0,0,0
324,7,243.3575561,0.202036789,0,0,1,0,0,1,1,0,0,1,0,0,0,0
569,1,2283.370607,0.539938283,4,0,1,0,1,0,1,0,0,0,0,0,1,0
474,3,207.4059217,0.211842415,0,0,0,0,1,0,0,1,0,1,0,0,0,0
669,5,1125.018431,0.784971813,1,1,1,0,1,0,0,0,1,1,0,0,0,0
476,4,914.9196452,0.130885468,3,0,1,0,0,1,1,0,0,0,0,1,0,0
423,3,42.90816782,0.50284965,1,0,0,0,1,0,0,1,0,1,0,0,0,0
608,4,1032.559895,0.301077682,3,1,1,0,1,0,1,0,0,1,0,0,0,0
675,1,1851.100406,0.421033462,2,1,1,0,0,1,1,0,0,0,0,0,1,0
366,4,2129.952606,0.582663024,2,1,0,0,0,1,0,0,1,0,1,0,0,0
487,6,924.6374487,0.143946504,2,0,0,0,1,0,1,0,0,0,1,0,0,0
288,7,1235.624704,0.277937205,2,1,1,0,1,0,0,1,0,1,0,0,0,0
64,4,59.38397754,0.144472288,1,0,1,0,0,1,0,1,0,0,0,1,0,0
540,3,140.6765964,0.406591606,1,1,1,0,0,1,0,1,0,1,0,0,0,0
621,7,243.5692918,0.308354972,2,1,1,0,1,0,1,0,0,0,1,0,0,0
552,1,606.2993985,0.208175587,3,0,1,0,1,0,0,0,1,1,0,0,0,0
110,7,390.5272309,0.374102959,1,1,1,0,1,0,0,1,0,1,0,0,0,0
429,3,856.3348798,0.431033596,3,0,1,0,1,0,1,0,0,0,1,0,0,0
64,2,472.0231949,0.291532285,1,0,0,0,1,0,1,0,0,1,0,0,0,0
773,5,1193.402982,0.329801131,0,0,0,0,1,0,1,0,0,0,0,1,0,0
282,5,1000.259385,0.308228804,3,0,1,1,0,0,1,0,0,0,0,0,0,1
751,3,1100.382922,0.208419586,3,1,1,0,0,1,1,0,0,1,0,0,0,0
689,1,1412.166339,0.034730205,2,0,0,0,1,0,1,0,0,0,0,0,1,0
319,2,1437.68659,0.192839524,1,0,1,0,1,0,0,1,0,1,0,0,0,0
273,10,1209.676132,0.366394384,3,0,1,0,1,0,0,0,1,0,1,0,0,0
570,3,54.56019047,0.219033076,1,0,0,0,1,0,1,0,0,0,0,1,0,0
331,4,780.8397047,0.242541787,0,0,0,0,1,0,0,1,0,0,1,0,0,0
520,4,15.99029206,0.408054624,1,1,0,0,1,0,1,0,0,1,0,0,0,0
403,1,1089.309621,0.096109767,1,0,0,0,1,0,1,0,0,0,1,0,0,0
143,4,50.40103403,0.389869982,2,0,0,0,1,0,1,0,0,0,0,1,0,0
64,5,3269.815485,0.414507532,2,0,0,0,0,1,0,0,1,1,0,0,0,0
545,7,761.696436,0.297437066,2,0,1,0,1,0,0,0,1,0,0,1,0,0
387,6,160.7124921,0.417743076,1,1,0,0,1,0,0,1,0,1,0,0,0,0
389,1,505.3098573,0.307293888,2,1,0,0,0,1,1,0,0,0,1,0,0,0
639,3,1402.078587,0.216266285,0,0,1,0,1,0,1,0,0,1,0,0,0,0
734,2,158.7587639,0.229438486,1,0,0,0,1,0,1,0,0,0,0,1,0,0
445,2,615.6347179,0.68080196,2,0,1,0,1,0,0,0,1,0,0,1,0,0
431,3,2.869755096,0.203103332,1,0,0,1,0,0,0,1,0,0,0,1,0,0
600,8,1242.545309,0.137772058,2,0,1,0,1,0,0,1,0,1,0,0,0,0
228,2,173.1405347,0.239266493,2,1,1,0,1,0,0,1,0,1,0,0,0,0
544,4,391.7448585,0.28207731,3,0,1,0,1,0,0,1,0,0,0,1,0,0
610,2,604.4329845,0.510083092,3,0,1,0,1,0,0,1,0,1,0,0,0,0
636,1,125.1935101,0.357003107,2,0,0,0,1,0,0,1,0,0,1,0,0,0
112,5,2090.23762,0.543703217,2,0,0,0,1,0,0,0,1,0,0,1,0,0
347,7,506.1025898,0.152987156,2,0,1,1,0,0,1,0,0,1,0,0,0,0
324,3,210.9470127,0.277890105,3,1,1,0,0,1,0,0,1,0,0,1,0,0
519,5,1062.851485,0.158287975,2,0,1,0,1,0,0,1,0,0,0,0,0,1
596,3,1797.065344,0.309090547,1,0,0,0,1,0,0,1,0,1,0,0,0,0
799,4,1950.457368,0.488546942,2,0,1,0,1,0,0,0,1,1,0,0,0,0
401,2,451.2882139,0.348243796,1,0,0,0,0,1,0,0,1,1,0,0,0,0
400,5,356.3565576,0.730457686,0,0,1,0,1,0,1,0,0,1,0,0,0,0
729,1,2118.966072,0.354875949,0,0,0,0,1,0,0,0,1,0,0,1,0,0
559,4,43.42824236,0.316988427,1,1,0,0,0,1,1,0,0,1,0,0,0,0
753,6,1110.7657,0.621382247,1,0,1,0,0,1,1,0,0,0,0,1,0,0
557,2,156.3340219,0.350207449,2,0,0,0,1,0,1,0,0,0,1,0,0,0
268,5,501.1407718,0.398615646,1,0,1,0,0,1,1,0,0,1,0,0,0,0
233,2,2457.956783,0.43246854,1,0,1,0,0,1,0,0,1,1,0,0,0,0
189,1,696.1903552,0.666927007,0,0,1,0,1,0,1,0,0,1,0,0,0,0
632,5,592.9305777,0.17636025,0,0,0,0,1,0,0,1,0,0,0,1,0,0
737,4,51.03435332,0.386068114,0,0,0,1,0,0,1,0,0,0,0,1,0,0
869,5,259.8537498,0.421915317,0,0,0,0,1,0,0,1,0,0,1,0,0,0
668,6,2.444613622,0.311089549,2,0,0,0,1,0,1,0,0,0,1,0,0,0
732,4,1663.589937,0.264572081,2,0,1,0,1,0,0,1,0,0,0,0,0,1
383,3,828.1825715,0.369375264,1,1,0,0,0,1,0,1,0,1,0,0,0,0
268,2,100.475672,0.652948976,0,0,1,0,0,1,1,0,0,0,1,0,0,0
670,4,361.382363,0.281311667,0,0,0,0,1,0,0,0,1,0,0,0,1,0
583,9,1334.566604,0.108627221,1,0,1,1,0,0,1,0,0,0,0,0,1,0
521,8,120.9404064,0.246763685,4,0,1,0,0,1,0,1,0,1,0,0,0,0
577,7,209.3674996,0.186935658,0,1,1,0,0,1,0,1,0,0,0,1,0,0
564,3,623.6729061,0.244071798,0,0,0,0,1,0,1,0,0,0,1,0,0,0
756,1,125.273128,0.276232701,1,0,0,0,1,0,0,0,1,1,0,0,0,0
758,5,385.9283348,0.699072351,2,0,1,0,1,0,0,1,0,0,0,1,0,0
608,4,3219.603852,0.18815497,1,0,0,0,1,0,0,0,1,1,0,0,0,0
669,4,627.9491927,0.328925358,2,0,0,0,1,0,0,1,0,1,0,0,0,0
602,3,967.262736,0.561903578,0,0,0,0,0,1,0,1,0,1,0,0,0,0
407,6,870.8053341,0.338418113,1,0,0,0,1,0,1,0,0,1,0,0,0,0
651,5,190.3175037,0.139135284,0,0,0,0,0,1,0,0,1,0,1,0,0,0
221,2,1497.231381,0.285652931,3,1,1,0,1,0,1,0,0,0,0,1,0,0
710,2,104.132649,0.462876576,2,1,1,0,1,0,0,0,1,1,0,0,0,0
261,2,2036.695442,0.461115314,1,0,0,0,1,0,0,1,0,0,0,1,0,0
557,6,194.7503554,0.398211218,2,0,0,0,1,0,0,1,0,1,0,0,0,0
330,5,2476.341081,0.700312068,2,0,1,0,1,0,1,0,0,0,0,0,1,0
610,2,1279.445378,0.523379689,3,0,1,0,0,1,1,0,0,1,0,0,0,0
493,3,150.0119274,0.662249308,1,0,1,0,1,0,1,0,0,1,0,0,0,0
181,3,139.8663165,0.543275882,3,0,1,0,1,0,0,0,1,1,0,0,0,0
584,3,70.65365738,0.312487104,3,0,1,0,1,0,1,0,0,0,1,0,0,0
384,3,227.3297018,0.265430108,2,0,0,0,1,0,1,0,0,1,0,0,0,0
676,5,860.9487344,0.317367353,0,0,0,0,1,0,1,0,0,1,0,0,0,0
500,3,587.6795979,0.328920915,2,1,0,0,1,0,0,0,1,1,0,0,0,0
579,4,760.1899447,0.259109776,2,0,0,0,1,0,0,1,0,1,0,0,0,0
308,5,25.30862393,0.383050178,3,1,1,0,0,1,1,0,0,0,0,1,0,0
382,6,66.68040184,0.336774917,1,0,0,0,1,0,0,1,0,0,1,0,0,0
408,7,942.0569871,0.334816602,2,0,1,0,0,1,1,0,0,0,1,0,0,0
671,6,1506.617549,0.673927374,2,0,1,0,1,0,1,0,0,1,0,0,0,0
835,8,356.3072295,0.366296556,0,1,1,1,0,0,0,1,0,0,0,1,0,0
338,5,145.6803766,0.036910388,1,0,0,0,1,0,1,0,0,1,0,0,0,0
715,4,294.9465663,0.620945831,1,0,1,0,1,0,1,0,0,0,0,1,0,0
66,5,424.8634348,0.246021039,1,0,0,0,1,0,1,0,0,1,0,0,0,0
261,2,795.6957709,0.100774799,1,0,0,1,0,0,1,0,0,0,1,0,0,0
308,8,421.3925115,0.323554962,1,1,1,0,1,0,0,0,1,1,0,0,0,0
229,4,1818.740511,0.17137366,0,1,0,0,1,0,0,1,0,0,1,0,0,0
183,4,410.2786607,0.227148821,0,0,0,0,1,0,1,0,0,0,0,0,1,0
582,2,160.101893,0.257492341,1,0,0,0,1,0,0,1,0,1,0,0,0,0
457,7,228.3818509,0.241917794,1,0,1,0,1,0,1,0,0,0,0,1,0,0
575,7,500.6394804,0.173219822,0,0,1,0,1,0,0,1,0,0,0,0,1,0
638,3,1220.307867,0.654547753,2,0,1,0,1,0,0,1,0,1,0,0,0,0
553,3,1628.534912,0.221099324,4,1,1,0,1,0,1,0,0,1,0,0,0,0
631,3,163.9391522,0.206967549,1,0,0,0,1,0,1,0,0,1,0,0,0,0
486,4,2.782359021,0.158871615,0,0,0,0,1,0,0,0,1,0,0,1,0,0
262,2,1628.546828,0.273519761,4,1,1,0,1,0,1,0,0,1,0,0,0,0
711,2,207.2202019,0.074681332,1,0,0,1,0,0,1,0,0,0,0,0,0,1
382,1,1379.263041,0.635397673,1,0,1,0,1,0,0,0,1,1,0,0,0,0
312,4,640.1368799,0.159579551,3,0,1,0,0,1,0,0,1,0,0,1,0,0
464,5,414.1667958,0.327070396,0,1,1,0,1,0,1,0,0,1,0,0,0,0
317,5,126.9687992,0.06933461,1,1,0,0,0,1,0,1,0,1,0,0,0,0
416,4,891.8838052,0.373619216,2,0,0,0,1,0,1,0,0,0,0,1,0,0
568,4,1363.6909,0.426415937,3,0,1,0,1,0,0,0,1,0,0,0,1,0
569,6,494.5714676,0.231203693,1,0,0,0,1,0,1,0,0,0,1,0,0,0
320,4,472.9857762,0.097475817,0,0,0,0,0,1,0,1,0,0,0,1,0,0
402,6,1126.109518,0.328963562,2,0,0,0,1,0,1,0,0,1,0,0,0,0
714,7,554.7075478,0.323623535,2,0,1,0,1,0,0,1,0,0,1,0,0,0
599,5,1231.976439,0.732366395,1,0,1,0,1,0,0,1,0,1,0,0,0,0
915,2,44.50862615,0.064404575,1,0,1,0,1,0,1,0,0,1,0,0,0,0
736,3,1559.464249,0.059190114,2,0,1,0,1,0,0,0,1,1,0,0,0,0
728,8,243.1257464,0.368542031,1,0,1,0,1,0,1,0,0,1,0,0,0,0
222,2,148.2877724,0.180984039,2,0,0,0,1,0,0,0,1,0,1,0,0,0
652,5,26.2611583,0.277092026,0,0,1,0,1,0,0,1,0,1,0,0,0,0
489,5,1436.966355,0.113616212,2,0,0,0,0,1,0,0,1,1,0,0,0,0
389,1,49.59844889,0.107552285,3,0,1,0,1,0,0,1,0,1,0,0,0,0
533,3,2470.811839,0.229633691,2,0,0,0,1,0,1,0,0,1,0,0,0,0
689,6,665.6369059,0.059037805,2,0,0,0,0,1,1,0,0,1,0,0,0,0
600,5,959.6744208,0.580717146,1,0,0,0,1,0,0,1,0,0,1,0,0,0
324,5,1033.690901,0.241760307,2,0,0,0,1,0,1,0,0,1,0,0,0,0
648,2,277.022756,0.587101382,2,0,0,0,0,1,1,0,0,0,1,0,0,0
372,2,1313.810027,0.397705012,3,0,1,0,1,0,1,0,0,0,0,1,0,0
543,6,2338.590526,0.634626364,2,0,1,0,1,0,0,1,0,0,1,0,0,0
439,2,369.4393229,0.47130246,4,0,1,1,0,0,0,1,0,1,0,0,0,0
456,5,1443.143655,0.753214414,0,0,1,0,0,1,1,0,0,1,0,0,0,0
653,3,1182.867435,0.389761225,2,0,0,0,1,0,1,0,0,1,0,0,0,0
291,2,712.4903415,0.624050943,0,0,1,0,1,0,0,1,0,1,0,0,0,0
889,4,366.6067517,0.506196192,3,0,1,0,1,0,1,0,0,0,1,0,0,0
135,4,429.1681789,0.344808992,2,0,1,0,1,0,0,1,0,0,0,0,0,1
380,3,294.0830077,0.055739527,2,0,0,0,1,0,1,0,0,0,0,1,0,0
574,3,444.4777717,0.423420735,1,0,0,0,1,0,1,0,0,1,0,0,0,0
616,5,3654.832903,0.370749187,1,0,0,0,0,1,1,0,0,0,0,0,1,0
479,6,361.3095723,0.603606544,1,0,1,0,0,1,1,0,0,0,0,1,0,0
488,4,876.1180467,0.369468108,3,0,1,0,1,0,1,0,0,0,1,0,0,0
582,5,308.067099,0.268623342,1,0,0,0,1,0,0,0,1,0,0,1,0,0
453,3,502.8585316,0.518756975,1,0,1,0,1,0,0,1,0,1,0,0,0,0
778,3,69.99377449,0.560099718,0,0,0,0,1,0,1,0,0,1,0,0,0,0
667,4,1152.547171,0.275743096,1,0,0,0,1,0,1,0,0,1,0,0,0,0
674,4,865.461832,0.595258356,0,0,1,0,0,1,1,0,0,0,0,0,0,1
306,3,341.5369312,0.738771774,1,1,1,0,1,0,0,1,0,1,0,0,0,0
484,5,595.2908348,0.127590663,0,0,0,0,0,1,0,0,1,0,0,1,0,0
439,4,1645.96769,0.452242896,2,1,0,0,1,0,1,0,0,1,0,0,0,0
298,2,36.36007988,0.283098123,0,0,0,0,1,0,1,0,0,0,0,0,0,1
572,5,2129.886112,0.301782186,0,0,1,0,1,0,1,0,0,1,0,0,0,0
392,5,509.1104764,0.139750161,2,0,1,0,1,0,1,0,0,1,0,0,0,0
631,3,1570.923593,0.14379,0,0,0,0,0,1,1,0,0,1,0,0,0,0
285,3,1581.409339,0.214776155,3,0,1,0,0,1,0,1,0,1,0,0,0,0
843,2,48.40513832,0.398738695,2,0,0,0,1,0,0,0,1,1,0,0,0,0
320,2,1217.121745,0.081325328,1,0,0,0,1,0,0,1,0,1,0,0,0,0
543,6,1056.00805,0.226667313,1,0,1,0,1,0,0,0,1,1,0,0,0,0
658,3,35.32332117,0.523475571,2,1,0,1,0,0,1,0,0,0,0,0,0,1
385,6,2257.932517,0.47444501,3,0,1,0,0,1,0,1,0,1,0,0,0,0
670,5,805.296785,0.070164025,1,1,0,0,1,0,0,0,1,1,0,0,0,0
254,4,146.6903273,0.095542332,2,0,1,0,1,0,1,0,0,0,0,0,0,1
790,6,105.087295,0.458731702,3,1,1,0,1,0,0,0,1,1,0,0,0,0
502,5,660.3797674,0.490919415,2,1,0,0,1,0,1,0,0,0,0,1,0,0
380,3,48.5088223,0.367831687,1,0,1,0,1,0,0,0,1,1,0,0,0,0
440,3,143.6934812,0.130507926,0,0,0,0,1,0,1,0,0,1,0,0,0,0
661,4,2372.196684,0.248183819,2,0,0,0,0,1,1,0,0,0,1,0,0,0
383,2,1092.380808,0.112755752,3,0,1,0,1,0,1,0,0,1,0,0,0,0
350,1,760.4761926,0.511424988,0,0,0,0,1,0,1,0,0,1,0,0,0,0
455,4,187.3834422,0.222294888,2,0,0,0,0,1,0,0,1,0,0,1,0,0
264,7,197.2482887,0.080608564,0,0,1,0,1,0,1,0,0,0,0,1,0,0
864,5,472.2260491,0.375858131,3,0,1,0,1,0,0,1,0,1,0,0,0,0
386,2,1122.115489,0.230515783,1,0,0,0,1,0,0,0,1,1,0,0,0,0
666,5,3.14987621,0.336253509,1,0,0,0,1,0,0,0,1,1,0,0,0,0
541,4,36.22827458,0.418757392,1,0,1,0,1,0,0,0,1,0,1,0,0,0
303,3,1632.863855,0.464455378,0,0,0,0,1,0,0,0,1,0,0,0,1,0
498,6,1345.889438,0.221849065,2,0,0,0,0,1,1,0,0,1,0,0,0,0
656,3,949.1189161,0.406471255,3,0,1,0,1,0,0,0,1,1,0,0,0,0
462,4,553.7693134,0.441869524,1,0,0,0,0,1,1,0,0,0,0,1,0,0
738,4,125.4416794,0.358405286,2,0,0,0,1,0,1,0,0,1,0,0,0,0
704,4,86.27593832,0.747990945,1,0,1,0,0,1,1,0,0,0,0,0,0,1
683,5,1886.278077,0.22555359,2,0,0,0,1,0,0,1,0,0,1,0,0,0
408,1,385.689263,0.468341162,2,0,0,0,1,0,1,0,0,1,0,0,0,0
284,3,951.8524403,0.054654427,5,0,1,0,1,0,1,0,0,0,1,0,0,0
377,4,487.3361762,0.497624187,3,0,1,0,1,0,0,1,0,0,1,0,0,0
539,4,1050.223757,0.057389325,0,1,0,0,1,0,1,0,0,1,0,0,0,0
609,5,171.8515493,0.37186782,3,0,1,0,0,1,1,0,0,1,0,0,0,0
65,4,530.1997905,0.106189557,0,0,0,0,1,0,0,1,0,1,0,0,0,0
498,5,378.3954092,0.81832093,0,0,1,0,1,0,1,0,0,0,1,0,0,0
531,5,224.886927,0.357143653,1,0,1,0,1,0,0,1,0,0,0,0,0,1
444,3,728.4679086,0.232676917,1,1,0,0,0,1,0,1,0,0,0,0,1,0
758,6,615.9764376,0.117447757,1,1,0,0,1,0,0,0,1,0,0,0,1,0
584,1,547.6532482,0.261703976,2,1,1,0,0,1,0,0,1,0,0,1,0,0
762,6,715.4330764,0.399835506,2,0,0,1,0,0,1,0,0,0,1,0,0,0
456,2,123.0159868,0.560967311,1,0,0,0,1,0,1,0,0,1,0,0,0,0
687,2,370.3249683,0.218972214,2,0,0,0,1,0,0,0,1,1,0,0,0,0
827,7,314.0481173,0.582633942,0,0,1,0,0,1,0,1,0,0,0,0,0,1
762,7,1172.877803,0.2502178,3,0,1,0,1,0,0,1,0,1,0,0,0,0
281,4,29.10223681,0.174810204,1,0,0,0,1,0,0,1,0,1,0,0,0,0
449,4,264.9517949,0.267463499,1,0,0,0,0,1,0,1,0,0,0,1,0,0
430,3,2003.705309,0.375824963,0,0,1,1,0,0,1,0,0,1,0,0,0,0
597,4,285.7407972,0.405824393,2,0,0,0,0,1,0,1,0,1,0,0,0,0
637,3,131.8048858,0.50902783,4,0,1,0,1,0,0,0,1,1,0,0,0,0
332,6,1132.892985,0.455346626,2,0,0,0,1,0,1,0,0,0,0,1,0,0
513,5,39.22127374,0.277654528,0,0,1,0,1,0,1,0,0,1,0,0,0,0
96,2,444.5466142,0.0577662,3,0,1,0,1,0,0,1,0,0,0,1,0,0
788,3,1546.793515,0.634330694,2,1,1,0,1,0,0,0,1,1,0,0,0,0
397,11,2464.94169,0.350663985,3,0,1,0,1,0,0,0,1,1,0,0,0,0
511,7,229.1007481,0.317676054,1,0,1,0,1,0,0,1,0,0,0,0,0,1
438,3,281.0113824,0.29331216,1,0,0,0,0,1,0,1,0,1,0,0,0,0
729,1,670.0781105,0.521089796,0,0,0,0,0,1,0,0,1,0,0,0,0,1
64,7,205.5170137,0.297529289,3,0,1,0,0,1,1,0,0,1,0,0,0,0
496,3,130.7157482,0.663211716,0,0,1,0,1,0,0,0,1,1,0,0,0,0
478,4,444.074938,0.345055312,2,0,0,0,1,0,1,0,0,1,0,0,0,0
409,3,59.99272722,0.246090355,1,0,0,0,0,1,0,1,0,0,0,0,1,0
845,3,1797.114833,0.273905783,2,1,1,0,1,0,0,0,1,1,0,0,0,0
322,6,325.4087041,0.172221725,2,0,1,0,1,0,0,1,0,1,0,0,0,0
654,2,327.9208957,0.469535697,1,1,0,0,1,0,1,0,0,0,1,0,0,0
571,5,1253.766282,0.354917425,1,0,0,0,1,0,0,0,1,1,0,0,0,0
752,3,334.291357,0.514855088,0,0,0,0,1,0,0,1,0,1,0,0,0,0
366,6,1144.721666,0.273025042,1,0,0,0,0,1,1,0,0,0,0,0,1,0
353,3,159.9733906,0.795036994,2,1,1,0,0,1,1,0,0,0,0,1,0,0
719,3,602.2979392,0.352561853,3,0,1,0,1,0,1,0,0,0,0,0,0,1
585,5,1170.579961,0.426858934,2,0,0,0,1,0,1,0,0,1,0,0,0,0
191,2,478.1228548,0.206343412,1,1,0,0,0,1,0,1,0,1,0,0,0,0
392,6,59.61787381,0.115910932,1,0,1,0,1,0,0,1,0,0,0,1,0,0
577,5,1068.184017,0.227159732,1,1,1,0,1,0,0,0,1,0,0,0,0,1
667,3,545.064211,0.164880416,2,0,1,0,0,1,0,1,0,0,0,1,0,0
364,7,304.3247309,0.204318026,1,0,1,0,0,1,1,0,0,0,0,1,0,0
64,5,3946.465638,0.417428737,2,0,0,0,0,1,1,0,0,1,0,0,0,0
604,3,1670.445078,0.414261429,0,0,0,0,1,0,1,0,0,0,1,0,0,0
255,4,30.84510835,0.195460139,1,0,0,0,1,0,0,0,1,0,0,1,0,0
96,6,720.4402718,0.39633347,4,0,1,0,0,1,1,0,0,1,0,0,0,0
64,2,350.2692414,0.052834794,3,1,1,0,1,0,1,0,0,0,0,1,0,0
662,3,30.49817022,0.126103569,2,0,0,0,0,1,0,1,0,0,0,1,0,0
525,4,9.089058426,0.268299499,1,0,0,0,1,0,0,0,1,1,0,0,0,0
454,1,701.1903477,0.13421439,2,0,0,0,0,1,1,0,0,0,0,0,0,1
777,5,308.6837163,0.563764571,4,0,1,0,1,0,1,0,0,0,0,1,0,0
627,6,972.0707005,0.39807039,0,0,0,0,1,0,1,0,0,0,0,1,0,0
823,5,484.7265501,0.180631806,1,0,0,0,1,0,1,0,0,1,0,0,0,0
221,5,1163.650199,0.386588982,4,0,1,0,1,0,1,0,0,0,0,0,0,1
493,3,1341.596457,0.554404468,2,0,0,0,1,0,0,1,0,0,0,0,1,0
176,5,856.5667696,0.404951564,2,0,0,0,1,0,0,1,0,1,0,0,0,0
454,2,432.9902143,0.256475707,2,0,0,0,0,1,1,0,0,1,0,0,0,0
450,7,3570.745574,0.445218439,1,1,1,0,1,0,0,1,0,0,1,0,0,0
625,7,293.0171094,0.254571096,3,0,1,0,1,0,1,0,0,1,0,0,0,0
509,5,578.1915299,0.112187006,0,0,1,0,1,0,0,0,1,1,0,0,0,0
624,1,587.8491278,0.3416868,2,0,0,0,0,1,0,0,1,0,0,0,0,1
640,3,447.3670884,0.201343493,2,0,1,0,1,0,0,1,0,1,0,0,0,0
930,5,103.5543867,0.252997029,1,0,0,0,1,0,1,0,0,0,0,1,0,0
436,3,349.492911,0.087273248,1,0,0,0,0,1,0,0,1,1,0,0,0,0
311,2,193.850644,0.145295649,2,0,0,0,1,0,0,0,1,1,0,0,0,0
549,6,1840.926434,0.274908221,1,0,0,0,1,0,1,0,0,1,0,0,0,0
339,6,852.2389204,0.097556965,1,0,0,0,1,0,1,0,0,1,0,0,0,0
796,6,271.5331393,0.40166422,1,0,1,0,0,1,1,0,0,1,0,0,0,0
443,5,667.2758872,0.378166514,2,0,0,0,1,0,1,0,0,0,1,0,0,0
386,5,1534.988324,0.604181131,2,0,1,0,0,1,1,0,0,0,0,0,1,0
405,4,2179.764443,0.204980696,0,0,1,0,0,1,0,1,0,0,0,0,0,1
643,2,62.39999087,0.109239547,2,0,0,0,1,0,1,0,0,1,0,0,0,0
468,3,1236.826909,0.007648421,3,0,1,0,0,1,1,0,0,1,0,0,0,0
371,5,2712.398051,0.165420427,3,0,1,0,1,0,1,0,0,0,1,0,0,0
833,2,503.7561029,0.288028669,1,0,0,0,1,0,1,0,0,1,0,0,0,0
328,4,4329.011496,0.693090887,3,0,1,0,1,0,0,1,0,0,1,0,0,0
507,5,2518.696441,0.457310224,0,0,0,0,0,1,0,1,0,0,1,0,0,0
630,5,855.7664901,0.166483437,1,0,1,0,1,0,1,0,0,0,0,0,0,1
173,4,1505.057152,0.571558151,1,0,0,0,1,0,1,0,0,1,0,0,0,0
596,9,281.4217009,0.417937797,1,0,1,0,1,0,0,1,0,1,0,0,0,0
288,5,1995.613184,0.251072227,2,0,0,0,1,0,0,0,1,1,0,0,0,0
664,3,716.9730822,0.088924354,1,0,1,0,1,0,0,1,0,1,0,0,0,0
307,3,570.1341178,0.123024205,0,0,0,0,1,0,1,0,0,0,0,0,0,1
638,3,1444.662851,0.649984961,1,0,1,0,1,0,0,1,0,1,0,0,0,0
721,5,1762.151109,0.079606954,1,0,0,0,1,0,1,0,0,0,0,1,0,0
672,3,966.5160419,0.469088782,3,0,1,0,1,0,1,0,0,1,0,0,0,0
550,8,20.2840178,0.156944343,2,0,1,0,1,0,1,0,0,1,0,0,0,0
453,6,727.4642926,0.286256046,2,0,1,0,0,1,1,0,0,1,0,0,0,0
384,2,1379.232343,0.197528669,2,0,0,1,0,0,0,0,1,1,0,0,0,0
794,2,630.4399908,0.793389823,0,0,1,0,1,0,0,0,1,1,0,0,0,0
360,3,2184.956524,0.48417686,1,0,0,0,1,0,1,0,0,0,0,1,0,0
292,5,1820.889971,0.269928976,2,0,0,1,0,0,0,0,1,1,0,0,0,0
633,4,603.4671964,0.414592233,1,0,0,0,0,1,1,0,0,0,1,0,0,0
340,3,413.7845979,0.588717238,1,0,0,0,1,0,0,1,0,0,0,0,1,0
309,3,45.32100401,0.135955974,1,0,0,0,1,0,0,1,0,0,0,0,1,0
211,1,801.0383707,0.656957534,2,0,1,0,1,0,0,1,0,1,0,0,0,0
403,7,247.3585328,0.552770868,1,0,1,0,1,0,1,0,0,1,0,0,0,0
483,3,883.1869001,0.348445834,1,0,0,0,1,0,0,0,1,0,1,0,0,0
548,2,1282.610562,0.273078282,2,0,1,0,0,1,1,0,0,0,0,1,0,0
690,6,420.3366413,0.691890574,1,0,1,0,1,0,0,1,0,1,0,0,0,0
605,2,12.56596572,0.424927943,0,0,0,0,1,0,0,1,0,0,0,0,1,0
461,3,1603.487638,0.193278137,2,0,0,0,0,1,0,0,1,1,0,0,0,0
460,8,637.0429606,0.203025142,1,0,1,0,0,1,1,0,0,1,0,0,0,0
602,4,302.4256133,0.580273523,4,0,1,0,0,1,0,1,0,1,0,0,0,0
754,1,803.6518779,0.114172478,1,0,1,1,0,0,1,0,0,1,0,0,0,0
525,7,897.6540842,0.176055948,0,0,1,0,1,0,0,1,0,0,0,1,0,0
406,4,127.6344136,0.166110475,2,0,0,1,0,0,0,1,0,1,0,0,0,0
301,3,831.6746205,0.177466421,1,0,0,0,0,1,1,0,0,0,0,1,0,0
210,6,270.2679501,0.446760714,0,0,1,0,1,0,1,0,0,0,0,1,0,0
633,6,1302.182527,0.601514695,2,1,1,0,1,0,1,0,0,0,0,1,0,0
615,3,2271.127513,0.24987656,1,1,0,0,1,0,1,0,0,0,0,1,0,0
615,6,86.66292654,0.136840282,3,1,1,0,0,1,0,1,0,0,0,0,0,1
474,6,1994.587842,0.462220579,2,0,0,0,1,0,0,0,1,0,1,0,0,0
781,8,1870.122067,0.316120199,1,0,1,0,1,0,0,1,0,1,0,0,0,0
403,4,335.9445265,0.140331341,2,1,0,0,1,0,0,1,0,1,0,0,0,0
691,5,23.40754253,0.381428767,1,1,1,0,1,0,0,0,1,1,0,0,0,0
492,5,870.6731002,0.249498193,3,0,1,0,1,0,0,1,0,0,1,0,0,0
378,4,338.143352,0.02397187,2,0,0,0,1,0,1,0,0,0,1,0,0,0
618,3,170.2056388,0.203889959,4,0,1,0,0,1,0,1,0,1,0,0,0,0
581,5,91.93771579,0.468662029,1,1,0,0,1,0,0,1,0,0,0,0,1,0
571,4,174.5510392,0.335737887,2,1,0,0,1,0,0,0,1,1,0,0,0,0
516,4,216.8874184,0.171891932,1,0,1,0,1,0,0,0,1,1,0,0,0,0
492,5,1271.024281,0.290061464,1,0,1,0,1,0,0,0,1,0,0,0,0,1
977,2,1225.313057,0.3943842,1,0,0,0,1,0,1,0,0,1,0,0,0,0
736,4,545.6300277,0.469252977,3,0,1,0,1,0,1,0,0,1,0,0,0,0
644,5,644.7397434,0.157941005,3,1,1,0,1,0,0,1,0,0,0,1,0,0
522,5,1999.0406,0.244417788,1,0,0,0,1,0,1,0,0,1,0,0,0,0
701,4,1909.122956,0.532463965,3,0,1,0,1,0,0,1,0,1,0,0,0,0
603,2,1411.348764,0.476312626,3,0,1,0,1,0,0,1,0,0,0,1,0,0
505,11,375.0739008,0.648890697,2,0,1,0,1,0,0,1,0,1,0,0,0,0
439,7,365.2623954,0.422815616,1,1,1,0,1,0,1,0,0,0,0,1,0,0
483,5,1750.567363,0.220288965,3,0,1,0,1,0,0,1,0,0,1,0,0,0
64,4,2088.523571,0.543388802,3,0,1,0,0,1,0,1,0,1,0,0,0,0
542,5,1281.392677,0.188609984,0,0,0,0,0,1,0,1,0,0,0,1,0,0
402,5,1132.202969,0.32490318,3,0,1,0,1,0,0,0,1,0,1,0,0,0
818,4,653.453231,0.19612469,1,0,0,0,1,0,0,0,1,1,0,0,0,0
503,2,330.3965952,0.093545697,1,0,1,0,1,0,1,0,0,1,0,0,0,0
262,9,220.2156144,0.49254751,2,0,1,0,1,0,0,0,1,0,0,1,0,0
490,5,120.9730732,0.412074365,1,0,0,0,0,1,1,0,0,0,1,0,0,0
290,7,1042.156293,0.147050805,0,0,1,0,0,1,0,1,0,0,0,1,0,0
594,3,1200.390821,0.366486998,2,0,0,0,0,1,0,0,1,0,1,0,0,0
558,4,355.3379526,0.367628666,2,0,0,0,0,1,0,1,0,0,1,0,0,0
691,5,4.84761029,0.160462882,2,0,0,0,0,1,1,0,0,0,1,0,0,0
341,4,2232.22788,0.489442793,1,1,0,0,1,0,1,0,0,1,0,0,0,0
506,3,459.7074539,0.540914763,2,0,0,0,1,0,0,0,1,1,0,0,0,0
226,4,2938.122972,0.362680002,4,1,1,0,0,1,1,0,0,1,0,0,0,0
640,4,904.9734364,0.352928168,3,0,1,0,1,0,0,0,1,0,0,1,0,0
603,4,105.923676,0.157096728,2,0,1,0,1,0,0,1,0,1,0,0,0,0
599,4,316.7511508,0.132254184,2,0,1,0,1,0,0,0,1,0,0,0,1,0
500,2,856.1369837,0.325309796,1,0,0,0,0,1,1,0,0,1,0,0,0,0
582,3,838.151661,0.512791425,1,0,0,0,1,0,1,0,0,1,0,0,0,0
820,5,211.1572553,0.456346137,3,0,1,0,1,0,1,0,0,1,0,0,0,0
442,1,155.7001362,0.608595433,2,0,1,1,0,0,0,1,0,1,0,0,0,0
527,5,259.2453984,0.157580075,2,1,1,0,0,1,1,0,0,1,0,0,0,0
282,3,1236.764893,0.553713164,1,0,0,1,0,0,1,0,0,0,0,0,1,0
326,3,221.5201134,0.450624572,1,0,0,0,1,0,0,0,1,1,0,0,0,0
519,6,967.9409916,0.598957293,0,0,1,0,1,0,0,1,0,1,0,0,0,0
720,4,1632.174263,0.222349872,2,0,0,0,0,1,1,0,0,1,0,0,0,0
448,2,397.5675559,0.255831301,3,0,1,0,1,0,0,1,0,1,0,0,0,0
452,2,5.614889646,0.082220894,2,0,1,0,1,0,0,1,0,1,0,0,0,0
418,1,122.4815381,0.545892589,0,0,0,0,1,0,0,1,0,0,0,0,1,0
393,3,299.05324,0.492419213,2,0,0,0,1,0,0,1,0,0,0,1,0,0
558,3,168.5316179,0.438958044,1,0,0,0,1,0,0,1,0,0,1,0,0,0
200,5,273.4443783,0.192877222,1,0,1,0,1,0,1,0,0,0,0,0,0,1
756,4,628.2836321,0.33474814,2,0,0,0,1,0,1,0,0,1,0,0,0,0
366,1,17.04518322,0.586594616,1,0,0,0,0,1,0,1,0,1,0,0,0,0
644,1,53.15246922,0.30678354,3,1,1,0,1,0,0,1,0,0,0,1,0,0
246,5,1548.906755,0.236394215,1,0,0,0,1,0,0,0,1,0,0,1,0,0
633,3,591.0509416,0.255166735,2,0,0,0,1,0,1,0,0,0,0,1,0,0
634,1,2193.257991,0.105288561,1,1,0,0,1,0,1,0,0,0,1,0,0,0
576,3,2.624788728,0.191103603,1,0,0,0,0,1,1,0,0,1,0,0,0,0
301,6,0.5,0.15441922,2,0,0,0,1,0,1,0,0,1,0,0,0,0
549,7,1076.418664,0.346483542,1,0,1,0,0,1,1,0,0,1,0,0,0,0
263,4,517.3968016,0.560566375,4,0,1,0,1,0,1,0,0,1,0,0,0,0
449,9,1960.852734,0.501792704,2,0,1,0,1,0,0,1,0,1,0,0,0,0
705,7,1235.60942,0.431908127,0,0,1,0,1,0,1,0,0,1,0,0,0,0
659,5,560.8832634,0.331351192,1,0,0,0,1,0,1,0,0,0,0,1,0,0
503,5,520.8736242,0.235948968,2,0,0,0,1,0,0,1,0,1,0,0,0,0
305,1,1333.570685,0.464714831,1,1,0,0,1,0,0,0,1,1,0,0,0,0
629,3,1302.514912,0.485028658,0,0,0,0,1,0,1,0,0,1,0,0,0,0
503,2,259.4157797,0.542911484,2,0,0,0,0,1,1,0,0,1,0,0,0,0
64,1,898.2506928,0.391564205,1,0,1,0,0,1,0,1,0,0,1,0,0,0
656,2,824.4689557,0.149041797,1,0,0,0,1,0,1,0,0,1,0,0,0,0
495,2,1550.823157,0.109184236,2,0,0,0,1,0,1,0,0,0,1,0,0,0
740,3,1623.482969,0.200659489,1,0,0,0,1,0,0,0,1,0,1,0,0,0
280,4,249.8865832,0.176213217,3,0,1,1,0,0,0,0,1,0,0,1,0,0
64,3,1694.495696,0.539449401,1,1,0,0,1,0,0,1,0,0,1,0,0,0
555,4,2067.652059,0.287387093,1,0,0,0,1,0,1,0,0,0,0,1,0,0
558,1,92.90052688,0.272230138,2,0,1,0,1,0,1,0,0,1,0,0,0,0
161,6,682.1762016,0.353888179,1,0,0,0,1,0,0,1,0,1,0,0,0,0
304,3,458.8187958,0.267733284,0,0,0,0,1,0,0,1,0,0,0,1,0,0
1051,3,411.3111564,0.43079275,2,0,0,0,1,0,0,1,0,1,0,0,0,0
438,1,976.1614123,0.298957021,2,0,0,0,0,1,1,0,0,0,0,1,0,0
646,6,111.0128421,0.305954419,1,1,0,0,0,1,1,0,0,1,0,0,0,0
369,3,1371.59793,0.510991632,1,0,0,0,1,0,1,0,0,1,0,0,0,0
81,4,21.56767483,0.525088199,0,0,0,0,1,0,0,0,1,1,0,0,0,0
465,8,690.77053,0.129595481,1,0,1,0,1,0,0,1,0,0,0,1,0,0
446,6,204.2854984,0.438391699,1,0,0,0,0,1,1,0,0,1,0,0,0,0
420,3,880.8175577,0.067220756,2,0,0,0,0,1,0,0,1,0,1,0,0,0
477,3,596.2801109,0.202505108,1,0,0,0,1,0,0,0,1,0,1,0,0,0
552,4,6642.41082,0.627044457,1,0,1,0,1,0,0,1,0,1,0,0,0,0
469,4,1586.273269,0.501537191,0,0,0,0,1,0,0,1,0,1,0,0,0,0
247,5,328.3412067,0.256931847,1,0,0,0,1,0,1,0,0,1,0,0,0,0
597,5,601.4391293,0.474493953,3,1,1,0,1,0,1,0,0,0,0,1,0,0
110,3,305.9600591,0.07361208,1,0,0,1,0,0,0,1,0,1,0,0,0,0
89,2,1043.89978,0.359907634,0,0,0,0,1,0,0,0,1,0,1,0,0,0
647,5,439.1171481,0.619878208,2,0,1,0,1,0,0,1,0,1,0,0,0,0
601,2,98.12992308,0.711980001,1,0,1,0,0,1,1,0,0,0,0,1,0,0
488,10,864.9414412,0.515418633,0,0,1,0,1,0,0,1,0,0,1,0,0,0
220,4,8.901376712,0.235379056,4,0,1,1,0,0,0,0,1,1,0,0,0,0
358,7,282.2488797,0.096667601,1,0,1,0,1,0,0,1,0,0,1,0,0,0
447,6,1901.356273,0.524251498,1,0,0,0,0,1,1,0,0,0,0,0,1,0
180,4,79.12671033,0.593584956,1,0,1,0,1,0,0,0,1,0,0,1,0,0
352,5,561.6304548,0.087812763,3,0,1,0,1,0,1,0,0,0,1,0,0,0
630,5,1268.141622,0.292403075,2,0,1,0,1,0,1,0,0,1,0,0,0,0
785,2,1878.920995,0.10010038,2,0,0,0,1,0,0,0,1,1,0,0,0,0
416,3,656.4904885,0.69830016,0,0,1,0,1,0,0,1,0,1,0,0,0,0
651,2,133.0150204,0.118195963,2,0,0,1,0,0,0,1,0,0,1,0,0,0
117,6,2262.243296,0.483197797,1,0,0,0,0,1,1,0,0,0,1,0,0,0
631,1,1106.667304,0.164104161,1,0,0,0,1,0,0,1,0,1,0,0,0,0
339,7,402.9083715,0.204397411,1,0,1,0,1,0,0,0,1,0,0,1,0,0
561,3,259.4555359,0.399447298,2,0,0,0,0,1,1,0,0,1,0,0,0,0
450,2,39.11398663,0.347473055,0,0,0,0,0,1,1,0,0,1,0,0,0,0
764,3,169.9915722,0.703895297,2,0,1,0,1,0,1,0,0,0,0,1,0,0
325,2,1202.899428,0.463435678,1,0,0,0,0,1,1,0,0,0,0,1,0,0
625,4,91.99441413,0.154675672,1,0,0,0,1,0,0,1,0,1,0,0,0,0
444,5,110.8696382,0.431599149,2,0,0,0,1,0,1,0,0,0,0,1,0,0
468,4,174.4578474,0.470167118,1,0,0,0,1,0,0,1,0,1,0,0,0,0
463,3,402.4734586,0.298120105,0,0,0,0,0,1,1,0,0,1,0,0,0,0
330,6,167.6599636,0.351460156,0,0,1,0,1,0,0,1,0,0,1,0,0,0
497,7,1877.258876,0.094210654,0,1,1,0,1,0,1,0,0,0,1,0,0,0
487,1,238.3533234,0.451946242,2,0,0,0,1,0,0,1,0,0,0,1,0,0
548,6,2015.475379,0.067540425,2,1,0,0,1,0,0,1,0,0,1,0,0,0
516,3,3356.730932,0.156964206,2,1,1,0,1,0,0,1,0,1,0,0,0,0
659,4,1124.555811,0.47767679,0,0,0,0,1,0,0,0,1,1,0,0,0,0
684,6,5.971881899,0.327251022,2,0,1,0,1,0,0,0,1,0,0,0,0,1
289,4,219.5706532,0.318359409,0,0,0,0,1,0,0,0,1,1,0,0,0,0
673,4,248.851634,0.456597635,0,0,0,0,0,1,0,0,1,0,0,0,1,0
262,4,626.0280212,0.345106086,0,0,0,0,1,0,1,0,0,1,0,0,0,0
617,11,137.9543639,0.444745534,0,0,1,0,0,1,0,1,0,1,0,0,0,0
623,4,64.28733888,0.081210538,0,0,0,0,1,0,1,0,0,1,0,0,0,0
117,1,155.2151971,0.419259675,0,1,1,0,1,0,0,0,1,1,0,0,0,0
518,5,317.2264539,0.270879655,2,1,0,0,1,0,0,0,1,1,0,0,0,0
406,6,40.36962361,0.126177257,1,0,0,0,1,0,1,0,0,1,0,0,0,0
348,2,173.8924542,0.354009609,3,0,1,0,1,0,0,1,0,1,0,0,0,0
770,9,146.6768325,0.257099364,2,0,1,0,0,1,0,0,1,0,0,0,0,1
369,5,1183.98951,0.240957669,4,0,1,0,0,1,0,1,0,0,0,1,0,0
338,3,148.6531673,0.60725271,1,0,1,0,1,0,1,0,0,0,1,0,0,0
515,1,1254.40466,0.359560458,1,0,1,0,1,0,1,0,0,1,0,0,0,0
637,2,567.717487,0.447348656,2,0,0,1,0,0,0,1,0,0,0,1,0,0
471,3,1134.572136,0.592737069,2,0,0,0,1,0,1,0,0,1,0,0,0,0
733,4,478.7889047,0.33365255,0,0,0,0,1,0,0,1,0,1,0,0,0,0
606,1,1850.554323,0.255775948,1,1,0,1,0,0,0,0,1,0,0,0,0,1
64,2,258.9444444,0.100943203,1,0,0,1,0,0,1,0,0,1,0,0,0,0
394,3,1164.710564,0.413668674,1,0,0,0,1,0,0,1,0,0,1,0,0,0
387,4,142.7465138,0.28931061,2,0,1,0,1,0,0,1,0,1,0,0,0,0
595,3,1714.037593,0.28009287,2,0,0,0,1,0,1,0,0,1,0,0,0,0
64,4,23.08254052,0.436704213,2,0,0,0,0,1,0,0,1,1,0,0,0,0
1009,8,489.1595637,0.296526337,1,1,1,0,0,1,1,0,0,0,0,1,0,0
606,3,437.519183,0.411604751,1,0,0,0,1,0,1,0,0,1,0,0,0,0
529,3,782.0876815,0.475908914,0,0,0,0,0,1,0,0,1,0,0,1,0,0
736,4,465.1892794,0.219793774,2,0,0,0,0,1,0,1,0,0,1,0,0,0
968,2,711.2881383,0.42061716,2,0,0,0,1,0,1,0,0,0,1,0,0,0
674,5,1582.681114,0.420240178,0,0,0,0,0,1,1,0,0,1,0,0,0,0
689,4,122.5475406,0.322700605,1,0,0,0,1,0,1,0,0,1,0,0,0,0
526,1,223.927031,0.047725119,1,0,0,0,1,0,0,0,1,1,0,0,0,0
471,4,1298.91028,0.086614096,2,0,0,0,1,0,1,0,0,1,0,0,0,0
404,2,207.0828814,0.539909163,0,0,0,0,0,1,0,0,1,0,0,0,0,1
334,4,1888.629089,0.418084681,1,0,0,0,1,0,1,0,0,0,0,1,0,0
362,1,622.6353161,0.494816224,2,0,1,0,1,0,0,1,0,0,1,0,0,0
229,5,68.32808821,0.3312629,3,0,1,0,0,1,0,1,0,1,0,0,0,0
484,6,16.70134134,0.212951174,2,0,0,0,1,0,1,0,0,1,0,0,0,0
163,3,1151.434096,0.272177239,2,0,0,0,0,1,1,0,0,1,0,0,0,0
538,5,1552.305029,0.232040517,1,0,0,0,1,0,1,0,0,1,0,0,0,0
492,3,219.4069615,0.475612443,1,1,0,0,1,0,0,1,0,1,0,0,0,0
529,11,220.3708498,0.294029093,1,0,1,0,1,0,0,0,1,1,0,0,0,0
395,4,2465.068806,0.546207046,2,0,0,0,0,1,0,0,1,0,0,1,0,0
1115,3,854.1262173,0.44102695,0,1,0,0,1,0,1,0,0,1,0,0,0,0
772,3,146.7673107,0.183522439,1,0,0,0,1,0,0,0,1,1,0,0,0,0
251,1,476.2168784,0.503571298,2,0,0,0,0,1,1,0,0,1,0,0,0,0
546,3,1930.242493,0.16091276,0,0,0,0,1,0,0,0,1,1,0,0,0,0
378,6,776.5430383,0.343201984,3,0,1,1,0,0,0,1,0,1,0,0,0,0
297,3,418.6824791,0.168949911,3,0,1,0,0,1,0,0,1,1,0,0,0,0
231,3,130.9884413,0.46082819,4,0,1,0,1,0,1,0,0,0,0,1,0,0
586,8,1035.707123,0.294692083,2,0,1,0,1,0,0,1,0,1,0,0,0,0
363,3,258.7721923,0.555778229,0,0,0,0,1,0,0,1,0,0,1,0,0,0
693,3,667.6040176,0.503043797,2,0,0,0,1,0,1,0,0,0,0,1,0,0
698,4,733.313035,0.268632971,3,0,1,0,0,1,0,0,1,0,0,1,0,0
774,6,648.5532632,0.489039781,0,0,1,1,0,0,1,0,0,0,0,0,0,1
329,4,226.4133555,0.655348862,1,0,1,0,1,0,0,0,1,1,0,0,0,0
595,3,985.5538483,0.421276494,2,0,0,0,1,0,0,0,1,0,1,0,0,0
626,2,667.8607776,0.11778725,2,0,0,0,1,0,0,1,0,1,0,0,0,0
405,1,413.5862054,0.058191908,1,0,0,0,1,0,1,0,0,1,0,0,0,0
345,2,42.83105311,0.564378706,0,1,0,0,1,0,1,0,0,0,0,1,0,0
821,5,321.8924882,0.399351138,2,0,0,0,1,0,0,0,1,1,0,0,0,0
545,4,347.6443358,0.198062052,0,1,0,0,1,0,0,1,0,1,0,0,0,0
627,1,1252.962388,0.157000454,0,0,0,0,1,0,0,0,1,0,1,0,0,0
335,5,576.3276643,0.201741219,0,0,0,0,0,1,1,0,0,1,0,0,0,0
256,6,2151.997691,0.560755474,3,1,1,0,1,0,0,0,1,1,0,0,0,0
386,4,1111.374493,0.750967504,2,0,1,0,0,1,0,0,1,0,0,1,0,0
475,3,617.7603601,0.674198812,2,0,1,0,1,0,0,0,1,1,0,0,0,0
287,1,147.9904604,0.192510432,2,1,0,0,0,1,1,0,0,1,0,0,0,0
498,4,199.8294839,0.329723541,1,1,0,0,1,0,1,0,0,1,0,0,0,0
162,5,139.5583013,0.345928508,1,0,0,0,0,1,1,0,0,1,0,0,0,0
275,4,467.9376741,0.406411237,3,0,1,0,0,1,0,1,0,1,0,0,0,0
634,3,1025.619219,0.491751282,2,1,1,0,1,0,0,1,0,1,0,0,0,0
620,4,1139.445662,0.516618265,2,0,1,0,1,0,1,0,0,1,0,0,0,0
421,4,80.8745779,0.307942968,3,0,1,0,0,1,1,0,0,1,0,0,0,0
296,3,548.0016909,0.267128962,1,0,0,0,0,1,0,1,0,0,0,1,0,0
294,4,525.3605704,0.184386272,2,0,0,0,0,1,1,0,0,1,0,0,0,0
425,6,462.2658785,0.528785218,1,0,0,0,0,1,1,0,0,0,1,0,0,0
628,4,286.7308751,0.756717163,2,1,1,0,1,0,1,0,0,0,1,0,0,0
685,3,516.7178941,0.087461696,1,0,0,0,1,0,0,1,0,1,0,0,0,0
400,2,581.5397839,0.069340094,2,0,0,0,1,0,1,0,0,0,1,0,0,0
269,7,732.4251491,0.12993965,2,0,1,1,0,0,0,1,0,1,0,0,0,0
553,6,379.0360603,0.410793352,2,0,0,0,1,0,1,0,0,1,0,0,0,0
335,8,2321.802804,0.5806474,0,0,1,0,1,0,1,0,0,0,0,0,0,1
396,1,331.0059082,0.335951658,2,0,0,0,0,1,0,1,0,0,0,1,0,0
765,6,1803.424,0.11908198,0,0,0,0,0,1,0,1,0,0,1,0,0,0
665,6,1292.580184,0.283148712,2,0,0,0,1,0,1,0,0,1,0,0,0,0
531,2,500.7957236,0.36080637,3,0,1,0,1,0,1,0,0,0,0,0,1,0
245,3,548.6392032,0.326801318,2,0,0,0,1,0,1,0,0,0,0,0,1,0
542,4,1631.325356,0.416662047,1,1,0,0,1,0,1,0,0,1,0,0,0,0
712,1,542.9616242,0.244550018,1,0,0,0,0,1,0,1,0,0,1,0,0,0
424,2,909.9978627,0.227200032,1,0,0,0,1,0,0,0,1,1,0,0,0,0
770,9,1325.655129,0.315176412,1,1,1,0,0,1,1,0,0,0,0,1,0,0
758,3,1907.741126,0.622052456,2,0,1,0,0,1,1,0,0,0,0,1,0,0
832,2,196.8883902,0.015134917,0,1,0,0,1,0,1,0,0,0,1,0,0,0
561,5,2962.894692,0.212021407,1,0,0,0,1,0,0,0,1,0,0,1,0,0
617,5,2689.586793,0.482737323,2,0,1,0,1,0,1,0,0,0,0,0,0,1
782,2,282.3227589,0.336306019,3,0,1,0,1,0,1,0,0,1,0,0,0,0
589,5,760.9710413,0.336708471,2,0,0,0,1,0,1,0,0,0,1,0,0,0
399,4,38.4434268,0.504357388,2,1,0,0,0,1,0,1,0,1,0,0,0,0
410,5,146.9722686,0.431633182,2,0,0,0,1,0,0,0,1,1,0,0,0,0
547,6,701.3045098,0.460724036,1,1,0,0,0,1,1,0,0,1,0,0,0,0
241,5,840.1005722,0.402009072,1,0,1,0,1,0,1,0,0,0,1,0,0,0
471,2,611.8915455,0.298944121,2,1,0,0,1,0,1,0,0,1,0,0,0,0
719,5,975.8708221,0.248400519,1,1,0,1,0,0,1,0,0,0,0,1,0,0
64,4,1259.607136,0.616012857,2,0,1,0,1,0,0,0,1,0,0,1,0,0
806,2,147.5786088,0.162427187,2,0,0,0,1,0,0,1,0,1,0,0,0,0
724,3,862.1476369,0.379728102,2,1,1,0,1,0,1,0,0,1,0,0,0,0
408,5,661.5225116,0.154322034,1,1,0,0,1,0,1,0,0,1,0,0,0,0
608,3,100.0753765,0.568525467,1,1,0,0,0,1,0,0,1,1,0,0,0,0
500,3,207.6432428,0.373485604,0,0,0,0,1,0,0,1,0,1,0,0,0,0
745,4,435.3253442,0.549966393,1,0,0,0,1,0,0,1,0,1,0,0,0,0
696,4,1594.660609,0.537422964,2,0,0,0,1,0,0,1,0,1,0,0,0,0
219,6,195.7244075,0.236120849,2,0,0,0,0,1,0,1,0,0,0,1,0,0
617,4,161.6182308,0.446030656,2,0,0,0,1,0,1,0,0,1,0,0,0,0
458,5,1021.096395,0.319576757,2,0,0,0,1,0,1,0,0,0,1,0,0,0
516,5,2976.888856,0.253707352,1,0,0,0,1,0,0,0,1,1,0,0,0,0
354,8,474.3935622,0.39655123,2,1,1,0,1,0,1,0,0,1,0,0,0,0
849,6,344.7957224,0.316000878,1,0,0,0,1,0,1,0,0,0,0,0,1,0
708,8,234.3600344,0.4983047,1,0,1,0,1,0,0,0,1,1,0,0,0,0
352,5,40.81644519,0.242578221,2,0,1,0,1,0,1,0,0,0,0,0,1,0
233,5,157.2150467,0.220560907,1,0,0,0,1,0,0,1,0,1,0,0,0,0
422,5,78.45644719,0.048688475,2,0,0,0,1,0,0,1,0,0,0,0,1,0
586,4,545.1354646,0.234168787,2,0,1,0,0,1,1,0,0,1,0,0,0,0
548,3,3060.585499,0.4307106,3,0,1,0,0,1,1,0,0,1,0,0,0,0
750,4,1238.683373,0.220772042,0,0,0,0,1,0,1,0,0,1,0,0,0,0
657,6,736.4199138,0.122903211,1,0,0,0,1,0,1,0,0,0,0,1,0,0
693,6,533.4196441,0.257753398,1,0,0,0,1,0,1,0,0,0,0,1,0,0
565,1,768.1564601,0.243986601,1,0,0,0,0,1,0,1,0,1,0,0,0,0
222,1,377.318087,0.174104216,1,0,0,0,1,0,0,0,1,1,0,0,0,0
460,8,157.1869767,0.29236712,2,0,1,0,0,1,1,0,0,1,0,0,0,0
712,2,712.8369658,0.610782795,2,0,1,0,1,0,1,0,0,1,0,0,0,0
489,6,600.79612,0.25461376,2,0,0,0,1,0,0,0,1,1,0,0,0,0
600,1,2313.626815,0.312361145,3,0,1,1,0,0,1,0,0,1,0,0,0,0
436,4,839.4757269,0.461969137,0,0,0,0,0,1,0,1,0,1,0,0,0,0
294,4,1187.762862,0.348825122,2,0,1,0,0,1,0,1,0,0,1,0,0,0
475,6,77.82721121,0.429917018,2,0,0,0,1,0,1,0,0,1,0,0,0,0
561,6,1144.822533,0.387365653,3,0,1,0,1,0,1,0,0,0,1,0,0,0
368,6,3252.551442,0.165799159,0,0,0,0,1,0,0,1,0,1,0,0,0,0
452,3,857.1765292,0.514418997,2,0,0,0,1,0,0,0,1,0,1,0,0,0
312,5,1084.096144,0.140299829,1,0,0,0,1,0,0,1,0,1,0,0,0,0
723,6,3110.693869,0.168886789,3,1,1,0,1,0,0,1,0,0,1,0,0,0
441,2,397.1105746,0.697271038,1,0,1,0,1,0,0,1,0,1,0,0,0,0
790,1,1390.628864,0.339489026,2,0,0,0,1,0,1,0,0,0,0,0,0,1
805,4,408.2506417,0.1140057,2,0,0,0,0,1,0,1,0,0,1,0,0,0
483,2,443.9872879,0.063912303,3,0,1,0,0,1,1,0,0,0,1,0,0,0
298,7,858.9216464,0.231943989,1,0,1,0,1,0,0,0,1,1,0,0,0,0
82,4,237.0222301,0.671883665,2,1,1,0,1,0,0,1,0,1,0,0,0,0
205,4,3944.921896,0.534098355,0,1,1,0,1,0,1,0,0,1,0,0,0,0
225,2,319.4650469,0.218856208,0,0,1,0,0,1,1,0,0,0,0,1,0,0
775,5,104.8617758,0.211289361,1,1,0,0,1,0,1,0,0,0,0,1,0,0
523,1,311.5404147,0.20606526,2,0,0,0,0,1,1,0,0,0,1,0,0,0
577,9,1550.165996,0.449962615,2,0,1,0,0,1,1,0,0,0,1,0,0,0
64,2,301.4182044,0.553387301,1,0,0,0,1,0,0,1,0,0,1,0,0,0
260,5,756.0724245,0.420991042,2,0,1,0,1,0,1,0,0,0,0,0,0,1
677,1,2190.645203,0.389602716,2,0,0,1,0,0,0,0,1,0,0,1,0,0
557,4,240.8473793,0.365436458,3,0,1,0,1,0,1,0,0,1,0,0,0,0
470,2,112.6661141,0.130507054,3,0,1,0,1,0,0,1,0,1,0,0,0,0
612,5,81.49175087,0.629347773,1,0,1,1,0,0,0,0,1,0,0,0,0,1
827,6,464.3809698,0.275900557,0,0,0,0,1,0,1,0,0,0,0,1,0,0
455,6,88.10791825,0.451174239,1,0,0,0,0,1,1,0,0,0,0,1,0,0
513,4,483.8283702,0.579797423,0,0,0,0,0,1,1,0,0,0,0,1,0,0
538,6,1588.568278,0.275278809,2,0,1,0,0,1,0,1,0,1,0,0,0,0
978,7,1202.204398,0.401800775,0,0,1,0,1,0,0,0,1,0,0,1,0,0
80,5,697.2467526,0.213339362,1,0,0,0,1,0,1,0,0,1,0,0,0,0
636,1,1519.952533,0.600559471,2,0,1,0,1,0,0,1,0,1,0,0,0,0
477,1,84.52849115,0.127037402,2,0,0,0,0,1,0,1,0,1,0,0,0,0
613,8,752.0932529,0.185188695,2,0,1,0,0,1,1,0,0,1,0,0,0,0
368,1,98.31408769,0.271553162,2,0,1,0,1,0,1,0,0,0,1,0,0,0
490,5,526.4393653,0.309318788,2,0,0,0,1,0,1,0,0,1,0,0,0,0
642,5,498.0948747,0.338141093,1,1,1,0,1,0,1,0,0,1,0,0,0,0
1122,2,246.4769464,0.404485161,3,0,1,0,0,1,1,0,0,0,0,1,0,0
661,3,1416.881707,0.385554091,1,0,0,0,0,1,1,0,0,0,0,0,0,1
330,4,207.2525412,0.576078068,3,1,1,0,0,1,0,1,0,0,0,0,1,0
415,5,642.1808135,0.080456702,2,0,1,0,0,1,0,0,1,1,0,0,0,0
409,4,526.6277529,0.146304628,1,0,1,0,0,1,1,0,0,0,0,0,0,1
140,3,452.0173948,0.655876491,2,0,1,0,0,1,1,0,0,0,0,1,0,0
433,1,27.29407229,0.105701033,1,1,0,0,1,0,1,0,0,1,0,0,0,0
646,3,954.5156055,0.249916522,0,1,0,0,1,0,0,0,1,0,0,0,0,1
245,4,10.21319141,0.437281165,0,0,0,0,0,1,0,0,1,0,0,1,0,0
709,2,1374.274465,0.268280236,2,0,1,0,1,0,1,0,0,0,0,1,0,0
597,5,247.8271833,0.357313209,2,0,1,0,1,0,1,0,0,0,0,0,0,1
353,8,102.271635,0.237361038,1,1,1,0,1,0,0,0,1,1,0,0,0,0
471,1,431.7102913,0.134195573,2,0,1,0,1,0,0,1,0,1,0,0,0,0
819,1,655.6226488,0.455891722,1,0,0,0,1,0,0,1,0,1,0,0,0,0
646,3,297.2715294,0.155549915,1,0,0,0,1,0,0,1,0,0,0,1,0,0
501,1,103.8908657,0.189654608,1,0,0,0,1,0,0,1,0,1,0,0,0,0
452,6,14.79783923,0.158212986,2,0,0,0,1,0,1,0,0,1,0,0,0,0
515,4,973.41207,0.229021713,1,0,0,0,1,0,1,0,0,0,0,0,1,0
397,10,1740.309526,0.250317563,0,0,1,0,0,1,1,0,0,1,0,0,0,0
79,1,84.75170637,0.201494207,4,0,1,0,1,0,0,1,0,0,1,0,0,0
908,2,209.7505412,0.301056711,3,0,1,0,1,0,0,0,1,1,0,0,0,0
531,2,16.3492574,0.54435322,2,1,0,0,1,0,1,0,0,0,0,1,0,0
579,5,1730.719419,0.136598422,0,0,1,0,1,0,0,0,1,0,0,0,0,1
488,3,470.652955,0.321011777,1,0,0,0,1,0,0,1,0,1,0,0,0,0
352,8,2074.29867,0.180695966,1,0,1,0,0,1,1,0,0,1,0,0,0,0
462,3,505.0388146,0.37768234,3,0,1,0,0,1,0,1,0,1,0,0,0,0
180,2,1585.463466,0.075468029,1,0,0,0,1,0,1,0,0,1,0,0,0,0
955,5,2425.19415,0.186288395,2,0,1,0,1,0,1,0,0,0,0,0,0,1
253,3,326.5570754,0.227755336,2,0,1,0,1,0,1,0,0,1,0,0,0,0
293,1,818.9026832,0.550203463,2,0,0,1,0,0,1,0,0,1,0,0,0,0
411,7,878.2980572,0.204194106,0,0,1,1,0,0,0,1,0,0,0,1,0,0
757,3,17.31298111,0.330095013,2,0,1,0,1,0,0,0,1,0,0,0,0,1
502,4,461.329023,0.558977792,2,0,0,0,1,0,1,0,0,1,0,0,0,0
252,2,1546.628049,0.511389295,0,0,0,0,0,1,0,1,0,0,0,1,0,0
750,5,2339.254299,0.519478622,2,0,0,0,0,1,0,1,0,0,1,0,0,0
646,5,1835.85922,0.195111947,1,0,0,0,1,0,0,1,0,1,0,0,0,0
607,1,2886.516227,0.148805929,0,0,0,1,0,0,1,0,0,1,0,0,0,0
643,1,846.8409179,0.182635802,1,0,0,0,1,0,1,0,0,0,0,1,0,0
978,4,212.0055631,0.023239549,1,0,0,0,1,0,1,0,0,0,1,0,0,0
937,8,685.2525926,0.193560013,1,0,1,0,0,1,0,1,0,1,0,0,0,0
362,2,437.3611696,0.745474646,5,0,1,0,1,0,0,0,1,0,1,0,0,0
824,5,239.4287237,0.497271722,0,0,0,0,0,1,1,0,0,1,0,0,0,0
576,4,1185.490889,0.222365818,1,0,0,0,1,0,0,1,0,1,0,0,0,0
599,2,793.671216,0.261512625,2,0,0,0,1,0,1,0,0,1,0,0,0,0
161,8,1248.915282,0.533640316,4,0,1,0,1,0,0,0,1,1,0,0,0,0
465,2,251.2106182,0.782187852,1,0,1,0,1,0,0,1,0,1,0,0,0,0
337,4,1873.764128,0.451140712,1,1,0,0,1,0,0,1,0,0,0,1,0,0
665,6,218.196663,0.17770013,1,0,0,1,0,0,0,1,0,1,0,0,0,0
714,2,736.886682,0.363779453,0,0,0,0,1,0,1,0,0,1,0,0,0,0
85,6,46.8618391,0.397384253,4,0,1,0,0,1,1,0,0,1,0,0,0,0
495,5,622.9017803,0.122322842,1,1,0,0,1,0,0,1,0,1,0,0,0,0
724,2,83.15446972,0.258580493,2,0,0,0,0,1,0,1,0,1,0,0,0,0
462,2,323.031085,0.50710065,1,0,0,0,1,0,1,0,0,0,0,1,0,0
645,2,1576.838634,0.158184089,1,0,0,0,1,0,0,0,1,0,0,0,1,0
570,5,1791.893446,0.46643612,0,0,0,0,1,0,1,0,0,0,0,1,0,0
568,5,1166.399115,0.063670866,2,0,0,0,1,0,1,0,0,1,0,0,0,0
445,5,366.7178488,0.349250765,2,0,0,0,1,0,1,0,0,0,0,1,0,0
256,7,691.5714122,0.361742416,1,0,1,0,1,0,0,0,1,0,0,0,0,1
275,6,202.8605232,0.256317984,2,0,0,0,0,1,1,0,0,1,0,0,0,0
641,2,907.4310231,0.331662744,1,0,0,0,0,1,0,0,1,0,0,1,0,0
503,3,341.436416,0.189958052,1,1,0,1,0,0,0,1,0,0,0,1,0,0
472,4,199.7939507,0.148739995,3,0,1,0,1,0,1,0,0,1,0,0,0,0
415,5,703.5242676,0.262003717,1,0,0,1,0,0,0,1,0,1,0,0,0,0
438,4,94.84864266,0.088402065,2,0,0,0,0,1,0,0,1,1,0,0,0,0
709,3,928.4726619,0.677413817,2,0,1,0,1,0,0,1,0,1,0,0,0,0
432,3,165.6246737,0.09849387,1,0,0,0,1,0,1,0,0,1,0,0,0,0
231,4,644.9727266,0.124435311,1,1,1,0,1,0,1,0,0,1,0,0,0,0
648,4,398.733658,0.686915806,2,0,1,0,1,0,1,0,0,0,1,0,0,0
459,4,668.2198029,0.34334269,3,0,1,0,1,0,1,0,0,0,0,1,0,0
506,1,225.8498733,0.245906891,2,0,0,0,1,0,1,0,0,0,0,1,0,0
821,4,297.3024566,0.073401732,2,0,1,0,0,1,0,1,0,0,0,0,0,1
495,6,120.9570599,0.499730934,0,1,0,0,1,0,1,0,0,1,0,0,0,0
557,3,1200.343571,0.201287725,1,0,0,0,1,0,1,0,0,1,0,0,0,0
264,5,58.15292543,0.395424519,1,0,0,0,0,1,1,0,0,1,0,0,0,0
456,4,377.8411899,0.618995084,0,0,1,0,0,1,0,0,1,0,0,1,0,0
621,4,476.9569176,0.180542554,1,0,0,1,0,0,0,1,0,1,0,0,0,0
188,3,173.7353585,0.378851557,1,1,0,0,1,0,0,0,1,1,0,0,0,0
540,1,388.6743978,0.605163385,2,0,1,0,1,0,1,0,0,0,0,1,0,0
520,2,433.1491403,0.461526142,1,0,0,0,1,0,1,0,0,0,0,0,1,0
508,5,203.2228888,0.293895998,2,0,0,0,1,0,0,0,1,1,0,0,0,0
707,1,815.6687988,0.097232557,2,0,0,0,1,0,0,1,0,0,0,1,0,0
566,3,25.07201049,0.748154958,3,0,1,0,1,0,1,0,0,1,0,0,0,0
795,4,176.0832042,0.393954883,0,0,0,1,0,0,0,1,0,0,1,0,0,0
301,3,782.6924381,0.610885567,4,0,1,0,1,0,1,0,0,0,0,1,0,0
527,4,790.0735287,0.358655215,0,0,0,0,1,0,1,0,0,1,0,0,0,0
516,6,246.5936968,0.369270069,2,0,0,0,1,0,0,0,1,0,1,0,0,0
286,6,919.2070762,0.48508819,1,0,0,0,0,1,0,0,1,1,0,0,0,0
691,4,507.5839118,0.197270625,1,1,0,0,1,0,1,0,0,0,0,1,0,0
964,5,599.3452093,0.345161034,1,0,1,0,1,0,0,1,0,0,0,1,0,0
496,3,323.5049925,0.508456102,2,0,0,0,1,0,0,1,0,0,0,0,1,0
601,1,3321.866525,0.516403157,1,0,0,0,1,0,0,1,0,1,0,0,0,0
516,5,1069.659742,0.101242012,2,0,0,0,1,0,1,0,0,1,0,0,0,0
357,8,228.4726347,0.523583154,3,0,1,0,1,0,0,1,0,0,0,1,0,0
135,3,215.940031,0.157346748,1,0,0,0,1,0,0,1,0,0,0,0,1,0
358,4,1190.390596,0.216666362,1,0,0,0,0,1,1,0,0,1,0,0,0,0
221,4,392.8326725,0.505757941,0,0,0,0,1,0,0,1,0,1,0,0,0,0
840,2,76.77884044,0.307446023,2,0,0,0,0,1,0,1,0,0,0,0,1,0
476,3,28.99923396,0.421128005,1,0,0,0,1,0,1,0,0,1,0,0,0,0
430,2,427.4883482,0.283698454,2,0,1,0,1,0,1,0,0,0,0,1,0,0
677,1,428.5155902,0.410546582,1,0,0,0,1,0,0,1,0,0,0,1,0,0
275,5,981.6749746,0.095151884,0,0,0,0,1,0,1,0,0,0,1,0,0,0
346,2,684.103178,0.045570498,1,0,0,0,1,0,0,0,1,1,0,0,0,0
513,4,1176.158744,0.40757584,2,0,0,0,1,0,1,0,0,1,0,0,0,0
705,2,305.8899215,0.315006088,1,0,1,0,0,1,0,1,0,1,0,0,0,0
600,4,783.0681353,0.18771512,1,0,0,0,0,1,0,0,1,0,1,0,0,0
549,4,1735.162478,0.118497149,2,0,0,0,0,1,0,0,1,0,0,1,0,0
515,3,57.44350213,0.337233741,1,1,0,0,1,0,1,0,0,0,0,1,0,0
580,3,986.0386665,0.207825055,1,0,1,0,1,0,1,0,0,0,1,0,0,0
540,5,1006.695355,0.60345676,2,0,1,0,1,0,0,1,0,1,0,0,0,0
294,2,1264.020929,0.085887161,1,0,1,0,1,0,1,0,0,0,0,1,0,0
509,3,250.7252434,0.570171234,2,0,0,0,1,0,1,0,0,1,0,0,0,0
285,5,430.9972996,0.053150167,2,0,1,0,1,0,0,0,1,0,1,0,0,0
516,6,219.2425306,0.685236536,2,0,1,0,0,1,1,0,0,0,1,0,0,0
403,5,295.208447,0.164244492,2,0,0,0,1,0,0,1,0,1,0,0,0,0
1007,5,2766.429898,0.327758836,0,0,1,0,1,0,0,1,0,0,0,0,1,0
492,5,471.9730018,0.050693995,4,1,1,0,1,0,1,0,0,1,0,0,0,0
219,4,1510.012721,0.610698876,0,0,1,0,1,0,0,0,1,1,0,0,0,0
473,2,1267.327515,0.377931367,3,0,1,0,0,1,1,0,0,1,0,0,0,0
603,2,470.346824,0.201803931,4,0,1,0,1,0,1,0,0,0,0,0,1,0
834,1,3880.767667,0.136386026,1,1,1,1,0,0,1,0,0,1,0,0,0,0
382,3,1469.977316,0.1177521,2,0,0,0,1,0,0,1,0,0,0,1,0,0
183,7,527.2982018,0.242118498,0,0,1,0,1,0,1,0,0,1,0,0,0,0
663,4,296.5097786,0.111830687,2,0,0,0,0,1,0,0,1,1,0,0,0,0
223,5,62.62402084,0.32233902,1,0,0,0,1,0,0,1,0,0,0,1,0,0
412,1,500.0916742,0.542232995,3,0,1,0,1,0,0,1,0,0,0,0,0,1
448,3,357.0420615,0.148391649,2,0,0,0,1,0,1,0,0,1,0,0,0,0
486,5,994.106829,0.192795705,2,0,1,0,1,0,0,1,0,1,0,0,0,0
637,2,15.89964915,0.416470107,3,0,1,0,0,1,0,1,0,1,0,0,0,0
363,3,1424.4072,0.276497672,3,0,1,0,0,1,1,0,0,1,0,0,0,0
445,7,431.1443627,0.50159131,1,0,1,0,0,1,0,1,0,0,0,0,1,0
497,5,507.49907,0.555600301,1,0,1,0,1,0,0,0,1,0,0,0,0,1
529,5,161.4875175,0.318361382,1,0,0,0,1,0,1,0,0,1,0,0,0,0
519,1,2217.841913,0.317549639,2,0,0,0,1,0,0,1,0,1,0,0,0,0
587,9,406.5129821,0.370543581,2,0,1,0,0,1,0,0,1,1,0,0,0,0
668,6,1479.806502,0.637182612,1,1,1,1,0,0,1,0,0,0,0,1,0,0
578,3,216.8733862,0.128558215,1,0,0,0,1,0,1,0,0,0,1,0,0,0
590,5,81.32235907,0.536894007,1,0,0,0,1,0,0,1,0,1,0,0,0,0
183,4,807.9559606,0.438981697,1,0,0,0,1,0,0,0,1,1,0,0,0,0
510,6,3329.233575,0.19584439,1,0,0,0,1,0,0,0,1,1,0,0,0,0
595,4,832.8973683,0.687491161,0,1,1,0,1,0,1,0,0,0,0,1,0,0
645,2,750.6514305,0.309361452,1,1,0,0,1,0,0,0,1,0,0,1,0,0
361,5,467.0479002,0.406143046,3,1,1,0,1,0,0,1,0,1,0,0,0,0
368,8,267.0381035,0.457368423,0,0,1,0,0,1,1,0,0,1,0,0,0,0
385,6,450.8654745,0.373090864,2,0,0,0,0,1,0,0,1,1,0,0,0,0
607,3,129.0340468,0.66194236,2,0,1,1,0,0,0,0,1,0,1,0,0,0
706,3,242.9481025,0.238228498,1,0,0,0,1,0,0,1,0,0,0,1,0,0
418,3,534.5848182,0.197324845,0,0,0,0,1,0,1,0,0,0,0,1,0,0
681,4,125.1317817,0.519116552,3,0,1,0,1,0,1,0,0,1,0,0,0,0
524,2,1254.375088,0.352754873,1,1,0,0,1,0,1,0,0,1,0,0,0,0
475,9,9.302937426,0.297241914,1,0,1,0,1,0,0,1,0,1,0,0,0,0
457,4,310.4068017,0.263484685,1,0,0,0,0,1,0,0,1,1,0,0,0,0
649,2,581.6138172,0.090071252,3,0,1,0,1,0,1,0,0,0,0,0,0,1
565,3,2115.472412,0.258328489,1,0,0,1,0,0,0,0,1,1,0,0,0,0
955,3,681.6246922,0.245077649,2,0,0,0,0,1,1,0,0,1,0,0,0,0
329,1,279.537025,0.338904795,1,0,0,0,0,1,1,0,0,1,0,0,0,0
603,6,347.3271172,0.278807638,1,0,1,0,0,1,1,0,0,1,0,0,0,0
394,3,331.3935499,0.324132244,3,0,1,0,1,0,1,0,0,1,0,0,0,0
326,3,159.1212025,0.430636794,2,0,1,0,0,1,0,1,0,1,0,0,0,0
497,5,125.1814717,0.708134352,2,0,1,0,1,0,1,0,0,0,0,1,0,0
527,2,524.1193519,0.231141418,2,0,0,0,0,1,0,1,0,1,0,0,0,0
1083,5,252.0547195,0.459445196,1,0,0,0,1,0,0,1,0,0,0,1,0,0
463,6,77.07029017,0.463161351,2,0,0,0,1,0,0,0,1,1,0,0,0,0
273,7,195.1655814,0.234975066,2,1,1,0,1,0,1,0,0,0,1,0,0,0
554,6,588.3863789,0.094277776,2,0,0,0,1,0,0,1,0,1,0,0,0,0
85,3,237.5324329,0.771347684,4,0,1,0,1,0,1,0,0,1,0,0,0,0
481,5,217.1763498,0.090718502,2,0,0,0,1,0,1,0,0,0,1,0,0,0
503,4,775.4505126,0.470053666,1,0,1,0,0,1,1,0,0,1,0,0,0,0
658,3,935.4416472,0.125132665,3,0,1,0,1,0,1,0,0,1,0,0,0,0
694,3,220.8620145,0.489292643,3,1,1,0,1,0,1,0,0,0,0,1,0,0
399,5,511.1412963,0.549157296,3,0,1,0,1,0,1,0,0,0,0,1,0,0
469,4,1157.062286,0.214974117,1,0,0,0,1,0,1,0,0,0,0,1,0,0
346,3,936.6993488,0.50464884,1,0,0,0,1,0,0,1,0,1,0,0,0,0
274,3,57.44665772,0.27719454,2,0,0,0,0,1,0,1,0,1,0,0,0,0
561,2,357.1181919,0.115802773,1,0,0,0,1,0,1,0,0,0,1,0,0,0
245,3,1027.786837,0.231938737,1,0,1,0,1,0,1,0,0,1,0,0,0,0
417,2,158.2121493,0.340414198,0,1,0,0,1,0,1,0,0,1,0,0,0,0
300,2,174.452356,0.299386911,3,0,1,0,1,0,1,0,0,1,0,0,0,0
609,2,795.7731649,0.347467289,1,0,1,0,1,0,0,0,1,1,0,0,0,0
860,4,266.9818738,0.236397657,3,0,1,0,0,1,0,1,0,1,0,0,0,0
239,1,312.9544645,0.139398229,4,0,1,0,1,0,1,0,0,0,1,0,0,0
129,6,591.8818562,0.238274516,0,0,1,0,1,0,1,0,0,0,1,0,0,0
475,6,1110.895624,0.171132976,0,0,1,0,1,0,1,0,0,1,0,0,0,0
503,8,551.7846003,0.370803554,2,1,1,0,1,0,1,0,0,0,1,0,0,0
543,3,1791.139172,0.020876578,1,0,0,0,0,1,0,1,0,1,0,0,0,0
410,5,90.21324824,0.592504872,1,0,0,0,1,0,0,1,0,0,1,0,0,0
459,3,1122.424436,0.391568516,0,0,0,0,1,0,0,1,0,1,0,0,0,0
573,5,627.5754789,0.663930764,1,0,1,0,0,1,0,0,1,1,0,0,0,0
708,4,1357.246041,0.218978278,4,0,1,0,1,0,1,0,0,0,0,0,1,0
108,5,304.3096784,0.447557082,0,1,0,0,0,1,1,0,0,0,0,1,0,0
426,5,526.3807196,0.04146145,2,0,0,0,1,0,0,0,1,1,0,0,0,0
542,6,1387.990567,0.210197804,2,0,0,0,1,0,1,0,0,1,0,0,0,0
316,3,1425.992685,0.504347353,3,0,1,0,0,1,0,1,0,1,0,0,0,0
846,3,377.2717108,0.123062289,2,0,0,0,0,1,0,0,1,0,0,1,0,0
372,4,1381.658746,0.233415613,0,1,0,0,1,0,0,0,1,0,0,0,1,0
491,4,917.5660847,0.465351601,2,0,0,0,0,1,0,1,0,0,1,0,0,0
611,1,421.3330398,0.284559708,2,0,0,0,1,0,0,0,1,1,0,0,0,0
381,1,2797.431041,0.172520353,2,0,0,0,1,0,0,1,0,1,0,0,0,0
130,8,25.10529063,0.419538771,2,0,1,0,1,0,1,0,0,1,0,0,0,0
414,5,385.8720262,0.54931571,3,0,1,0,1,0,0,0,1,1,0,0,0,0
705,5,293.3255594,0.578982856,2,0,0,0,0,1,0,0,1,0,1,0,0,0
432,3,2196.108947,0.586240588,2,0,0,0,1,0,0,1,0,0,0,1,0,0
330,1,83.80254774,0.215374075,2,0,0,0,1,0,1,0,0,0,0,0,1,0
685,7,791.1417221,0.440191258,3,0,1,0,0,1,0,0,1,1,0,0,0,0
433,3,1008.795877,0.440006279,2,0,0,0,1,0,1,0,0,1,0,0,0,0
397,1,162.8451343,0.050750486,1,0,0,0,1,0,0,1,0,0,0,1,0,0
529,7,129.9657466,0.241468166,3,0,1,0,1,0,1,0,0,0,0,1,0,0
654,2,39.2104711,0.317323775,1,1,0,0,1,0,1,0,0,1,0,0,0,0
976,4,138.4121887,0.483188291,3,0,1,0,0,1,1,0,0,0,0,1,0,0
665,2,1321.104412,0.149350967,1,0,0,0,1,0,0,1,0,0,1,0,0,0
731,5,2305.296922,0.152563756,1,1,0,0,1,0,0,0,1,0,0,1,0,0
398,4,1853.527689,0.512432484,1,0,0,0,0,1,1,0,0,1,0,0,0,0
294,3,363.6883109,0.568645729,1,0,0,0,1,0,0,1,0,0,0,1,0,0
512,3,1035.338345,0.2553145,3,0,1,0,1,0,0,0,1,1,0,0,0,0
521,2,1403.772919,0.248335085,2,0,0,0,0,1,0,0,1,0,0,1,0,0
284,1,1339.119234,0.216042451,1,0,0,0,1,0,0,1,0,1,0,0,0,0
464,5,51.78865304,0.139849162,3,0,1,0,1,0,0,0,1,0,0,1,0,0
579,4,193.4843999,0.158299841,3,0,1,0,1,0,0,0,1,1,0,0,0,0
572,5,2236.783237,0.292137656,1,0,0,0,1,0,0,1,0,0,1,0,0,0
600,6,1077.370251,0.328796299,1,1,0,0,1,0,0,0,1,1,0,0,0,0
558,7,1438.314134,0.612336075,2,0,1,0,1,0,1,0,0,1,0,0,0,0
398,7,577.4402245,0.303350496,1,1,1,0,0,1,0,1,0,1,0,0,0,0
397,2,399.4550632,0.23240746,0,0,1,0,1,0,1,0,0,0,0,1,0,0
260,9,842.6595214,0.366807526,3,0,1,0,1,0,0,0,1,1,0,0,0,0
856,6,512.2263168,0.320336939,2,0,0,0,0,1,1,0,0,1,0,0,0,0
502,1,374.4199746,0.148411068,1,1,1,0,1,0,1,0,0,1,0,0,0,0
455,6,342.0159051,0.612753737,4,1,1,0,0,1,1,0,0,1,0,0,0,0
314,3,137.4918502,0.42641673,2,0,0,0,1,0,1,0,0,0,0,0,0,1
1087,6,603.0198637,0.143232591,1,0,0,0,1,0,0,0,1,1,0,0,0,0
285,6,586.9196655,0.126219537,1,0,0,0,0,1,0,0,1,0,0,1,0,0
414,3,714.7814668,0.634387698,1,0,1,0,1,0,0,0,1,0,0,1,0,0
583,8,98.84100163,0.146079449,1,0,1,1,0,0,1,0,0,1,0,0,0,0
620,11,1971.358816,0.477381098,4,0,1,0,1,0,1,0,0,0,1,0,0,0
691,5,1084.010599,0.683808496,3,0,1,0,1,0,1,0,0,0,0,1,0,0
861,3,112.2966743,0.297826589,1,0,0,0,1,0,0,1,0,1,0,0,0,0
601,3,66.1350068,0.106098428,3,1,1,0,1,0,1,0,0,0,1,0,0,0
288,7,823.8378528,0.175149604,0,0,1,0,0,1,0,0,1,1,0,0,0,0
448,1,334.2359101,0.286208347,1,0,0,0,1,0,0,0,1,1,0,0,0,0
561,4,307.4114184,0.615515566,3,0,1,0,0,1,1,0,0,0,0,0,0,1
913,3,1466.020478,0.435209285,0,0,0,0,1,0,0,1,0,1,0,0,0,0
220,7,338.6709539,0.816623081,3,0,1,0,1,0,1,0,0,0,0,0,1,0
740,7,800.1336706,0.670550041,1,0,1,0,1,0,1,0,0,0,1,0,0,0
535,1,616.1513359,0.430292358,1,0,0,0,1,0,0,1,0,0,0,1,0,0
667,4,244.0985046,0.374259062,0,0,1,0,1,0,0,0,1,0,0,0,0,1
479,7,322.342748,0.197812694,1,0,1,0,1,0,0,0,1,0,1,0,0,0
331,4,2294.475027,0.569965491,2,1,1,0,1,0,1,0,0,0,1,0,0,0
650,3,322.0229866,0.295099852,2,0,0,0,0,1,1,0,0,1,0,0,0,0
630,3,1225.994204,0.220698516,1,0,0,0,0,1,0,1,0,1,0,0,0,0
694,4,1580.212205,0.599099474,1,0,0,0,1,0,1,0,0,1,0,0,0,0
497,5,58.94995253,0.065288089,1,0,0,0,1,0,1,0,0,1,0,0,0,0
380,3,870.3883637,0.572996932,1,0,1,0,1,0,0,1,0,1,0,0,0,0
188,5,1106.672776,0.672009221,1,0,1,0,1,0,0,1,0,0,0,1,0,0
663,5,455.3596102,0.360439652,2,1,0,0,1,0,0,1,0,0,1,0,0,0
584,8,673.9213688,0.033753777,1,0,1,0,1,0,0,0,1,0,0,1,0,0
306,7,141.2044234,0.578256379,1,0,1,0,0,1,1,0,0,0,1,0,0,0
392,2,306.7640067,0.220061042,2,0,0,0,1,0,0,1,0,0,0,1,0,0
406,5,983.8892737,0.070409951,1,0,0,0,1,0,1,0,0,0,0,1,0,0
203,2,738.1916513,0.514077627,1,0,0,0,1,0,0,0,1,0,0,1,0,0
336,5,117.3032579,0.132235668,0,0,0,0,0,1,0,0,1,0,1,0,0,0
273,2,3541.532048,0.193684277,0,0,1,0,1,0,0,0,1,1,0,0,0,0
417,5,2221.780344,0.369366064,1,0,0,0,0,1,0,1,0,0,1,0,0,0
352,2,203.0031278,0.410787689,5,0,1,1,0,0,0,1,0,1,0,0,0,0
174,2,1664.325211,0.547071346,2,0,0,0,0,1,1,0,0,0,0,0,0,1
904,4,248.6724609,0.315655365,1,0,0,1,0,0,1,0,0,1,0,0,0,0
750,5,663.6119118,0.234311367,1,0,1,0,1,0,1,0,0,0,0,0,0,1
344,9,1218.795363,0.024390738,1,0,1,0,1,0,1,0,0,1,0,0,0,0
554,4,337.3734041,0.407858783,2,0,0,0,1,0,0,1,0,0,0,1,0,0
583,4,648.0098183,0.324576841,1,0,0,0,1,0,1,0,0,0,0,1,0,0
738,1,478.7841051,0.358430072,2,0,0,0,1,0,1,0,0,0,0,0,1,0
336,2,1142.355414,0.345004408,1,0,0,0,1,0,1,0,0,0,1,0,0,0
718,4,521.1063875,0.103558471,1,0,1,0,1,0,0,1,0,1,0,0,0,0
390,5,669.449989,0.199096357,2,1,0,0,0,1,0,1,0,0,0,1,0,0
232,5,1494.347761,0.234708964,1,1,1,0,1,0,1,0,0,0,0,1,0,0
644,4,959.574473,0.131319529,0,0,0,0,1,0,1,0,0,1,0,0,0,0
758,2,599.7795713,0.504161032,1,0,0,1,0,0,0,1,0,0,0,1,0,0
1017,2,494.864679,0.078730291,1,0,0,0,1,0,1,0,0,1,0,0,0,0
260,5,108.4410554,0.449099251,2,0,0,0,0,1,0,0,1,1,0,0,0,0
639,6,46.41392942,0.621997448,1,0,1,0,0,1,0,1,0,1,0,0,0,0
418,2,2442.272719,0.274882429,3,0,1,0,1,0,1,0,0,1,0,0,0,0
656,3,165.153604,0.544917287,2,0,0,0,1,0,0,0,1,1,0,0,0,0
205,3,259.3349023,0.13891397,3,0,1,0,1,0,1,0,0,0,0,1,0,0
247,6,755.2349183,0.334231363,1,0,0,0,0,1,0,1,0,1,0,0,0,0
344,7,1407.86322,0.517222989,2,0,1,0,1,0,0,1,0,1,0,0,0,0
515,4,1432.489546,0.329032077,0,0,0,0,1,0,1,0,0,1,0,0,0,0
371,7,1415.907981,0.557993917,2,0,1,0,0,1,0,1,0,0,0,1,0,0
631,3,3056.576955,0.335585198,1,0,0,0,1,0,0,1,0,1,0,0,0,0
705,3,45.85167454,0.349228591,1,0,0,0,0,1,0,0,1,1,0,0,0,0
619,4,408.4581223,0.650787162,2,0,1,0,0,1,0,1,0,1,0,0,0,0
823,5,1958.900627,0.287469831,0,1,0,0,0,1,1,0,0,0,1,0,0,0
583,2,503.8942879,0.103129106,3,0,1,0,0,1,0,0,1,0,0,0,0,1
256,5,1640.195943,0.754207085,1,0,1,0,1,0,1,0,0,1,0,0,0,0
772,4,14.25134819,0.525599985,2,0,0,1,0,0,0,0,1,1,0,0,0,0
378,2,561.5369578,0.297742458,2,0,1,0,1,0,0,0,1,1,0,0,0,0
682,6,2045.488771,0.138121771,1,0,0,0,1,0,0,1,0,1,0,0,0,0
814,6,242.2721813,0.233672223,2,0,0,0,1,0,1,0,0,1,0,0,0,0
591,6,2123.512499,0.303643221,1,0,0,1,0,0,0,1,0,1,0,0,0,0
200,2,6.810739024,0.393448904,2,1,1,0,0,1,0,0,1,1,0,0,0,0
316,5,65.77325451,0.211370501,0,1,0,0,0,1,0,1,0,0,1,0,0,0
764,3,518.2708331,0.201690035,3,0,1,0,1,0,0,0,1,0,0,1,0,0
466,3,89.97936955,0.260836048,0,0,0,0,0,1,1,0,0,1,0,0,0,0
515,3,204.5306212,0.288664505,1,0,0,0,0,1,1,0,0,1,0,0,0,0
651,4,282.5163968,0.407498537,1,0,0,0,1,0,1,0,0,1,0,0,0,0
639,1,525.4460439,0.462111982,1,0,0,0,1,0,1,0,0,0,0,1,0,0
555,1,396.1109613,0.335158923,1,0,0,0,1,0,1,0,0,0,1,0,0,0
458,3,2042.352839,0.124586051,4,0,1,0,1,0,0,0,1,0,0,1,0,0
437,1,1737.348359,0.493281711,0,0,0,0,1,0,1,0,0,0,1,0,0,0
671,2,1102.886036,0.640069504,0,0,1,0,1,0,0,1,0,0,1,0,0,0
610,5,861.4218789,0.123328234,4,0,1,0,1,0,1,0,0,1,0,0,0,0
448,1,182.8677221,0.075662825,0,0,0,0,1,0,0,0,1,0,0,1,0,0
716,4,736.6934658,0.540416623,0,0,0,0,1,0,0,1,0,1,0,0,0,0
474,4,127.2554549,0.469870708,1,0,1,0,1,0,1,0,0,1,0,0,0,0
329,2,482.2344899,0.325558008,1,0,0,0,0,1,0,1,0,1,0,0,0,0
348,3,495.2095125,0.250564775,1,0,0,0,1,0,0,1,0,0,0,1,0,0
304,1,936.198236,0.368592388,2,0,0,0,1,0,1,0,0,0,0,0,1,0
445,4,1442.062505,0.393141137,1,0,0,0,1,0,0,1,0,1,0,0,0,0
746,4,309.1211082,0.535638172,1,0,0,0,1,0,1,0,0,1,0,0,0,0
338,3,33.64259856,0.124222378,2,0,0,0,0,1,1,0,0,1,0,0,0,0
537,7,38.487429,0.241782477,4,1,1,0,1,0,1,0,0,1,0,0,0,0
368,5,1662.429468,0.336358082,1,0,0,0,1,0,0,0,1,1,0,0,0,0
447,1,532.9329472,0.452872962,2,0,0,1,0,0,0,0,1,1,0,0,0,0
197,7,228.0285504,0.346789688,1,0,1,0,1,0,0,0,1,0,0,1,0,0
455,4,26.25555326,0.408601733,1,0,0,0,1,0,1,0,0,0,0,1,0,0
461,5,601.917573,0.368825112,1,0,1,0,1,0,0,0,1,1,0,0,0,0
608,4,117.960336,0.177531829,2,0,0,0,1,0,0,1,0,1,0,0,0,0
544,3,431.6929892,0.560815445,0,0,0,1,0,0,1,0,0,1,0,0,0,0
260,2,580.6647627,0.112800268,1,0,0,0,1,0,1,0,0,1,0,0,0,0
716,4,208.2614121,0.056658407,2,0,0,0,0,1,0,1,0,1,0,0,0,0
542,3,177.352492,0.495178912,0,0,0,1,0,0,1,0,0,0,0,1,0,0
539,3,16.00550421,0.207187127,0,0,0,0,1,0,0,1,0,0,0,1,0,0
498,4,704.5859605,0.331730805,1,0,0,0,1,0,0,1,0,0,0,1,0,0
396,1,178.9561738,0.468394736,0,0,1,0,1,0,0,1,0,1,0,0,0,0
543,3,1684.486797,0.108105922,2,1,0,0,1,0,0,0,1,0,0,0,0,1
595,2,740.6215669,0.304603633,2,0,0,0,1,0,1,0,0,1,0,0,0,0
150,5,650.2914619,0.255112806,1,0,0,0,1,0,1,0,0,0,1,0,0,0
392,1,562.0485424,0.350254314,0,0,0,0,1,0,0,1,0,1,0,0,0,0
449,5,193.9733148,0.562529652,2,0,1,0,0,1,0,1,0,1,0,0,0,0
551,5,2789.677316,0.115834251,2,0,0,0,1,0,0,1,0,0,0,1,0,0
738,4,2730.080833,0.293569004,2,0,0,0,1,0,1,0,0,1,0,0,0,0
345,2,310.0283571,0.64244229,2,0,1,0,0,1,1,0,0,1,0,0,0,0
400,3,1197.659983,0.177927338,4,0,1,0,1,0,0,1,0,0,0,1,0,0
397,3,101.5815958,0.647406662,3,0,1,0,1,0,1,0,0,1,0,0,0,0
339,3,1213.227576,0.14510483,1,0,0,0,1,0,0,1,0,1,0,0,0,0
430,3,269.8698535,0.093862892,0,0,0,0,1,0,1,0,0,1,0,0,0,0
654,4,273.0176028,0.329177387,0,0,0,0,1,0,0,1,0,1,0,0,0,0
289,2,566.175569,0.31220984,3,0,1,0,1,0,1,0,0,1,0,0,0,0
585,4,398.4972791,0.560412212,2,1,0,0,1,0,1,0,0,0,0,1,0,0
159,3,100.2974347,0.412622424,0,1,0,1,0,0,0,1,0,1,0,0,0,0
387,2,719.3053215,0.244782798,2,0,0,0,1,0,0,1,0,0,1,0,0,0
434,5,192.4796289,0.190377294,2,0,1,0,1,0,1,0,0,1,0,0,0,0
834,2,470.2802186,0.523682108,2,0,0,0,1,0,1,0,0,1,0,0,0,0
445,3,210.1425684,0.334723342,2,0,1,0,1,0,0,1,0,1,0,0,0,0
64,5,1559.209316,0.370734683,2,0,0,0,1,0,0,1,0,1,0,0,0,0
100,5,330.017975,0.564470294,1,0,1,0,0,1,0,1,0,1,0,0,0,0
506,3,1747.776405,0.398298177,0,0,1,0,1,0,1,0,0,0,0,0,0,1
622,4,315.7355654,0.38003137,0,1,1,0,1,0,1,0,0,1,0,0,0,0
575,1,158.27024,0.119420263,1,0,1,0,1,0,1,0,0,1,0,0,0,0
533,5,687.6157951,0.152391027,1,0,0,0,1,0,1,0,0,1,0,0,0,0
732,3,647.9925235,0.673482004,0,0,1,0,1,0,1,0,0,1,0,0,0,0
392,1,771.7832363,0.799352509,1,0,1,0,1,0,0,0,1,1,0,0,0,0
678,2,287.7889553,0.43773118,4,0,1,0,1,0,1,0,0,0,1,0,0,0
173,4,308.4934159,0.198047032,4,0,1,0,1,0,1,0,0,1,0,0,0,0
319,3,216.8488648,0.298280603,2,0,0,0,1,0,1,0,0,1,0,0,0,0
138,4,2109.339005,0.374025711,1,0,1,0,1,0,0,0,1,1,0,0,0,0
445,3,918.9710934,0.110282346,2,0,0,0,1,0,0,0,1,0,0,1,0,0
490,6,1129.308603,0.411693617,2,0,0,1,0,0,0,1,0,1,0,0,0,0
522,3,172.6991712,0.352118882,1,0,1,0,1,0,1,0,0,0,0,0,1,0
512,9,866.7700008,0.633061162,0,0,1,0,0,1,1,0,0,1,0,0,0,0
314,2,1150.623806,0.111496734,1,0,0,0,1,0,1,0,0,1,0,0,0,0
461,4,335.3950079,0.238883573,2,0,1,0,1,0,1,0,0,0,0,0,0,1
200,2,137.2882052,0.670280584,2,0,1,0,1,0,0,1,0,1,0,0,0,0
772,1,955.2291987,0.107928132,1,0,0,0,1,0,0,0,1,0,1,0,0,0
439,4,755.6361078,0.527171356,2,0,1,0,1,0,1,0,0,0,0,1,0,0
402,12,685.6974965,0.614322329,2,0,1,0,1,0,1,0,0,0,1,0,0,0
817,4,161.2687229,0.261204641,1,0,0,0,0,1,0,0,1,0,0,1,0,0
251,4,243.5827728,0.186593638,2,0,0,0,1,0,0,1,0,1,0,0,0,0
274,4,784.4171026,0.17886821,2,0,1,0,1,0,0,0,1,0,0,0,0,1
280,4,760.6772203,0.393265613,3,0,1,0,1,0,0,0,1,1,0,0,0,0
486,2,647.2466757,0.217808317,1,0,0,0,0,1,1,0,0,1,0,0,0,0
586,4,1169.295043,0.398583592,3,0,1,0,0,1,0,1,0,1,0,0,0,0
647,5,1348.438547,0.607951287,3,0,1,0,1,0,0,1,0,0,0,1,0,0
1014,6,258.9394165,0.552090297,2,0,0,0,0,1,0,1,0,0,0,0,1,0
64,3,137.2074381,0.200223828,2,0,0,0,1,0,1,0,0,0,0,0,0,1
621,2,179.6834783,0.502822781,2,0,0,0,1,0,0,0,1,1,0,0,0,0
388,6,264.2587946,0.138990306,0,1,0,0,1,0,0,1,0,0,0,0,1,0
382,2,2361.350456,0.453284897,2,0,0,0,0,1,1,0,0,0,0,0,0,1
376,6,118.0227649,0.302648332,1,0,0,0,0,1,1,0,0,1,0,0,0,0
318,3,1687.996421,0.587848851,3,0,1,0,0,1,1,0,0,1,0,0,0,0
836,7,181.8994499,0.272287575,0,0,1,0,1,0,0,0,1,0,0,0,0,1
668,4,342.7156478,0.156868455,1,1,0,0,0,1,1,0,0,0,1,0,0,0
504,3,107.6233759,0.549734471,1,0,0,0,1,0,1,0,0,0,0,1,0,0
770,2,87.28098137,0.0899757,4,0,1,0,1,0,1,0,0,1,0,0,0,0
197,4,79.98272518,0.575856248,2,0,1,0,1,0,0,1,0,1,0,0,0,0
233,1,335.7634935,0.229419928,3,0,1,0,1,0,1,0,0,1,0,0,0,0
64,8,593.3526096,0.167835809,3,0,1,0,1,0,1,0,0,1,0,0,0,0
360,2,179.3227889,0.177112569,0,0,0,0,1,0,0,0,1,0,0,1,0,0
532,2,2158.56978,0.175165001,2,0,1,0,0,1,1,0,0,1,0,0,0,0
520,5,706.3210907,0.127583882,1,0,0,0,1,0,1,0,0,1,0,0,0,0
529,1,1730.709117,0.218966132,1,0,0,0,1,0,1,0,0,1,0,0,0,0
217,5,128.9041823,0.592015282,0,1,0,0,0,1,1,0,0,1,0,0,0,0
660,5,123.9156207,0.366981033,2,0,0,0,1,0,1,0,0,1,0,0,0,0
547,3,1500.561869,0.309982009,3,0,1,0,1,0,0,1,0,0,0,0,1,0
646,1,671.4292248,0.063336536,0,0,1,0,1,0,1,0,0,0,1,0,0,0
121,4,2232.104325,0.2694576,2,0,0,0,1,0,0,1,0,1,0,0,0,0
562,5,127.0998523,0.495475623,1,0,0,0,1,0,1,0,0,1,0,0,0,0
262,3,21.08994806,0.137862999,4,0,1,0,1,0,1,0,0,0,1,0,0,0
420,4,1986.907239,0.324884496,0,0,0,0,0,1,0,0,1,1,0,0,0,0
606,4,960.0831856,0.472097435,1,0,0,0,1,0,1,0,0,0,1,0,0,0
518,4,1316.748949,0.544025345,3,0,1,0,1,0,0,0,1,0,0,1,0,0
329,8,280.797463,0.174088525,2,0,1,0,1,0,0,1,0,1,0,0,0,0
501,4,2.456904464,0.076579239,2,1,0,0,1,0,0,1,0,0,1,0,0,0
193,4,527.5840257,0.382601527,3,0,1,0,1,0,0,1,0,0,1,0,0,0
730,9,3684.889766,0.586809368,4,0,1,0,0,1,1,0,0,0,1,0,0,0
458,3,1904.76098,0.337543077,0,0,0,0,0,1,1,0,0,1,0,0,0,0
723,4,59.79847948,0.34886292,0,0,0,0,1,0,1,0,0,0,0,1,0,0
394,5,166.3908366,0.159898966,2,0,1,0,0,1,0,1,0,1,0,0,0,0
395,4,298.2758622,0.184664697,1,0,0,0,1,0,0,1,0,0,1,0,0,0
347,3,1419.452192,0.509183098,3,0,1,0,1,0,0,0,1,0,0,0,1,0
675,2,1393.071053,0.522075391,1,0,1,0,1,0,0,0,1,1,0,0,0,0
358,7,163.6581526,0.078275307,1,0,1,0,1,0,0,0,1,1,0,0,0,0
628,3,609.2780059,0.290504934,1,0,0,0,0,1,1,0,0,1,0,0,0,0
423,2,557.3946967,0.5619089,3,0,1,0,1,0,1,0,0,1,0,0,0,0
104,6,427.9314126,0.712090646,2,0,1,0,1,0,1,0,0,1,0,0,0,0
385,6,614.1594482,0.189326735,0,0,0,0,0,1,0,1,0,0,1,0,0,0
264,6,277.140817,0.448331172,4,0,1,0,0,1,1,0,0,1,0,0,0,0
506,4,606.6593124,0.22599876,1,0,1,0,0,1,1,0,0,1,0,0,0,0
261,4,925.6921971,0.411596808,1,0,1,0,1,0,0,1,0,0,0,0,0,1
685,4,51.63361357,0.426563856,1,0,0,0,1,0,1,0,0,1,0,0,0,0
481,1,2736.448513,0.413510692,1,0,1,0,1,0,0,1,0,0,1,0,0,0
464,6,144.5497695,0.230622115,0,0,0,0,1,0,0,1,0,1,0,0,0,0
631,5,357.4030983,0.075815519,2,0,0,0,0,1,1,0,0,1,0,0,0,0
692,7,508.8501411,0.136052528,2,1,1,0,0,1,0,0,1,0,0,1,0,0
495,2,33.47838364,0.674518865,2,0,1,0,0,1,0,1,0,0,1,0,0,0
345,2,635.8991528,0.06952952,1,0,0,0,1,0,1,0,0,1,0,0,0,0
145,7,1632.015245,0.182400207,3,0,1,0,0,1,1,0,0,1,0,0,0,0
362,4,1850.255128,0.369471091,2,0,1,0,0,1,0,0,1,0,0,0,0,1
376,3,315.8476179,0.16306047,3,0,1,0,1,0,0,0,1,1,0,0,0,0
521,5,654.599444,0.124152866,2,0,0,0,1,0,1,0,0,1,0,0,0,0
430,6,1199.740433,0.26009192,2,0,0,0,0,1,0,0,1,1,0,0,0,0
637,2,233.1868572,0.476679216,4,0,1,0,1,0,0,1,0,1,0,0,0,0
377,1,601.422297,0.686557007,1,0,1,1,0,0,1,0,0,1,0,0,0,0
488,2,365.4761141,0.410408078,2,0,0,0,1,0,0,1,0,0,1,0,0,0
736,2,380.0772092,0.581929357,2,0,0,0,0,1,1,0,0,0,1,0,0,0
568,8,79.09422923,0.150263677,0,0,1,0,0,1,1,0,0,1,0,0,0,0
487,4,417.8998276,0.703992927,1,0,1,0,1,0,1,0,0,1,0,0,0,0
379,4,140.3205357,0.358678132,1,0,0,0,0,1,0,1,0,1,0,0,0,0
373,6,286.7927849,0.307614188,2,0,0,0,1,0,0,1,0,1,0,0,0,0
329,4,320.717769,0.360044241,0,1,0,0,1,0,0,1,0,1,0,0,0,0
391,5,450.5376067,0.427526264,2,0,0,0,1,0,1,0,0,1,0,0,0,0
651,4,1990.300737,0.450623446,2,0,0,0,1,0,0,1,0,1,0,0,0,0
455,6,797.5605896,0.118837512,0,0,0,0,0,1,1,0,0,0,1,0,0,0
230,4,2934.071398,0.435581939,2,0,0,0,0,1,0,0,1,0,1,0,0,0
853,3,714.5507578,0.25237002,0,1,0,0,1,0,1,0,0,0,0,1,0,0
563,5,1309.81754,0.342933088,0,0,0,0,1,0,1,0,0,1,0,0,0,0
218,3,1437.344284,0.408704412,1,0,0,0,1,0,0,1,0,1,0,0,0,0
411,4,1074.599559,0.369916156,1,1,0,0,1,0,0,1,0,1,0,0,0,0
522,1,886.7239988,0.060705087,0,0,0,1,0,0,1,0,0,1,0,0,0,0
840,5,432.9110238,0.181928416,2,0,1,0,1,0,1,0,0,0,0,0,0,1
278,2,670.1244025,0.374776404,0,0,0,0,1,0,0,0,1,0,0,1,0,0
695,2,172.2560614,0.432394783,0,0,0,0,1,0,1,0,0,0,1,0,0,0
779,4,770.3844401,0.157759235,0,1,0,0,1,0,1,0,0,1,0,0,0,0
374,2,577.7255752,0.351675086,2,0,0,0,0,1,0,1,0,1,0,0,0,0
444,3,1305.041173,0.229224501,2,1,0,0,1,0,1,0,0,0,0,1,0,0
292,1,1862.680345,0.324558899,1,0,0,0,1,0,1,0,0,1,0,0,0,0
459,4,113.9834926,0.346676884,1,0,0,0,0,1,1,0,0,0,1,0,0,0
492,5,939.292536,0.324395855,2,0,0,0,0,1,0,0,1,0,1,0,0,0
631,4,2397.327091,0.453662572,3,0,1,0,0,1,1,0,0,0,0,0,0,1
718,4,1999.667107,0.594055276,1,0,1,0,0,1,0,1,0,1,0,0,0,0
350,4,1438.670853,0.574979858,1,0,0,1,0,0,1,0,0,1,0,0,0,0
106,5,39.63880167,0.063015119,0,0,0,0,1,0,0,1,0,0,0,1,0,0
495,4,232.7997802,0.549210476,3,0,1,0,1,0,0,1,0,1,0,0,0,0
558,3,128.4059065,0.219343448,2,0,1,0,1,0,1,0,0,1,0,0,0,0
549,1,2093.118755,0.318172347,0,0,0,0,0,1,1,0,0,1,0,0,0,0
434,3,1105.490763,0.554032236,2,0,0,0,1,0,0,1,0,0,0,1,0,0
524,5,607.0615281,0.27767932,0,0,0,0,1,0,0,0,1,0,0,1,0,0
803,7,3105.980505,0.156984811,2,0,1,0,1,0,1,0,0,1,0,0,0,0
576,4,173.2509622,0.285671241,0,0,0,0,0,1,0,1,0,0,0,1,0,0
425,1,820.8217973,0.454555852,1,1,0,0,1,0,0,0,1,0,1,0,0,0
399,5,752.0181528,0.500531768,2,0,0,0,1,0,1,0,0,0,0,1,0,0
466,2,332.9631446,0.350775041,1,0,0,0,1,0,0,0,1,1,0,0,0,0
827,4,531.4616659,0.28324592,0,0,0,0,0,1,0,1,0,1,0,0,0,0
463,3,214.7074946,0.374710083,2,0,1,0,1,0,1,0,0,1,0,0,0,0
496,3,904.3666399,0.318501408,2,0,0,0,1,0,1,0,0,1,0,0,0,0
403,3,433.3588068,0.313513399,1,0,0,0,1,0,1,0,0,1,0,0,0,0
719,4,19.06546606,0.333626689,1,0,0,0,1,0,1,0,0,0,0,1,0,0
891,2,2409.249085,0.364219065,3,1,1,0,1,0,0,1,0,1,0,0,0,0
590,2,556.7916246,0.365379561,2,0,0,0,1,0,1,0,0,1,0,0,0,0
516,4,978.3447834,0.065446701,2,0,0,0,1,0,1,0,0,1,0,0,0,0
507,7,175.4507068,0.429536198,1,0,1,0,0,1,0,0,1,1,0,0,0,0
64,6,108.8663152,0.179643162,1,0,0,0,1,0,1,0,0,0,0,1,0,0
649,4,1861.682,0.46434509,1,0,0,0,1,0,0,0,1,1,0,0,0,0
526,6,715.1001255,0.392223898,3,0,1,0,0,1,0,1,0,0,0,1,0,0
585,7,543.949256,0.481299806,0,0,1,0,0,1,1,0,0,0,0,1,0,0
357,2,589.094366,0.158414226,1,0,1,0,1,0,0,1,0,0,0,0,0,1
423,1,215.5621637,0.212952969,0,0,0,0,1,0,1,0,0,1,0,0,0,0
417,4,1950.598946,0.672457275,1,0,1,0,0,1,0,1,0,1,0,0,0,0
704,5,192.8832893,0.155749287,3,1,1,0,0,1,0,0,1,1,0,0,0,0
424,3,137.5861765,0.207276094,3,0,1,0,1,0,1,0,0,1,0,0,0,0
916,6,2127.932634,0.410595837,1,0,0,0,1,0,1,0,0,0,0,1,0,0
586,5,238.2655064,0.254575447,1,0,0,0,1,0,1,0,0,0,1,0,0,0
244,4,1587.216186,0.384084962,2,0,0,0,1,0,0,0,1,1,0,0,0,0
474,3,1184.529071,0.107376448,1,0,0,0,1,0,0,0,1,0,0,0,0,1
369,2,384.9404736,0.181894287,0,0,0,0,1,0,1,0,0,1,0,0,0,0
64,4,234.4258945,0.444659148,1,0,0,0,1,0,1,0,0,0,1,0,0,0
819,4,1138.328751,0.581168959,0,0,0,0,1,0,1,0,0,0,0,1,0,0
640,4,728.2443257,0.311033172,3,0,1,0,1,0,1,0,0,0,0,1,0,0
606,5,234.4670147,0.141540808,1,0,1,0,1,0,1,0,0,1,0,0,0,0
533,4,1772.241754,0.719084682,2,0,1,0,1,0,1,0,0,0,1,0,0,0
223,6,1021.184384,0.359770848,2,0,0,0,1,0,1,0,0,1,0,0,0,0
403,6,1919.965467,0.637184882,1,1,1,0,0,1,0,1,0,0,1,0,0,0
668,4,460.2492007,0.203032322,1,0,1,0,1,0,1,0,0,1,0,0,0,0
289,2,109.7557456,0.187589348,1,1,0,0,0,1,1,0,0,0,0,0,0,1
64,2,2062.411224,0.55801868,2,0,0,0,1,0,1,0,0,0,0,1,0,0
454,2,735.8897427,0.214153528,3,0,1,0,1,0,1,0,0,0,1,0,0,0
471,4,745.244318,0.411858738,1,0,0,0,1,0,1,0,0,1,0,0,0,0
527,4,702.1666419,0.339163774,1,0,0,1,0,0,1,0,0,0,0,1,0,0
645,9,511.5229066,0.379224212,1,0,1,0,1,0,1,0,0,1,0,0,0,0
627,7,235.54311,0.211074202,2,0,1,0,1,0,0,0,1,0,0,1,0,0
551,1,759.5096959,0.341196601,2,0,0,0,1,0,1,0,0,0,0,0,1,0
739,6,1014.390309,0.408487081,2,1,0,0,0,1,1,0,0,0,0,1,0,0
196,3,1986.740773,0.209051984,2,1,1,1,0,0,0,1,0,1,0,0,0,0
600,7,59.90618163,0.292171877,0,0,1,0,1,0,1,0,0,0,1,0,0,0
625,3,235.1849979,0.366108272,1,0,0,0,1,0,0,0,1,1,0,0,0,0
252,4,1199.340377,0.379049507,1,0,1,0,1,0,0,0,1,1,0,0,0,0
199,4,1193.85988,0.365503711,2,0,0,0,1,0,0,0,1,0,0,1,0,0
350,3,190.6407837,0.422074157,3,0,1,0,1,0,1,0,0,1,0,0,0,0
367,4,163.3766556,0.298979434,1,0,0,0,0,1,1,0,0,1,0,0,0,0
650,4,366.0051048,0.63917944,4,0,1,0,0,1,0,1,0,1,0,0,0,0
377,1,51.98534033,0.067764675,2,0,0,0,1,0,1,0,0,0,0,0,0,1
328,8,1048.536365,0.222448037,1,1,1,0,1,0,1,0,0,0,0,0,0,1
377,4,886.4665372,0.462755591,2,0,1,0,1,0,1,0,0,0,0,0,0,1
723,9,1565.640346,0.296696332,2,0,1,0,1,0,0,1,0,0,1,0,0,0
502,1,449.7641159,0.106435338,1,1,0,0,1,0,0,0,1,0,0,0,1,0
464,5,810.100369,0.640937066,3,0,1,0,1,0,0,1,0,1,0,0,0,0
477,6,2462.413132,0.142322262,2,0,0,0,1,0,0,1,0,1,0,0,0,0
758,3,2551.498564,0.071378964,1,0,1,0,1,0,0,1,0,0,0,1,0,0
350,6,58.98407166,0.174416553,1,0,1,0,0,1,0,1,0,1,0,0,0,0
763,3,1.50889805,0.199588866,1,1,0,0,1,0,0,0,1,1,0,0,0,0
542,7,2574.788621,0.197297843,2,1,1,0,1,0,1,0,0,1,0,0,0,0
467,4,613.1191758,0.202655738,4,0,1,0,1,0,0,0,1,0,0,0,1,0
1000,2,964.2470663,0.519452763,2,0,0,0,1,0,1,0,0,0,0,0,0,1
288,2,1949.781984,0.200942202,2,1,0,1,0,0,1,0,0,1,0,0,0,0
429,5,454.1349392,0.470951085,1,0,0,0,0,1,0,1,0,0,0,1,0,0
253,4,464.7886009,0.571096724,3,0,1,0,1,0,1,0,0,1,0,0,0,0
690,4,146.1596107,0.088733261,2,0,0,0,0,1,1,0,0,1,0,0,0,0
837,3,1890.108289,0.368057413,3,0,1,0,1,0,0,0,1,0,0,0,1,0
833,5,834.5571408,0.307291231,0,1,0,1,0,0,1,0,0,0,0,1,0,0
744,4,159.0234744,0.644878805,2,0,1,0,1,0,0,0,1,1,0,0,0,0
460,6,656.4063757,0.09157769,1,0,0,0,1,0,0,1,0,1,0,0,0,0
426,7,318.1927393,0.394014942,3,0,1,0,1,0,0,0,1,0,0,1,0,0
165,4,127.3672668,0.351322191,0,0,1,0,0,1,0,0,1,1,0,0,0,0
907,4,160.5866843,0.151934332,0,0,0,0,1,0,0,1,0,1,0,0,0,0
593,2,655.4349583,0.357737007,1,0,0,0,0,1,0,1,0,0,1,0,0,0
401,6,664.7975775,0.453280392,1,0,1,0,1,0,0,0,1,0,0,1,0,0
765,3,1248.292634,0.224996679,4,0,1,0,0,1,0,1,0,0,0,0,1,0
305,2,227.9984453,0.468342275,2,0,0,0,1,0,1,0,0,0,1,0,0,0
581,2,1979.96552,0.647625768,2,0,1,0,0,1,0,0,1,1,0,0,0,0
465,1,584.8668931,0.115214806,0,0,0,0,1,0,1,0,0,0,0,1,0,0
627,3,182.69845,0.16502177,4,0,1,0,1,0,1,0,0,1,0,0,0,0
487,5,426.5668446,0.426799477,3,0,1,1,0,0,0,1,0,1,0,0,0,0
209,2,2054.901318,0.230008485,3,0,1,1,0,0,1,0,0,0,0,1,0,0
515,7,520.3101013,0.294750308,1,0,1,0,1,0,1,0,0,1,0,0,0,0
709,2,1661.732015,0.650236647,1,0,1,0,1,0,0,1,0,1,0,0,0,0
494,8,139.3234257,0.750212115,3,0,1,0,1,0,1,0,0,0,0,1,0,0
655,5,1962.33949,0.108383116,1,0,0,0,1,0,0,1,0,1,0,0,0,0
290,5,450.5641052,0.112864662,0,0,0,0,1,0,0,1,0,1,0,0,0,0
494,1,2200.686126,0.533105554,3,0,1,0,1,0,1,0,0,1,0,0,0,0
375,2,1608.401294,0.245063967,1,0,0,0,1,0,0,0,1,1,0,0,0,0
649,2,862.9684551,0.546714762,0,0,0,0,0,1,0,0,1,0,1,0,0,0
506,3,893.8604363,0.551266717,1,0,0,0,0,1,0,1,0,0,0,1,0,0
638,3,190.1064025,0.335667954,2,0,0,0,1,0,0,1,0,1,0,0,0,0
717,4,738.7122574,0.251495178,2,1,0,0,1,0,0,0,1,1,0,0,0,0
638,6,637.9098981,0.103042372,1,1,0,0,1,0,1,0,0,1,0,0,0,0
554,3,325.3491265,0.476645784,1,0,0,0,1,0,0,1,0,1,0,0,0,0
300,4,563.5631279,0.143913638,2,1,0,0,1,0,0,1,0,1,0,0,0,0
499,4,2117.679447,0.388040056,2,0,0,0,1,0,1,0,0,1,0,0,0,0
393,6,4.255831048,0.282534003,2,1,0,0,1,0,0,0,1,0,0,1,0,0
431,5,431.8247739,0.548850885,1,0,0,0,1,0,1,0,0,0,0,1,0,0
425,3,324.7386354,0.383579791,1,0,0,0,0,1,1,0,0,1,0,0,0,0
304,5,2600.108848,0.294758369,0,1,1,0,0,1,0,0,1,0,0,1,0,0
108,1,2916.479172,0.107211364,3,0,1,0,1,0,0,0,1,0,1,0,0,0
366,3,704.8557431,0.062009305,3,0,1,0,1,0,0,1,0,1,0,0,0,0
538,5,638.8185454,0.182731149,1,1,0,1,0,0,0,1,0,1,0,0,0,0
230,6,1868.189914,0.13721121,2,0,0,0,1,0,0,1,0,1,0,0,0,0
503,9,5.251175644,0.188713865,2,1,1,0,0,1,1,0,0,0,1,0,0,0
880,7,660.9417759,0.606585691,1,1,1,0,0,1,1,0,0,1,0,0,0,0
704,4,19.95268955,0.315703768,1,0,0,0,0,1,0,1,0,1,0,0,0,0
828,7,2757.682605,0.53151993,0,1,1,0,1,0,1,0,0,1,0,0,0,0
578,3,308.7177212,0.618525751,2,0,1,0,1,0,0,0,1,1,0,0,0,0
733,4,588.5119591,0.074169384,1,0,0,0,0,1,1,0,0,0,1,0,0,0
355,3,432.4349639,0.659410732,3,0,1,0,1,0,0,0,1,0,1,0,0,0
371,1,1792.621167,0.497963884,3,1,1,0,1,0,1,0,0,0,1,0,0,0
64,3,6888.957677,0.657571774,2,1,1,0,1,0,1,0,0,1,0,0,0,0
737,4,56.67106909,0.753387514,2,0,1,0,1,0,1,0,0,1,0,0,0,0
808,2,1053.507587,0.469745314,3,0,1,0,0,1,0,1,0,0,0,1,0,0
389,4,367.090966,0.217703278,3,0,1,0,1,0,0,1,0,1,0,0,0,0
449,4,119.7963761,0.484775562,1,0,0,0,0,1,0,0,1,1,0,0,0,0
349,1,415.9435903,0.08331129,1,0,0,0,0,1,1,0,0,0,1,0,0,0
576,6,5032.599823,0.692403691,0,0,1,0,1,0,0,1,0,1,0,0,0,0
724,4,353.994571,0.498319243,1,0,0,0,1,0,0,1,0,0,1,0,0,0
151,5,259.9190019,0.205860132,1,0,0,0,0,1,1,0,0,0,0,0,1,0
581,3,1497.532895,0.364436961,1,0,0,0,1,0,0,0,1,0,0,1,0,0
444,1,1619.587015,0.511028816,3,0,1,1,0,0,1,0,0,0,0,1,0,0
522,7,331.0428067,0.698563642,2,0,1,0,0,1,0,1,0,1,0,0,0,0
591,5,283.8249798,0.216131141,0,1,0,0,1,0,0,1,0,1,0,0,0,0
462,4,833.6679416,0.114994559,3,0,1,0,0,1,1,0,0,1,0,0,0,0
479,2,183.7101579,0.042384909,1,0,0,0,1,0,1,0,0,1,0,0,0,0
457,4,528.8312116,0.223054178,2,0,0,0,1,0,0,1,0,1,0,0,0,0
694,3,121.909235,0.706877648,1,0,1,0,0,1,1,0,0,0,0,0,1,0
583,5,290.7925269,0.268853222,0,0,0,0,0,1,1,0,0,1,0,0,0,0
544,4,282.4668323,0.493382668,4,1,1,0,1,0,1,0,0,0,0,0,1,0
245,3,949.6924581,0.110532507,2,1,0,0,1,0,0,1,0,1,0,0,0,0
424,3,265.3328431,0.266659716,1,0,1,0,1,0,0,1,0,0,1,0,0,0
679,5,1830.12332,0.806483197,2,0,1,0,1,0,1,0,0,0,0,1,0,0
507,3,3261.805641,0.116935125,2,0,1,0,1,0,1,0,0,1,0,0,0,0
631,2,67.62903875,0.663181142,2,1,1,0,1,0,0,1,0,1,0,0,0,0
853,5,405.5301406,0.61199806,1,0,1,0,1,0,0,1,0,1,0,0,0,0
707,6,287.4467995,0.619490698,0,0,1,0,0,1,0,0,1,1,0,0,0,0
518,4,347.0794792,0.449146132,1,0,0,0,1,0,1,0,0,1,0,0,0,0
397,2,246.6941877,0.260232141,2,0,0,0,1,0,0,0,1,0,0,0,1,0
64,5,385.8745823,0.476900819,1,0,0,0,0,1,1,0,0,0,0,1,0,0
466,3,121.9752955,0.112210878,1,0,0,0,0,1,1,0,0,1,0,0,0,0
434,3,262.601363,0.512898202,1,0,0,0,0,1,0,1,0,0,0,1,0,0
578,3,1102.082997,0.067783007,3,0,1,0,1,0,0,0,1,1,0,0,0,0
469,4,337.3323326,0.220359855,3,0,1,0,1,0,1,0,0,0,1,0,0,0
435,2,186.3883567,0.021687005,3,0,1,0,1,0,0,0,1,1,0,0,0,0
144,6,91.82965714,0.380022083,1,0,0,0,1,0,1,0,0,1,0,0,0,0
312,3,342.1736624,0.151047732,0,0,0,0,1,0,1,0,0,0,1,0,0,0
595,4,824.9328486,0.266065365,4,0,1,0,1,0,1,0,0,0,0,0,0,1
843,3,233.6786435,0.166903017,0,0,0,0,1,0,0,1,0,1,0,0,0,0
480,4,439.1622394,0.379445761,3,0,1,0,1,0,1,0,0,1,0,0,0,0
565,5,2435.914145,0.338131849,1,0,0,0,1,0,1,0,0,0,0,1,0,0
690,5,643.0178495,0.538658042,2,1,0,0,1,0,1,0,0,1,0,0,0,0
337,3,607.3246632,0.223950851,0,0,0,0,1,0,0,1,0,0,0,0,1,0
573,1,422.029333,0.402137287,3,0,1,0,1,0,1,0,0,0,0,1,0,0
351,1,651.0594788,0.383899464,0,0,0,0,1,0,1,0,0,0,0,1,0,0
672,3,3337.011988,0.111429562,3,1,1,0,1,0,1,0,0,0,1,0,0,0
530,3,234.2166979,0.336506872,1,0,0,0,1,0,1,0,0,0,1,0,0,0
559,3,2276.855879,0.24793946,1,0,0,0,1,0,0,1,0,0,0,1,0,0
343,5,129.1412534,0.185651065,0,0,0,0,1,0,1,0,0,1,0,0,0,0
641,9,94.22125573,0.200939011,0,0,1,0,0,1,0,1,0,0,0,1,0,0
916,2,850.6026697,0.455473471,2,0,0,0,1,0,1,0,0,0,0,1,0,0
298,3,231.4042738,0.177049473,0,0,0,0,1,0,0,1,0,0,0,0,1,0
432,6,470.1542565,0.124807827,2,0,0,1,0,0,0,1,0,0,0,1,0,0
546,4,1046.444401,0.703543612,2,0,1,0,1,0,1,0,0,0,0,1,0,0
657,5,612.3016624,0.335757547,1,0,0,0,1,0,1,0,0,0,0,0,1,0
388,3,11.07579767,0.841580966,2,0,1,0,1,0,1,0,0,0,1,0,0,0
64,5,292.0459639,0.362665808,2,0,0,0,0,1,1,0,0,1,0,0,0,0
771,1,53.49895465,0.212212045,4,0,1,0,1,0,1,0,0,0,0,0,1,0
652,5,2084.191487,0.185875744,2,0,0,0,1,0,1,0,0,1,0,0,0,0
151,4,1266.426071,0.238302407,2,0,1,0,1,0,0,1,0,1,0,0,0,0
378,3,3300.256335,0.325801335,0,0,0,0,1,0,1,0,0,1,0,0,0,0
813,2,1731.020709,0.658283983,3,0,1,0,1,0,1,0,0,0,0,1,0,0
789,2,515.9917094,0.442308887,2,0,0,0,0,1,1,0,0,0,0,1,0,0
687,3,1713.717779,0.221195895,1,1,0,0,1,0,0,0,1,0,0,1,0,0
464,8,892.863841,0.209872601,0,0,1,0,1,0,1,0,0,0,1,0,0,0
516,4,594.878401,0.322677073,1,0,1,0,1,0,1,0,0,0,0,0,0,1
473,4,370.4491644,0.185241429,2,0,0,0,1,0,0,1,0,1,0,0,0,0
725,5,913.9665202,0.384942403,2,0,0,0,0,1,1,0,0,0,1,0,0,0
324,4,713.5388753,0.120100029,1,0,0,0,1,0,0,0,1,0,0,1,0,0
338,4,761.9178031,0.629352337,0,0,1,0,1,0,0,0,1,1,0,0,0,0
702,7,408.4356388,0.428256377,2,0,1,0,1,0,1,0,0,1,0,0,0,0
491,4,1075.554348,0.446525565,3,0,1,0,1,0,0,0,1,0,0,1,0,0
775,6,67.8737641,0.179899245,2,0,0,0,1,0,0,1,0,0,0,1,0,0
365,1,1036.165998,0.467084927,2,0,0,0,0,1,1,0,0,1,0,0,0,0
489,1,1049.725586,0.282568152,1,1,0,0,1,0,0,0,1,1,0,0,0,0
315,2,580.4427419,0.522190506,1,0,0,0,0,1,0,0,1,0,0,1,0,0
501,5,244.4413229,0.562074652,1,0,1,0,0,1,1,0,0,1,0,0,0,0
204,2,585.9704386,0.566563179,1,1,0,0,0,1,0,1,0,1,0,0,0,0
402,5,105.0772516,0.042138973,3,0,1,0,1,0,0,0,1,0,0,1,0,0
212,3,268.5390728,0.531578869,3,0,1,0,1,0,0,1,0,1,0,0,0,0
638,6,437.5766885,0.322156233,2,1,0,1,0,0,1,0,0,0,0,1,0,0
643,5,894.8082421,0.404805025,2,1,0,0,0,1,1,0,0,0,1,0,0,0
153,1,165.8326656,0.422358259,3,0,1,0,0,1,0,0,1,0,1,0,0,0
766,2,137.7424627,0.456336954,1,0,0,0,1,0,0,1,0,0,0,1,0,0
999,3,748.7792718,0.486547375,1,0,0,0,1,0,0,1,0,0,1,0,0,0
509,4,910.4120851,0.611402346,3,0,1,0,0,1,0,0,1,1,0,0,0,0
371,7,69.89053536,0.211171509,1,0,1,0,1,0,1,0,0,1,0,0,0,0
1064,2,26.98044005,0.235247264,5,0,1,0,1,0,1,0,0,0,0,1,0,0
236,4,127.3371381,0.125905382,2,1,0,0,1,0,0,1,0,1,0,0,0,0
504,3,1850.324143,0.492430941,3,0,1,0,1,0,1,0,0,0,0,0,1,0
535,5,893.3522573,0.087968204,1,0,1,0,1,0,0,1,0,0,0,0,0,1
769,1,2030.908374,0.37147669,3,0,1,0,1,0,0,0,1,1,0,0,0,0
571,5,874.2190204,0.057622866,1,0,0,0,1,0,1,0,0,0,1,0,0,0
400,4,2687.366881,0.198245103,1,0,1,0,1,0,0,0,1,0,0,0,0,1
309,6,462.2944196,0.29679432,2,0,1,0,1,0,0,0,1,0,1,0,0,0
431,4,731.2324887,0.614744501,3,0,1,0,1,0,0,0,1,0,1,0,0,0
298,4,735.4070081,0.071506113,2,0,0,0,0,1,0,1,0,0,1,0,0,0
509,4,2.515885073,0.404055832,2,0,1,0,1,0,0,0,1,1,0,0,0,0
387,6,22.27070175,0.227576481,3,0,1,0,1,0,0,1,0,1,0,0,0,0
201,4,125.571237,0.310471735,1,0,0,0,0,1,0,0,1,1,0,0,0,0
751,6,572.5262109,0.476730184,1,0,0,0,0,1,1,0,0,1,0,0,0,0
400,5,450.434452,0.704341906,3,0,1,0,1,0,1,0,0,1,0,0,0,0
246,5,620.7867313,0.437060088,2,1,0,0,1,0,1,0,0,1,0,0,0,0
466,3,1289.515919,0.271752758,0,0,0,0,1,0,1,0,0,1,0,0,0,0
513,5,1381.858016,0.641808806,0,0,1,0,1,0,0,1,0,1,0,0,0,0
150,5,3018.325663,0.26132875,3,0,1,0,0,1,1,0,0,0,0,1,0,0
566,6,652.3382745,0.385762991,1,0,0,1,0,0,0,1,0,1,0,0,0,0
290,6,341.2065621,0.53234471,1,0,0,0,0,1,0,0,1,1,0,0,0,0
842,3,294.5674881,0.220317318,2,0,0,0,1,0,1,0,0,0,1,0,0,0
604,2,333.3117413,0.071900319,2,0,1,0,1,0,0,0,1,1,0,0,0,0
420,7,313.0481332,0.200822813,2,0,1,1,0,0,1,0,0,1,0,0,0,0
350,2,399.2757272,0.03105232,0,0,0,0,1,0,0,1,0,1,0,0,0,0
479,2,62.26668506,0.195659612,2,0,0,0,1,0,1,0,0,0,0,1,0,0
622,7,802.8580223,0.181684871,1,0,1,0,0,1,1,0,0,1,0,0,0,0
494,9,671.5400953,0.280200313,2,0,1,0,1,0,0,1,0,0,1,0,0,0
456,2,495.8592249,0.031822549,0,0,0,0,1,0,0,1,0,1,0,0,0,0
511,4,67.66698706,0.628442367,2,0,1,0,0,1,0,1,0,1,0,0,0,0
379,6,78.27435731,0.313115107,2,0,0,0,1,0,0,0,1,1,0,0,0,0
431,3,630.1512329,0.359332745,4,0,1,0,1,0,1,0,0,0,0,0,1,0
82,4,29.81296488,0.304164351,2,0,0,0,1,0,1,0,0,1,0,0,0,0
694,3,1032.173561,0.207861,1,0,1,0,1,0,0,1,0,0,1,0,0,0
559,6,4063.749379,0.106068155,3,1,1,0,1,0,1,0,0,1,0,0,0,0
345,3,727.8631214,0.524417303,2,0,1,0,1,0,0,1,0,0,1,0,0,0
879,2,1028.237347,0.251927893,0,0,0,0,1,0,0,0,1,1,0,0,0,0
517,7,462.3362276,0.170905408,2,0,1,0,0,1,0,1,0,1,0,0,0,0
292,3,880.6814299,0.505774726,2,0,0,0,1,0,0,1,0,1,0,0,0,0
671,1,843.9373948,0.309603008,1,0,0,0,0,1,0,1,0,1,0,0,0,0
579,2,1390.230297,0.789033284,2,0,1,0,1,0,1,0,0,1,0,0,0,0
578,3,994.0034541,0.534092097,1,0,0,0,1,0,0,1,0,0,0,0,0,1
414,1,1105.999797,0.391781423,1,0,0,0,1,0,1,0,0,1,0,0,0,0
590,3,650.6913295,0.177595581,1,0,0,0,1,0,1,0,0,1,0,0,0,0
447,8,530.1175597,0.313033394,1,0,1,0,0,1,0,1,0,0,0,1,0,0
611,4,491.0496771,0.468185214,0,0,0,0,1,0,0,0,1,1,0,0,0,0
119,5,398.078687,0.630566196,3,0,1,0,1,0,1,0,0,1,0,0,0,0
413,3,247.4272606,0.377457405,2,0,0,0,1,0,0,1,0,0,0,0,0,1
844,4,27.10279502,0.170484755,2,0,0,0,1,0,0,1,0,1,0,0,0,0
346,2,889.5905982,0.275339022,1,0,0,0,1,0,0,0,1,1,0,0,0,0
379,1,1849.794827,0.129668275,1,1,0,0,1,0,1,0,0,0,0,0,1,0
410,2,2132.94069,0.117096424,1,1,0,0,1,0,0,0,1,0,0,1,0,0
257,2,695.0710878,0.325328393,3,0,1,0,1,0,0,0,1,0,0,1,0,0
64,3,79.09341284,0.333228412,3,0,1,0,1,0,1,0,0,0,0,1,0,0
453,4,1687.355402,0.27510717,0,0,0,0,1,0,1,0,0,1,0,0,0,0
527,3,1101.851466,0.086095264,1,0,0,0,1,0,1,0,0,1,0,0,0,0
489,6,231.6522001,0.203966004,3,0,1,0,1,0,1,0,0,0,1,0,0,0
471,3,1301.857265,0.151146141,2,0,0,0,0,1,1,0,0,0,0,1,0,0
508,3,510.9392388,0.700908777,1,0,1,0,0,1,0,0,1,0,0,1,0,0
704,4,1748.504047,0.555097647,0,0,0,0,0,1,1,0,0,0,0,0,1,0
461,3,227.6013697,0.387071099,1,0,0,0,1,0,1,0,0,1,0,0,0,0
385,8,1291.182244,0.326768599,2,0,1,1,0,0,0,0,1,1,0,0,0,0
443,7,995.586755,0.319241612,2,0,1,0,1,0,0,1,0,1,0,0,0,0
615,3,11.63716882,0.163952359,1,1,0,1,0,0,1,0,0,1,0,0,0,0
782,4,662.870458,0.308282381,2,0,0,0,1,0,1,0,0,1,0,0,0,0
374,6,1005.714014,0.228735288,2,0,0,0,1,0,0,1,0,1,0,0,0,0
519,7,136.0716954,0.482909361,1,0,1,0,1,0,1,0,0,1,0,0,0,0
567,7,607.2568452,0.348320826,0,1,1,0,1,0,1,0,0,1,0,0,0,0
301,10,290.0140519,0.298412109,2,1,1,0,0,1,1,0,0,0,0,1,0,0
504,3,953.2479048,0.447398678,1,0,0,0,0,1,1,0,0,1,0,0,0,0
206,5,621.4662214,0.346833941,1,0,0,1,0,0,1,0,0,1,0,0,0,0
146,3,777.1425863,0.491587007,1,1,0,0,1,0,1,0,0,1,0,0,0,0
573,3,60.24434937,0.269010993,3,0,1,0,1,0,1,0,0,1,0,0,0,0
423,1,118.6099041,0.601668461,2,1,1,0,1,0,0,1,0,1,0,0,0,0
540,2,642.5289043,0.209536696,3,0,1,1,0,0,0,1,0,0,1,0,0,0
496,4,159.9058453,0.282253499,1,0,0,0,1,0,0,1,0,1,0,0,0,0
304,5,552.4263545,0.377494245,2,1,1,0,0,1,0,1,0,0,1,0,0,0
490,5,937.0219989,0.17007803,2,0,1,0,1,0,0,1,0,0,0,1,0,0
253,4,1327.624317,0.330333452,3,0,1,0,1,0,0,1,0,1,0,0,0,0
778,2,123.4602417,0.381460757,1,1,0,0,0,1,0,1,0,0,1,0,0,0
228,2,1083.461038,0.109135494,2,0,0,0,1,0,1,0,0,1,0,0,0,0
460,5,361.0222339,0.503563222,3,0,1,0,1,0,0,0,1,0,0,1,0,0
291,1,908.8842891,0.297889183,0,0,0,0,1,0,0,1,0,1,0,0,0,0
614,6,125.5894153,0.397434692,3,1,1,0,0,1,0,0,1,0,1,0,0,0
433,4,579.1741222,0.225322344,1,0,0,0,1,0,1,0,0,0,1,0,0,0
396,4,1453.968468,0.507363763,1,0,0,0,1,0,1,0,0,1,0,0,0,0
670,2,90.02575408,0.344882822,1,0,0,0,1,0,0,0,1,0,0,1,0,0
505,3,1406.725172,0.079788222,2,0,0,0,1,0,0,1,0,0,0,0,0,1
603,1,482.3065264,0.53234794,0,0,0,0,1,0,0,1,0,0,0,1,0,0
303,1,1386.512963,0.738105822,2,0,1,0,1,0,0,1,0,0,1,0,0,0
219,5,2543.487779,0.19038782,0,0,0,1,0,0,1,0,0,1,0,0,0,0
521,4,139.1519298,0.361445735,1,0,0,1,0,0,0,1,0,0,0,1,0,0
436,5,898.0853552,0.295828634,2,1,0,0,1,0,1,0,0,0,0,1,0,0
625,4,214.4044293,0.058234676,0,0,0,0,0,1,0,0,1,1,0,0,0,0
484,4,116.5334066,0.29493338,2,0,0,0,1,0,1,0,0,1,0,0,0,0
541,4,791.2667854,0.190503353,3,0,1,0,1,0,1,0,0,1,0,0,0,0
175,6,91.41663784,0.543598513,3,0,1,0,1,0,0,0,1,0,0,1,0,0
877,7,500.6489161,0.383686268,2,0,1,0,1,0,0,0,1,0,0,1,0,0
467,1,808.3807845,0.224584459,1,0,1,0,1,0,0,1,0,1,0,0,0,0
639,1,553.9271273,0.284244553,1,0,0,0,1,0,0,1,0,1,0,0,0,0
332,6,955.4009102,0.582637574,1,0,0,0,0,1,0,0,1,1,0,0,0,0
561,3,1293.218374,0.038437544,2,0,1,0,1,0,0,1,0,1,0,0,0,0
239,3,1646.121639,0.648064719,1,0,1,0,1,0,0,1,0,1,0,0,0,0
590,2,656.5522131,0.55985249,1,0,0,0,1,0,1,0,0,0,0,0,0,1
428,5,259.0680657,0.509233413,1,0,0,0,1,0,0,1,0,0,1,0,0,0
505,1,570.1280487,0.112469855,2,0,0,0,1,0,0,0,1,0,0,0,0,1
639,8,392.4114515,0.655842421,3,0,1,0,1,0,1,0,0,1,0,0,0,0
253,5,204.869818,0.265423278,0,0,0,0,0,1,0,1,0,1,0,0,0,0
363,1,602.4321112,0.306952718,3,0,1,0,0,1,1,0,0,0,0,0,0,1
591,4,18.33234163,0.071519249,2,0,0,0,1,0,0,1,0,0,1,0,0,0
919,2,744.2405303,0.260259684,0,0,0,0,1,0,1,0,0,0,0,1,0,0
472,3,1378.998658,0.292278588,0,0,0,0,0,1,0,0,1,1,0,0,0,0
618,4,5983.968744,0.58430128,3,0,1,0,1,0,1,0,0,1,0,0,0,0
478,10,2037.552374,0.284512922,2,0,1,0,1,0,1,0,0,1,0,0,0,0
888,5,75.28672792,0.268189666,0,0,0,0,1,0,0,0,1,1,0,0,0,0
150,5,141.7997569,0.505623221,1,0,0,0,1,0,1,0,0,1,0,0,0,0
518,8,119.3984883,0.671575268,3,1,1,0,0,1,0,1,0,1,0,0,0,0
174,4,653.7928654,0.329433202,3,0,1,0,1,0,0,0,1,1,0,0,0,0
64,3,37.61959071,0.111072847,1,0,0,0,1,0,1,0,0,1,0,0,0,0
559,8,2211.604179,0.177495938,1,0,1,0,1,0,1,0,0,0,1,0,0,0
527,5,51.06497571,0.465488275,2,0,0,0,1,0,0,0,1,0,0,0,1,0
443,3,397.0788135,0.328215136,2,0,1,0,0,1,0,1,0,1,0,0,0,0
478,4,1795.225188,0.286905154,0,0,1,0,1,0,1,0,0,0,0,0,0,1
1119,7,2371.050839,0.060202838,2,0,1,0,1,0,1,0,0,0,0,1,0,0
448,4,500.8257634,0.217239796,0,1,0,0,0,1,0,1,0,1,0,0,0,0
602,3,536.2190999,0.244371306,1,0,0,0,1,0,0,1,0,1,0,0,0,0
370,3,808.8704407,0.322605973,1,0,0,0,1,0,0,1,0,0,0,0,0,1
559,5,418.9109585,0.103616007,0,0,0,0,1,0,0,1,0,1,0,0,0,0
452,3,314.0327542,0.126371718,3,0,1,0,1,0,0,1,0,1,0,0,0,0
417,9,1075.897819,0.316810836,1,0,1,0,1,0,0,0,1,1,0,0,0,0
863,1,723.8026451,0.763074625,1,0,1,0,1,0,1,0,0,0,0,1,0,0
735,5,525.7162286,0.164165002,0,0,0,0,1,0,0,0,1,0,1,0,0,0
527,6,84.98857226,0.366380335,1,0,0,0,0,1,0,1,0,1,0,0,0,0
64,6,57.0779015,0.324871678,0,0,0,0,1,0,1,0,0,0,0,1,0,0
427,4,572.011999,0.115123333,0,0,0,0,1,0,1,0,0,0,1,0,0,0
1040,4,772.8717354,0.121370885,2,0,0,0,1,0,0,1,0,0,0,1,0,0
453,4,857.2142822,0.511320969,2,0,0,0,0,1,1,0,0,1,0,0,0,0
720,9,1802.199108,0.348544861,2,0,1,0,1,0,1,0,0,1,0,0,0,0
788,4,1355.233883,0.556968964,1,0,1,0,0,1,0,1,0,0,0,1,0,0
543,5,121.3676856,0.397119282,1,0,0,0,1,0,0,1,0,1,0,0,0,0
331,4,1265.578668,0.198252628,3,0,1,0,0,1,1,0,0,0,1,0,0,0
64,3,902.3582625,0.294404082,4,1,1,0,1,0,1,0,0,1,0,0,0,0
636,2,1408.343046,0.098407705,1,0,0,0,1,0,0,1,0,1,0,0,0,0
337,3,1483.016493,0.341552745,0,0,1,0,1,0,0,0,1,1,0,0,0,0
535,5,339.1467833,0.54242797,3,0,1,0,0,1,1,0,0,0,0,1,0,0
250,7,244.4258086,0.591325333,1,1,1,0,1,0,0,1,0,1,0,0,0,0
446,6,643.5026325,0.023534134,3,0,1,0,1,0,0,1,0,0,0,1,0,0
506,8,283.7503219,0.250966793,2,0,1,0,1,0,0,1,0,0,1,0,0,0
553,4,344.2391528,0.289051689,3,0,1,0,0,1,1,0,0,1,0,0,0,0
277,4,57.33435598,0.696744914,1,0,1,0,0,1,0,1,0,0,0,1,0,0
739,8,3801.427157,0.754809365,1,0,1,0,1,0,1,0,0,0,0,0,1,0
380,1,296.0362406,0.340566843,3,0,1,0,1,0,1,0,0,1,0,0,0,0
165,1,1211.568848,0.173545058,2,0,1,0,1,0,0,0,1,0,1,0,0,0
478,13,3987.774605,0.250395183,3,0,1,0,0,1,1,0,0,1,0,0,0,0
506,7,2782.273129,0.29791445,0,1,1,0,0,1,1,0,0,1,0,0,0,0
532,4,803.8421879,0.279412586,2,0,0,0,1,0,1,0,0,1,0,0,0,0
772,6,618.898499,0.075566148,2,0,0,0,1,0,1,0,0,0,0,1,0,0
452,8,296.012538,0.370564653,0,1,1,1,0,0,0,1,0,1,0,0,0,0
476,5,1581.546819,0.618748252,1,0,1,0,0,1,1,0,0,1,0,0,0,0
279,4,329.9859106,0.23293265,3,0,1,0,1,0,0,1,0,0,0,0,1,0
664,3,90.28755735,0.249935888,1,0,0,0,1,0,1,0,0,1,0,0,0,0
536,1,278.6235326,0.108523957,2,0,0,0,1,0,1,0,0,1,0,0,0,0
415,2,302.7828262,0.502798012,0,0,0,0,1,0,1,0,0,1,0,0,0,0
119,2,1014.056696,0.770375587,1,0,1,0,1,0,0,0,1,0,0,1,0,0
788,4,148.6222988,0.121631462,0,0,1,0,1,0,0,0,1,1,0,0,0,0
254,7,304.8481567,0.215725133,1,0,1,0,1,0,1,0,0,1,0,0,0,0
381,4,63.7424539,0.27884807,1,0,1,0,1,0,1,0,0,0,0,0,0,1
571,6,1509.213947,0.338789897,1,0,0,0,1,0,1,0,0,1,0,0,0,0
260,5,1032.134382,0.302303313,1,0,0,0,1,0,1,0,0,0,1,0,0,0
201,1,460.2728319,0.2877427,1,1,0,0,0,1,1,0,0,1,0,0,0,0
75,1,449.7165609,0.09135386,1,0,0,0,1,0,0,1,0,1,0,0,0,0
644,6,145.5742217,0.284714728,3,0,1,0,1,0,1,0,0,0,0,1,0,0
390,3,388.2213367,0.443441781,1,0,0,0,1,0,0,1,0,0,1,0,0,0
1085,7,1898.622165,0.739556971,1,0,1,0,0,1,1,0,0,0,0,1,0,0
301,3,119.4109342,0.34491763,3,0,1,0,0,1,0,1,0,0,0,1,0,0
315,6,1158.632439,0.604917411,1,0,1,0,1,0,0,1,0,1,0,0,0,0
386,2,38.65991087,0.323753241,1,0,0,0,0,1,0,1,0,0,0,1,0,0
548,3,298.8006228,0.50711431,0,0,0,0,1,0,0,0,1,1,0,0,0,0
405,3,1501.527422,0.221545483,2,0,0,1,0,0,0,0,1,0,0,0,0,1
622,4,471.0062621,0.326793883,1,0,0,0,1,0,0,1,0,1,0,0,0,0
304,1,970.3948041,0.131974319,2,0,0,0,1,0,1,0,0,1,0,0,0,0
223,7,87.44285332,0.303438163,3,0,1,0,1,0,1,0,0,1,0,0,0,0
140,3,920.1579506,0.299733492,1,0,0,0,1,0,0,0,1,0,0,1,0,0
64,6,1367.497848,0.470522084,2,1,0,0,1,0,0,1,0,1,0,0,0,0
396,4,1308.813882,0.220532621,0,0,0,0,0,1,0,1,0,1,0,0,0,0
439,3,462.2417833,0.375172875,2,0,0,0,0,1,1,0,0,1,0,0,0,0
373,5,1875.903188,0.195068133,3,1,1,0,1,0,0,1,0,0,0,0,0,1
748,6,684.4857853,0.217363908,0,0,1,0,1,0,0,0,1,1,0,0,0,0
745,4,1362.435309,0.396752749,1,0,0,0,1,0,1,0,0,0,1,0,0,0
433,6,192.0886586,0.713588776,1,0,1,0,1,0,0,1,0,0,1,0,0,0
141,3,188.8214617,0.281696706,2,0,0,0,1,0,1,0,0,0,0,1,0,0
386,5,1123.117735,0.082454438,0,0,0,0,1,0,1,0,0,1,0,0,0,0
380,2,832.2032949,0.281137674,1,1,0,0,0,1,1,0,0,0,0,1,0,0
368,2,902.3749333,0.388359183,1,0,0,0,1,0,0,1,0,1,0,0,0,0
360,4,215.9473703,0.284785379,3,0,1,0,1,0,1,0,0,0,0,0,1,0
369,7,408.1575029,0.27887951,1,0,1,0,1,0,1,0,0,0,0,1,0,0
422,1,239.134303,0.388716773,1,0,0,0,1,0,1,0,0,1,0,0,0,0
372,6,56.44607271,0.279658472,2,0,0,0,1,0,1,0,0,0,1,0,0,0
541,3,182.4657682,0.328790081,0,0,0,0,0,1,1,0,0,1,0,0,0,0
572,7,4265.38266,0.296651588,1,1,1,0,1,0,0,0,1,1,0,0,0,0
317,2,213.3022964,0.192939335,1,0,1,0,1,0,1,0,0,1,0,0,0,0
754,3,138.8098849,0.757416148,3,0,1,0,0,1,0,1,0,0,0,1,0,0
303,5,954.8927604,0.533312233,2,1,0,0,1,0,1,0,0,0,0,1,0,0
176,4,737.3329948,0.349996176,3,0,1,0,0,1,1,0,0,0,0,0,0,1
576,6,1096.377963,0.434516476,1,0,0,0,1,0,1,0,0,1,0,0,0,0
336,4,848.2977126,0.252902654,2,0,0,0,1,0,1,0,0,0,1,0,0,0
564,6,201.8451423,0.216081443,2,0,0,0,0,1,0,1,0,1,0,0,0,0
64,5,555.9687261,0.304264243,0,0,0,0,0,1,1,0,0,0,0,1,0,0
778,2,155.4921307,0.507126114,1,0,0,0,1,0,1,0,0,1,0,0,0,0
634,6,233.9283775,0.138912462,4,0,1,0,1,0,1,0,0,1,0,0,0,0
199,1,3469.192975,0.269614534,2,0,0,0,0,1,1,0,0,1,0,0,0,0
204,3,1043.564903,0.203511354,2,0,0,0,1,0,0,0,1,1,0,0,0,0
834,2,1221.735285,0.345466008,1,1,0,0,1,0,1,0,0,0,1,0,0,0
352,6,24.41615934,0.222989333,2,0,0,0,0,1,1,0,0,0,0,1,0,0
333,7,385.1868609,0.275692729,2,1,1,0,1,0,1,0,0,1,0,0,0,0
64,5,648.1923421,0.471348942,1,0,0,0,0,1,0,1,0,1,0,0,0,0
429,2,129.708398,0.587902244,2,1,1,0,0,1,1,0,0,1,0,0,0,0
454,4,1509.980892,0.248317028,0,0,1,0,1,0,1,0,0,0,0,0,0,1
643,4,120.2865004,0.625049055,1,0,1,0,0,1,0,0,1,1,0,0,0,0
220,8,809.5928242,0.112519416,0,0,1,0,1,0,0,1,0,1,0,0,0,0
195,4,644.4924631,0.511599528,2,0,1,0,1,0,1,0,0,0,0,1,0,0
590,6,1514.041439,0.313810776,1,0,0,0,1,0,0,1,0,0,1,0,0,0
701,4,298.9530955,0.467408262,0,0,0,0,0,1,1,0,0,0,0,1,0,0
185,1,267.3536239,0.219358588,1,0,0,0,0,1,0,1,0,1,0,0,0,0
716,4,1498.791047,0.130747133,2,0,0,0,1,0,0,0,1,1,0,0,0,0
507,2,200.2122765,0.369729375,0,0,1,0,1,0,1,0,0,0,0,1,0,0
718,5,1096.467203,0.403747821,1,0,1,0,0,1,0,0,1,0,0,1,0,0
485,6,169.7093369,0.463870949,2,0,0,0,1,0,0,1,0,1,0,0,0,0
64,3,1668.0163,0.580894656,0,1,1,0,1,0,0,0,1,1,0,0,0,0
469,3,1461.396531,0.17865291,1,0,1,0,1,0,0,1,0,0,0,1,0,0
712,7,1238.911536,0.578848383,1,0,1,1,0,0,1,0,0,1,0,0,0,0
321,2,540.9868679,0.239801871,2,0,0,0,0,1,1,0,0,1,0,0,0,0
422,6,27.54001673,0.115172499,0,0,0,0,0,1,0,1,0,0,0,1,0,0
464,10,113.6797243,0.275481559,1,0,1,0,1,0,1,0,0,1,0,0,0,0
64,5,487.9351776,0.608118907,1,0,1,0,0,1,1,0,0,1,0,0,0,0
834,3,35.70308884,0.594690781,2,0,0,0,1,0,0,1,0,1,0,0,0,0
319,8,52.46106555,0.479574435,3,0,1,0,0,1,0,1,0,1,0,0,0,0
601,5,107.2858984,0.390262586,3,0,1,0,1,0,1,0,0,1,0,0,0,0
482,6,241.799947,0.363746982,1,0,0,0,1,0,1,0,0,1,0,0,0,0
751,1,1106.871345,0.479723232,3,1,1,0,1,0,0,1,0,0,0,0,1,0
581,4,39.33740117,0.206367622,2,0,1,0,1,0,0,1,0,1,0,0,0,0
453,4,3290.303192,0.224684758,1,0,1,0,0,1,1,0,0,0,0,1,0,0
321,5,255.9763773,0.257830861,2,0,0,1,0,0,1,0,0,0,0,1,0,0
659,4,308.7626985,0.147858407,2,0,0,0,1,0,0,0,1,1,0,0,0,0
125,4,227.8927137,0.102173304,1,0,0,0,0,1,1,0,0,0,0,1,0,0
629,1,737.828492,0.295867211,4,0,1,0,1,0,0,1,0,1,0,0,0,0
280,3,15.69424331,0.097127964,2,0,0,0,0,1,1,0,0,1,0,0,0,0
750,6,78.59275887,0.628204633,2,0,1,0,0,1,1,0,0,1,0,0,0,0
532,2,83.20242911,0.215287922,4,0,1,0,0,1,0,0,1,1,0,0,0,0
628,2,873.7839804,0.121977268,4,0,1,0,1,0,1,0,0,1,0,0,0,0
516,5,319.8111974,0.327530303,1,0,0,0,1,0,0,1,0,0,0,0,1,0
149,6,460.2830493,0.09670745,1,0,0,0,0,1,1,0,0,1,0,0,0,0
327,1,2396.159586,0.295811952,3,0,1,0,1,0,1,0,0,0,0,1,0,0
634,3,178.557719,0.668768842,2,1,1,0,0,1,1,0,0,1,0,0,0,0
533,3,58.22585248,0.25667473,0,1,0,1,0,0,0,1,0,0,1,0,0,0
736,2,465.8905694,0.280296904,2,0,1,0,1,0,1,0,0,1,0,0,0,0
580,12,143.3713955,0.430421906,1,0,1,0,0,1,1,0,0,1,0,0,0,0
306,7,125.0023156,0.531161019,0,0,1,0,0,1,0,0,1,1,0,0,0,0
340,3,422.2853094,0.091643247,3,1,1,0,1,0,1,0,0,0,1,0,0,0
520,3,886.0848636,0.28727882,1,0,1,0,1,0,0,0,1,1,0,0,0,0
64,6,222.5571237,0.686684231,3,0,1,0,0,1,1,0,0,1,0,0,0,0
834,3,1669.74607,0.144849483,1,0,0,0,1,0,0,0,1,0,0,1,0,0
588,3,360.0954828,0.593391053,2,0,0,0,1,0,1,0,0,1,0,0,0,0
745,6,2175.065641,0.140395717,1,1,1,0,0,1,0,0,1,0,0,1,0,0
183,1,542.4417929,0.135767903,4,1,1,0,1,0,0,1,0,0,0,1,0,0
748,4,1037.859077,0.534935891,0,0,0,0,0,1,0,1,0,1,0,0,0,0
946,3,1512.46968,0.024605514,3,1,1,0,1,0,1,0,0,1,0,0,0,0
235,3,603.5414008,0.101349098,0,0,0,0,1,0,0,1,0,1,0,0,0,0
654,4,1519.422924,0.449390791,3,0,1,0,0,1,0,0,1,0,0,1,0,0
500,2,379.8287238,0.570811155,3,0,1,0,1,0,0,1,0,1,0,0,0,0
191,5,361.2961315,0.685080012,1,0,1,0,0,1,1,0,0,1,0,0,0,0
598,5,1264.149502,0.1481014,2,0,0,0,0,1,1,0,0,0,0,1,0,0
666,6,220.8871466,0.192835839,3,0,1,0,0,1,0,0,1,0,1,0,0,0
379,3,1009.955521,0.431023391,1,0,0,0,1,0,1,0,0,1,0,0,0,0
733,5,64.17620825,0.328902685,0,1,0,0,1,0,1,0,0,0,0,1,0,0
166,4,807.6575175,0.232862884,3,0,1,0,0,1,1,0,0,0,0,0,1,0
201,2,2276.605471,0.093572637,0,0,0,0,1,0,0,1,0,1,0,0,0,0
527,3,487.7302471,0.210781718,0,0,1,0,1,0,0,1,0,0,1,0,0,0
505,8,430.2355133,0.308827845,1,1,1,0,1,0,1,0,0,0,0,0,0,1
356,3,622.1642154,0.069611641,2,0,0,0,1,0,0,1,0,1,0,0,0,0
661,6,1017.133713,0.23026344,1,0,0,0,0,1,1,0,0,1,0,0,0,0
606,9,355.5763894,0.203028169,2,0,1,0,0,1,1,0,0,1,0,0,0,0
671,2,0.5,0.379317195,2,0,0,1,0,0,0,1,0,1,0,0,0,0
475,6,557.8602539,0.623893702,2,0,1,0,1,0,1,0,0,0,0,0,1,0
620,5,434.7867188,0.522477209,3,0,1,0,0,1,1,0,0,0,0,1,0,0
410,4,608.6323049,0.426878064,0,0,1,0,1,0,1,0,0,0,1,0,0,0
910,1,1005.089939,0.314606623,3,0,1,0,1,0,1,0,0,1,0,0,0,0
337,2,266.5799907,0.345050848,1,0,0,0,1,0,1,0,0,1,0,0,0,0
921,5,562.977803,0.197367692,0,0,1,0,0,1,0,1,0,0,0,0,0,1
506,8,233.7685158,0.417630066,3,0,1,0,0,1,0,1,0,1,0,0,0,0
224,7,491.9815508,0.16097253,0,0,1,0,0,1,1,0,0,0,0,0,1,0
773,5,337.9333095,0.410985215,2,0,0,0,0,1,1,0,0,0,1,0,0,0
525,2,368.4118972,0.359977643,1,0,0,0,0,1,0,1,0,1,0,0,0,0
670,3,692.7843327,0.138521633,0,1,0,0,1,0,0,1,0,1,0,0,0,0
744,6,935.9431227,0.635147408,3,0,1,0,0,1,0,0,1,0,1,0,0,0
567,6,10.19143901,0.230601237,1,0,0,0,1,0,1,0,0,1,0,0,0,0
381,5,1674.126734,0.17505049,2,0,0,0,1,0,0,0,1,0,0,1,0,0
695,6,362.4673813,0.128492834,2,0,0,0,1,0,1,0,0,0,0,1,0,0
500,3,825.3844383,0.502705401,2,0,0,0,1,0,1,0,0,0,0,1,0,0
637,3,104.4445956,0.133259999,2,0,0,0,1,0,0,1,0,0,0,0,1,0
69,6,677.8896404,0.046627153,1,0,0,0,1,0,1,0,0,1,0,0,0,0
589,4,907.705493,0.259596486,1,0,0,0,1,0,1,0,0,0,0,0,1,0
372,4,137.0464666,0.447878493,2,0,0,0,0,1,1,0,0,0,1,0,0,0
830,7,1945.743318,0.489056939,1,0,1,0,0,1,1,0,0,1,0,0,0,0
624,3,1133.29204,0.428390746,3,1,1,0,1,0,1,0,0,0,0,1,0,0
547,1,610.7176344,0.185774547,1,0,0,0,1,0,0,1,0,0,0,1,0,0
597,4,145.2808476,0.091013759,0,0,1,0,1,0,0,1,0,1,0,0,0,0
300,6,1605.258465,0.182357108,2,0,0,0,1,0,0,0,1,0,1,0,0,0
824,7,56.87546419,0.538038353,1,0,1,0,1,0,0,1,0,0,1,0,0,0
898,3,97.8892029,0.413561021,0,0,0,1,0,0,1,0,0,1,0,0,0,0
578,7,958.3242993,0.170480829,2,0,1,0,1,0,0,0,1,0,1,0,0,0
818,2,234.2745361,0.502887533,2,0,0,0,1,0,0,1,0,0,1,0,0,0
386,4,491.9390299,0.068394162,2,1,1,0,1,0,1,0,0,1,0,0,0,0
340,5,619.329835,0.135520492,1,0,0,0,1,0,1,0,0,0,0,1,0,0
508,6,490.3371185,0.529526993,2,0,0,0,1,0,1,0,0,1,0,0,0,0
586,4,70.09826047,0.120183779,3,0,1,0,1,0,0,0,1,1,0,0,0,0
421,4,1069.92546,0.10496465,1,0,0,1,0,0,1,0,0,1,0,0,0,0
607,2,219.539169,0.092226273,2,0,0,0,1,0,1,0,0,0,0,1,0,0
561,1,1073.153723,0.059145686,2,0,0,0,1,0,0,0,1,0,0,0,1,0
300,6,1603.709433,0.354534265,1,0,0,0,1,0,0,0,1,1,0,0,0,0
603,1,614.9413677,0.308654935,2,0,0,0,1,0,1,0,0,1,0,0,0,0
672,2,980.3653884,0.477805847,1,0,0,0,1,0,0,0,1,1,0,0,0,0
534,6,30.10981199,0.456109042,3,1,1,0,1,0,1,0,0,1,0,0,0,0
730,4,29.95227256,0.612690333,1,0,1,0,1,0,0,0,1,1,0,0,0,0
256,1,175.682151,0.487591275,2,0,0,0,1,0,0,0,1,1,0,0,0,0
593,4,355.0113447,0.364467164,1,0,0,0,1,0,0,1,0,1,0,0,0,0
265,5,161.4813182,0.625831404,2,0,1,0,1,0,0,1,0,1,0,0,0,0
277,9,806.1992646,0.182467617,2,1,1,0,1,0,0,1,0,0,0,1,0,0
373,4,259.3525032,0.365888667,0,0,0,0,1,0,1,0,0,0,0,1,0,0
311,1,1495.349811,0.321394368,1,0,0,0,1,0,1,0,0,0,0,0,0,1
390,5,657.8830124,0.389375526,1,0,0,0,1,0,1,0,0,0,0,1,0,0
457,5,379.9544492,0.227600465,0,0,0,0,1,0,0,0,1,1,0,0,0,0
667,4,1788.525792,0.112969903,3,0,1,0,1,0,0,1,0,1,0,0,0,0
435,6,1409.899085,0.224582377,2,0,0,0,1,0,0,1,0,0,0,1,0,0
182,5,1371.994963,0.652182826,1,0,1,0,1,0,1,0,0,1,0,0,0,0
728,5,1042.596323,0.353859627,2,0,0,0,1,0,0,0,1,1,0,0,0,0
332,8,761.9786719,0.234291837,2,0,1,0,0,1,1,0,0,1,0,0,0,0
488,1,365.6047244,0.124948453,0,0,0,0,0,1,1,0,0,1,0,0,0,0
589,6,439.3766004,0.100624044,2,1,0,0,0,1,1,0,0,1,0,0,0,0
539,2,833.310831,0.551229662,0,0,1,0,0,1,0,0,1,0,1,0,0,0
718,3,151.8360102,0.616783808,3,0,1,1,0,0,0,0,1,1,0,0,0,0
595,5,1407.34688,0.157957639,1,0,1,0,0,1,0,0,1,0,0,0,0,1
327,1,2233.191802,0.178089757,2,0,1,0,1,0,1,0,0,0,1,0,0,0
935,1,82.50250178,0.681665008,0,0,1,0,1,0,0,0,1,1,0,0,0,0
538,1,18.16931926,0.094020551,0,0,0,0,1,0,1,0,0,1,0,0,0,0
470,3,123.1740536,0.150838378,2,0,0,0,1,0,1,0,0,1,0,0,0,0
692,6,1141.368501,0.149091804,0,0,1,1,0,0,0,1,0,0,0,1,0,0
549,6,91.27577983,0.52764797,1,0,1,0,1,0,0,0,1,1,0,0,0,0
579,9,372.4900584,0.209075363,3,0,1,0,0,1,0,1,0,1,0,0,0,0
998,4,52.16314625,0.293985374,2,0,1,0,1,0,1,0,0,0,0,0,0,1
444,3,453.2922185,0.517211388,1,0,0,0,1,0,1,0,0,1,0,0,0,0
436,3,740.788195,0.1202778,2,0,0,0,1,0,0,1,0,0,0,0,1,0
523,2,792.1858055,0.139791288,4,0,1,0,1,0,0,0,1,1,0,0,0,0
714,5,585.3696227,0.705592557,1,1,1,0,1,0,1,0,0,0,0,1,0,0
198,3,2225.890328,0.247502599,1,0,0,0,0,1,0,0,1,0,0,1,0,0
106,4,605.9549302,0.43038456,2,0,0,0,0,1,1,0,0,0,1,0,0,0
382,1,1568.547937,0.621032609,0,0,1,0,0,1,0,0,1,0,0,0,1,0
173,3,3972.4238,0.435562746,2,0,0,0,1,0,0,1,0,1,0,0,0,0
415,3,208.8273336,0.331147444,2,0,1,0,0,1,1,0,0,1,0,0,0,0
600,3,246.8908025,0.670456488,1,0,1,0,1,0,1,0,0,0,1,0,0,0
321,7,590.2973129,0.473914495,1,0,1,0,1,0,0,0,1,1,0,0,0,0
214,1,161.0844958,0.04818532,1,0,0,0,0,1,0,1,0,1,0,0,0,0
513,6,664.3199448,0.168981272,2,0,0,0,1,0,1,0,0,1,0,0,0,0
672,7,922.5981677,0.15027377,2,0,1,0,1,0,1,0,0,1,0,0,0,0
161,6,49.83873413,0.336061737,3,0,1,0,1,0,1,0,0,1,0,0,0,0
664,6,915.0423062,0.144447011,1,0,0,0,0,1,0,1,0,0,0,1,0,0
663,1,138.9751179,0.236851919,2,0,0,0,1,0,0,1,0,1,0,0,0,0
690,3,284.5615997,0.75197875,2,0,1,0,1,0,0,0,1,0,0,1,0,0
743,3,1074.005187,0.160835106,2,0,1,0,1,0,0,1,0,1,0,0,0,0
940,2,142.9090806,0.403355787,2,0,0,0,0,1,1,0,0,0,0,1,0,0
428,3,606.8879717,0.159096871,2,0,0,0,0,1,0,1,0,1,0,0,0,0
521,3,711.670953,0.251278983,2,1,0,0,1,0,0,1,0,0,1,0,0,0
416,5,143.6438684,0.577346453,0,0,0,0,1,0,1,0,0,0,1,0,0,0
500,4,257.0257722,0.435436026,1,1,1,0,1,0,0,0,1,1,0,0,0,0
806,2,746.0660238,0.223172799,1,0,0,0,1,0,0,1,0,0,1,0,0,0
230,4,494.7264516,0.562360842,2,0,0,0,0,1,1,0,0,0,0,1,0,0
327,4,863.0038106,0.509191323,1,1,0,0,1,0,0,0,1,1,0,0,0,0
775,5,1543.256717,0.340820767,3,0,1,0,1,0,0,0,1,1,0,0,0,0
704,3,116.0520855,0.509807197,1,0,0,0,0,1,0,0,1,1,0,0,0,0
427,3,58.6010096,0.178378247,1,0,1,0,1,0,0,0,1,1,0,0,0,0
670,6,879.0336091,0.317929277,0,1,0,0,0,1,1,0,0,1,0,0,0,0
568,7,1177.982687,0.137846702,2,1,1,0,0,1,0,0,1,1,0,0,0,0
800,6,477.2622186,0.532541819,2,0,0,0,0,1,0,1,0,1,0,0,0,0
514,6,400.5807313,0.417818905,1,1,0,0,1,0,0,1,0,1,0,0,0,0
705,5,726.6022127,0.454109079,1,0,1,0,1,0,0,0,1,0,0,1,0,0
1028,1,641.3951458,0.474656742,1,0,0,1,0,0,1,0,0,1,0,0,0,0
619,7,538.9434382,0.347233449,1,1,1,0,1,0,0,0,1,0,0,0,1,0
509,3,1366.104358,0.334925634,2,0,1,0,1,0,0,1,0,1,0,0,0,0
644,1,152.4447347,0.035416807,3,0,1,0,1,0,0,1,0,1,0,0,0,0
426,5,914.5754287,0.450187277,2,0,0,0,1,0,0,1,0,1,0,0,0,0
977,1,1081.791851,0.511220817,2,0,0,0,0,1,0,1,0,0,0,0,1,0
536,6,1852.552562,0.231924036,3,0,1,0,1,0,1,0,0,1,0,0,0,0
445,4,2321.796496,0.1843663,1,0,0,0,1,0,0,0,1,0,1,0,0,0
332,2,567.2027893,0.490380641,2,0,0,0,0,1,1,0,0,1,0,0,0,0
719,1,454.8203113,0.184034927,3,0,1,0,0,1,0,0,1,1,0,0,0,0
673,6,560.796018,0.29320661,2,0,0,0,1,0,0,1,0,0,0,1,0,0
400,5,1055.145653,0.252306309,0,0,0,0,1,0,0,0,1,0,0,1,0,0
615,5,13.85640517,0.224106738,3,0,1,0,1,0,1,0,0,1,0,0,0,0
198,5,153.0678213,0.441719937,2,0,1,0,1,0,0,0,1,1,0,0,0,0
536,2,1905.877056,0.094292734,1,0,0,0,0,1,0,1,0,0,1,0,0,0
590,1,173.9624983,0.512684315,1,0,1,0,1,0,0,0,1,1,0,0,0,0
841,4,207.5176288,0.42097838,2,0,0,0,1,0,1,0,0,1,0,0,0,0
345,1,2243.61809,0.536308594,0,0,1,0,1,0,0,0,1,0,1,0,0,0
244,9,278.8297435,0.440579196,2,1,1,0,1,0,0,0,1,1,0,0,0,0
320,4,274.4912658,0.305193048,2,0,0,0,1,0,1,0,0,1,0,0,0,0
232,2,2058.558616,0.320767377,2,0,0,0,1,0,1,0,0,1,0,0,0,0
767,5,376.1078626,0.760054325,3,0,1,0,0,1,0,1,0,1,0,0,0,0
809,3,544.8832241,0.304321333,1,0,0,0,1,0,1,0,0,1,0,0,0,0
564,3,657.5254096,0.354588724,1,0,0,0,0,1,1,0,0,1,0,0,0,0
744,7,1621.676507,0.207779161,2,0,1,0,1,0,0,0,1,1,0,0,0,0
526,6,64.59626757,0.474465313,0,0,0,0,1,0,1,0,0,1,0,0,0,0
480,9,241.8102698,0.265130116,0,1,1,0,1,0,0,1,0,0,0,0,1,0
433,7,707.4618322,0.462073691,2,0,1,0,1,0,0,1,0,1,0,0,0,0
437,5,456.1955436,0.238032582,3,0,1,0,1,0,1,0,0,0,0,0,1,0
190,1,260.8952458,0.526020276,2,1,1,0,1,0,0,1,0,1,0,0,0,0
552,7,421.6212686,0.832692103,3,0,1,0,0,1,0,0,1,0,0,1,0,0
491,4,2710.845338,0.025984506,1,0,0,0,0,1,0,1,0,1,0,0,0,0
649,3,17.00552048,0.615597334,2,0,1,0,1,0,0,1,0,1,0,0,0,0
518,2,127.1726725,0.584250016,2,0,1,0,1,0,0,1,0,0,0,1,0,0
467,4,15.06509605,0.211963021,0,0,0,0,0,1,1,0,0,1,0,0,0,0
325,2,719.9337286,0.357614476,0,0,0,0,1,0,1,0,0,0,0,1,0,0
514,7,10.41702832,0.317320452,3,0,1,1,0,0,1,0,0,0,1,0,0,0
647,4,484.132451,0.713366218,0,0,1,0,0,1,1,0,0,1,0,0,0,0
271,5,1568.310345,0.443448624,2,0,0,0,1,0,0,0,1,1,0,0,0,0
517,2,81.80780876,0.511943713,1,1,0,0,1,0,1,0,0,1,0,0,0,0
546,2,363.5235366,0.510291753,0,0,0,0,1,0,1,0,0,0,0,0,1,0
356,1,379.8494752,0.604323897,3,0,1,0,0,1,0,1,0,0,0,1,0,0
382,3,359.8524863,0.195872873,1,0,1,0,1,0,0,1,0,1,0,0,0,0
546,4,1039.981912,0.233794259,2,0,0,0,0,1,1,0,0,1,0,0,0,0
273,5,3.535479935,0.299460701,1,0,0,0,1,0,1,0,0,0,0,1,0,0
569,2,1211.175194,0.376366068,3,0,1,0,1,0,1,0,0,1,0,0,0,0
320,4,1461.286153,0.479853083,1,0,0,0,1,0,0,1,0,0,0,0,1,0
712,2,451.7519014,0.554208667,2,0,1,0,1,0,1,0,0,1,0,0,0,0
967,7,1745.406215,0.468342658,2,0,1,0,1,0,0,1,0,1,0,0,0,0
327,4,383.7704278,0.522834488,2,0,0,0,1,0,1,0,0,1,0,0,0,0
606,3,949.2280028,0.351222631,0,0,0,0,1,0,1,0,0,0,0,0,1,0
354,4,393.8973993,0.283339819,1,0,1,0,1,0,0,0,1,1,0,0,0,0
708,8,30.86246204,0.331668822,1,0,1,0,1,0,1,0,0,1,0,0,0,0
246,3,69.69030396,0.420933159,0,1,0,0,0,1,0,1,0,0,0,1,0,0
596,3,466.7879034,0.335814773,3,0,1,0,1,0,1,0,0,0,0,0,0,1
325,3,3691.860781,0.319624161,1,1,1,0,1,0,1,0,0,1,0,0,0,0
458,7,156.3807422,0.208150831,2,0,1,0,0,1,1,0,0,0,1,0,0,0
293,6,1807.482234,0.701390096,1,0,1,0,0,1,0,0,1,1,0,0,0,0
664,4,2014.54761,0.435168054,3,0,1,0,1,0,0,1,0,0,1,0,0,0
332,3,421.630157,0.193471466,2,0,0,0,1,0,0,1,0,1,0,0,0,0
610,3,495.6579189,0.366440556,2,0,0,0,0,1,0,1,0,1,0,0,0,0
431,2,559.0432281,0.120900668,1,0,0,0,0,1,1,0,0,1,0,0,0,0
477,3,1177.157154,0.497664714,1,0,1,0,0,1,1,0,0,1,0,0,0,0
529,2,105.6596706,0.421172964,1,0,0,0,1,0,1,0,0,1,0,0,0,0
347,5,318.7565632,0.211051327,1,0,0,0,1,0,1,0,0,0,1,0,0,0
542,4,149.7409016,0.232130213,0,0,0,0,1,0,1,0,0,1,0,0,0,0
806,8,1685.707753,0.433889192,0,1,1,0,0,1,0,0,1,1,0,0,0,0
344,6,58.50233474,0.08374606,1,0,0,0,1,0,0,1,0,0,1,0,0,0
734,5,1101.722305,0.098335505,1,0,0,0,1,0,1,0,0,1,0,0,0,0
799,3,463.4851183,0.452027195,0,1,0,0,0,1,0,0,1,0,0,1,0,0
336,4,1003.102483,0.058988886,1,1,0,0,1,0,1,0,0,1,0,0,0,0
208,4,1765.058531,0.367270671,2,1,1,0,1,0,1,0,0,0,0,1,0,0
560,2,332.0031442,0.611663046,3,0,1,0,1,0,0,0,1,1,0,0,0,0
390,5,205.98243,0.426811939,0,0,0,0,1,0,1,0,0,0,0,1,0,0
873,3,840.3575,0.65672227,2,0,1,0,1,0,1,0,0,0,0,1,0,0
506,5,4801.480953,0.395936894,2,0,0,0,1,0,1,0,0,0,0,1,0,0
339,7,1046.011438,0.19422114,2,0,1,0,1,0,0,1,0,1,0,0,0,0
270,2,1270.228844,0.372344973,3,0,1,0,1,0,1,0,0,1,0,0,0,0
717,6,795.0931851,0.426651929,3,0,1,0,1,0,1,0,0,0,1,0,0,0
385,7,367.3249648,0.178260038,2,0,1,0,1,0,1,0,0,1,0,0,0,0
508,1,850.5442702,0.230409856,3,1,1,0,1,0,0,0,1,0,1,0,0,0
691,5,110.0776427,0.325005582,0,0,0,0,1,0,0,0,1,1,0,0,0,0
403,8,536.8237327,0.349418622,1,0,1,0,1,0,1,0,0,0,0,1,0,0
490,6,680.8861176,0.695776562,1,1,1,0,1,0,1,0,0,1,0,0,0,0
496,6,1897.976865,0.555881765,0,0,0,0,1,0,0,1,0,0,0,1,0,0
636,3,2017.781138,0.22745796,1,0,1,0,1,0,1,0,0,1,0,0,0,0
618,2,49.60629568,0.49722653,4,0,1,0,1,0,0,0,1,0,1,0,0,0
455,5,799.4794981,0.135056557,2,0,1,0,1,0,0,1,0,1,0,0,0,0
512,4,1273.242031,0.347800478,2,0,0,0,0,1,1,0,0,1,0,0,0,0
425,4,615.0701325,0.359312381,2,0,1,0,1,0,1,0,0,0,0,1,0,0
204,9,80.44889121,0.444647987,1,1,1,0,1,0,0,0,1,1,0,0,0,0
551,5,211.9324991,0.362822293,0,0,1,0,1,0,1,0,0,0,0,0,1,0
878,4,301.0870346,0.523767198,1,0,0,0,0,1,1,0,0,0,1,0,0,0
323,5,869.6618434,0.451118426,2,0,0,0,1,0,1,0,0,0,1,0,0,0
345,3,54.26211873,0.523675621,2,0,0,0,1,0,1,0,0,0,1,0,0,0
325,3,638.1310943,0.320924122,1,0,0,0,1,0,1,0,0,0,0,1,0,0
644,5,92.26984888,0.436586474,0,0,1,0,1,0,0,0,1,0,0,1,0,0
589,2,402.1798697,0.175234734,2,0,0,0,0,1,0,1,0,1,0,0,0,0
468,6,443.4825248,0.093717514,1,0,0,0,1,0,0,1,0,0,0,1,0,0
316,4,480.9473185,0.431137068,1,0,0,0,0,1,1,0,0,1,0,0,0,0
518,4,992.7013541,0.0492827,2,0,0,0,1,0,1,0,0,1,0,0,0,0
187,3,67.74632738,0.190475939,2,0,0,0,1,0,0,0,1,0,0,0,0,1
528,5,249.8446872,0.449690306,4,1,1,0,1,0,1,0,0,0,0,0,1,0
674,3,819.8355539,0.282719181,1,0,0,0,1,0,0,0,1,0,0,0,1,0
249,3,2299.740487,0.223772251,0,0,0,0,1,0,0,1,0,0,0,1,0,0
193,3,775.7479232,0.378595603,3,0,1,0,1,0,0,1,0,1,0,0,0,0
815,2,1718.972334,0.026017969,1,0,0,0,1,0,1,0,0,1,0,0,0,0
377,8,2763.828352,0.253510556,4,0,1,0,0,1,0,1,0,1,0,0,0,0
727,3,1722.672506,0.646230488,1,0,1,0,1,0,0,0,1,1,0,0,0,0
469,6,2866.373283,0.321437808,1,0,0,0,1,0,1,0,0,1,0,0,0,0
467,3,1200.615485,0.583571826,0,0,0,0,1,0,1,0,0,0,0,1,0,0
587,3,1745.40185,0.348726249,0,0,0,0,1,0,0,1,0,1,0,0,0,0
323,1,540.9558143,0.313720208,0,0,0,0,1,0,0,1,0,1,0,0,0,0
526,4,339.032475,0.39879594,2,0,1,0,0,1,0,1,0,0,1,0,0,0
423,6,6518.243017,0.16808645,2,0,0,1,0,0,1,0,0,1,0,0,0,0
235,2,82.29969002,0.605294363,4,0,1,0,1,0,1,0,0,1,0,0,0,0
567,5,2539.861177,0.283703156,1,0,0,0,1,0,1,0,0,1,0,0,0,0
447,6,450.9231644,0.133793602,0,0,1,0,1,0,1,0,0,0,1,0,0,0
468,6,18.11009575,0.30902355,1,0,1,0,0,1,0,1,0,1,0,0,0,0
257,3,1299.707963,0.31069974,2,0,0,0,1,0,1,0,0,1,0,0,0,0
818,4,469.9014292,0.246035458,2,0,1,0,1,0,0,0,1,0,0,0,0,1
675,1,1282.312051,0.421575186,0,0,0,1,0,0,0,0,1,1,0,0,0,0
692,3,36.68142355,0.437964933,4,0,1,0,0,1,1,0,0,1,0,0,0,0
438,1,2924.247488,0.118662344,1,0,1,0,1,0,0,1,0,1,0,0,0,0
154,1,889.4503191,0.026035423,1,0,0,0,0,1,0,0,1,1,0,0,0,0
890,4,39.34898632,0.354028332,1,0,0,0,1,0,0,1,0,1,0,0,0,0
487,4,3.726084854,0.382582559,2,0,1,0,1,0,1,0,0,1,0,0,0,0
350,2,721.1248077,0.38283838,3,0,1,0,1,0,0,0,1,1,0,0,0,0
583,2,3000.580018,0.362788415,2,0,0,0,0,1,0,1,0,1,0,0,0,0
733,8,593.8690819,0.229430173,0,0,1,0,1,0,1,0,0,0,0,1,0,0
495,7,349.4338332,0.234062689,2,1,1,0,1,0,0,1,0,0,0,0,0,1
755,3,2236.534384,0.083610602,2,0,0,1,0,0,0,1,0,0,0,1,0,0
716,2,3305.817221,0.606916655,2,1,1,0,1,0,1,0,0,0,1,0,0,0
284,1,1227.779094,0.406282741,1,0,0,0,0,1,0,0,1,1,0,0,0,0
365,2,1012.43677,0.360721359,1,1,0,0,1,0,0,0,1,1,0,0,0,0
691,6,1.652667811,0.109469724,0,0,0,0,1,0,1,0,0,0,1,0,0,0
64,5,301.1321226,0.146360712,1,0,0,0,1,0,0,1,0,0,0,1,0,0
470,8,2074.09589,0.318562609,2,0,1,0,0,1,1,0,0,1,0,0,0,0
213,4,367.264635,0.377618546,1,0,0,0,1,0,1,0,0,0,1,0,0,0
404,1,325.8689702,0.019062383,0,1,0,0,1,0,0,0,1,1,0,0,0,0
440,2,616.3347898,0.32845454,0,0,0,0,1,0,1,0,0,1,0,0,0,0
428,4,475.0562249,0.155096735,2,0,0,0,0,1,1,0,0,0,0,1,0,0
389,2,1566.050346,0.332651639,1,0,0,0,1,0,0,0,1,0,0,0,0,1
280,3,68.1814906,0.51737536,3,0,1,0,1,0,1,0,0,1,0,0,0,0
958,3,860.1104288,0.139163996,2,0,0,0,1,0,0,1,0,0,0,0,1,0
873,8,955.7202808,0.120030804,1,0,1,0,0,1,0,0,1,0,0,0,0,1
267,1,1696.962932,0.47109796,1,0,0,0,1,0,1,0,0,1,0,0,0,0
816,11,429.9881551,0.156450892,0,0,1,0,1,0,1,0,0,1,0,0,0,0
420,1,279.6520446,0.160378352,2,0,0,0,0,1,1,0,0,1,0,0,0,0
525,3,788.0001913,0.334130124,1,0,0,0,0,1,0,0,1,1,0,0,0,0
487,6,1032.569396,0.202266142,2,0,0,0,1,0,1,0,0,1,0,0,0,0
368,7,150.0081009,0.545153161,1,0,1,1,0,0,0,1,0,0,1,0,0,0
696,2,137.7356898,0.286529931,1,0,0,0,1,0,1,0,0,0,0,0,1,0
525,1,244.7888753,0.191023189,1,1,0,0,1,0,0,0,1,1,0,0,0,0
404,5,227.9272122,0.097949983,2,1,0,0,1,0,0,1,0,1,0,0,0,0
239,5,1111.131374,0.39724913,3,1,1,0,1,0,0,1,0,1,0,0,0,0
321,8,605.2148729,0.234727137,3,0,1,0,0,1,0,1,0,1,0,0,0,0
171,2,634.8883939,0.233415144,0,0,0,0,1,0,0,1,0,1,0,0,0,0
502,5,11.84905113,0.208331444,3,0,1,0,1,0,1,0,0,0,0,1,0,0
260,5,4127.891895,0.346915834,0,0,1,0,1,0,0,0,1,0,1,0,0,0
446,5,1416.578212,0.19948418,4,1,1,0,1,0,1,0,0,0,0,1,0,0
774,4,469.1069936,0.079901179,0,0,0,0,1,0,1,0,0,1,0,0,0,0
739,2,55.37907788,0.196932291,1,0,0,0,1,0,1,0,0,0,0,1,0,0
493,6,948.0893901,0.358761502,5,1,1,0,1,0,1,0,0,1,0,0,0,0
482,3,612.6536891,0.188105022,1,1,0,0,0,1,1,0,0,0,0,0,1,0
875,4,905.418229,0.76368932,3,0,1,0,1,0,1,0,0,0,0,1,0,0
604,1,905.5139372,0.609472463,2,1,1,0,1,0,1,0,0,0,1,0,0,0
434,2,134.4834706,0.110488001,1,1,0,0,1,0,0,0,1,1,0,0,0,0
214,6,318.9622413,0.417880805,1,0,0,0,1,0,0,0,1,0,0,1,0,0
578,1,14.33572236,0.380060123,0,1,0,1,0,0,1,0,0,1,0,0,0,0
665,2,3225.673985,0.210525028,0,0,0,0,0,1,1,0,0,1,0,0,0,0
373,1,1313.839561,0.26413162,1,0,0,0,1,0,1,0,0,1,0,0,0,0
558,5,2113.906141,0.414425525,3,1,1,0,1,0,0,0,1,0,1,0,0,0
427,6,36.10722004,0.294073531,2,0,0,0,1,0,1,0,0,1,0,0,0,0
463,3,555.0731309,0.305929016,2,0,0,0,1,0,0,1,0,0,0,1,0,0
64,3,1100.865353,0.496079458,3,0,1,0,1,0,1,0,0,0,0,0,0,1
455,5,87.58831854,0.196992825,2,0,0,0,0,1,0,1,0,0,1,0,0,0
693,5,1200.778818,0.300574163,4,0,1,0,0,1,0,1,0,0,0,1,0,0
373,6,834.1688829,0.384577407,1,0,0,0,1,0,1,0,0,1,0,0,0,0
510,4,3357.383764,0.306197044,1,1,1,0,0,1,1,0,0,1,0,0,0,0
348,5,121.4641105,0.281338746,1,0,0,0,0,1,0,1,0,0,0,1,0,0
572,2,793.8407229,0.255629371,1,0,0,0,0,1,1,0,0,1,0,0,0,0
456,5,2352.001377,0.662764626,2,0,1,1,0,0,1,0,0,1,0,0,0,0
312,3,1089.029853,0.357922159,1,0,0,0,1,0,1,0,0,0,0,1,0,0
766,1,327.7568073,0.092654297,2,1,0,0,1,0,0,1,0,0,1,0,0,0
685,7,101.5859264,0.298229777,1,0,1,0,0,1,0,1,0,0,0,1,0,0
379,5,2654.216956,0.164105523,1,0,0,0,0,1,1,0,0,0,1,0,0,0
599,3,59.69583866,0.590745291,0,0,0,0,0,1,1,0,0,0,1,0,0,0
607,3,2956.512422,0.383156012,2,0,0,0,1,0,1,0,0,0,0,1,0,0
628,4,289.3634269,0.779179441,2,0,1,0,1,0,0,1,0,1,0,0,0,0
161,5,1574.670032,0.456826992,0,0,0,0,1,0,0,0,1,0,0,1,0,0
701,6,646.5085019,0.201030914,0,0,0,0,1,0,1,0,0,1,0,0,0,0
386,5,1949.721315,0.537400431,0,0,1,0,1,0,0,1,0,0,1,0,0,0
428,2,444.963794,0.311778619,1,0,0,0,1,0,1,0,0,1,0,0,0,0
1027,3,1516.651149,0.117075332,0,0,0,0,1,0,0,1,0,1,0,0,0,0
560,4,217.85136,0.457040637,1,0,0,0,1,0,0,1,0,1,0,0,0,0
422,3,502.9992141,0.100889454,1,0,0,0,1,0,0,1,0,1,0,0,0,0
64,5,1498.214879,0.481658972,2,0,1,0,1,0,1,0,0,0,0,1,0,0
777,4,100.7786944,0.364075331,3,0,1,0,1,0,1,0,0,1,0,0,0,0
230,2,1043.430315,0.26608558,1,1,0,0,1,0,1,0,0,1,0,0,0,0
299,1,459.398415,0.489253026,1,0,0,0,0,1,1,0,0,1,0,0,0,0
433,4,575.9461174,0.260802842,2,0,0,0,1,0,1,0,0,0,0,0,1,0
783,2,692.1586179,0.336118801,0,0,0,0,1,0,0,0,1,0,1,0,0,0
654,4,257.9956051,0.147044889,2,0,0,0,0,1,1,0,0,0,1,0,0,0
468,4,81.06991709,0.26055507,2,0,1,0,1,0,0,1,0,1,0,0,0,0
561,6,15.06850765,0.081919961,0,0,1,0,0,1,1,0,0,0,0,0,0,1
379,3,450.9903632,0.55305708,1,1,0,0,1,0,1,0,0,1,0,0,0,0
527,7,250.5319983,0.460960762,2,0,1,0,0,1,0,1,0,1,0,0,0,0
514,5,801.7623427,0.318091194,0,0,0,0,1,0,1,0,0,0,1,0,0,0
693,2,1006.84986,0.333990606,1,0,0,1,0,0,0,0,1,1,0,0,0,0
693,2,560.5318875,0.148419922,1,0,1,0,0,1,0,1,0,0,0,0,0,1
598,1,771.8835035,0.116253221,1,0,0,0,1,0,0,0,1,1,0,0,0,0
427,4,658.142186,0.478781973,1,1,0,0,1,0,0,0,1,1,0,0,0,0
648,5,3.670849987,0.347282606,3,0,1,0,1,0,0,1,0,1,0,0,0,0
481,7,1474.620372,0.078246152,3,0,1,0,1,0,0,1,0,1,0,0,0,0
283,1,49.12809211,0.345177018,1,0,0,0,1,0,0,1,0,1,0,0,0,0
419,1,422.5679175,0.396934715,2,0,0,1,0,0,1,0,0,0,1,0,0,0
516,2,94.14308536,0.297275378,0,0,1,0,1,0,0,0,1,1,0,0,0,0
682,3,868.5109186,0.09717429,1,0,0,0,1,0,1,0,0,0,1,0,0,0
463,1,315.1309835,0.563479804,1,1,1,0,0,1,0,1,0,1,0,0,0,0
258,7,59.04828606,0.113069233,3,0,1,0,1,0,0,1,0,0,1,0,0,0
511,5,37.13075978,0.255551811,0,0,0,0,1,0,0,1,0,1,0,0,0,0
522,6,216.5464368,0.561460258,1,0,0,0,0,1,0,1,0,0,0,1,0,0
537,5,880.3265354,0.717506645,1,0,1,0,0,1,1,0,0,1,0,0,0,0
683,5,1013.307177,0.183593619,2,0,0,0,1,0,0,1,0,1,0,0,0,0
703,4,109.9676587,0.240567185,3,0,1,1,0,0,0,0,1,1,0,0,0,0
381,6,119.83289,0.324494943,0,1,0,0,1,0,1,0,0,1,0,0,0,0
376,5,719.5998748,0.213647827,4,0,1,0,1,0,1,0,0,0,0,1,0,0
291,2,2522.214816,0.376138271,2,0,0,0,1,0,0,1,0,0,0,0,1,0
639,5,643.9981916,0.210053703,2,0,0,0,1,0,1,0,0,0,0,1,0,0
789,4,995.1198465,0.156287895,1,1,0,0,1,0,1,0,0,0,1,0,0,0
436,6,685.316259,0.306442456,3,0,1,0,1,0,1,0,0,1,0,0,0,0
451,3,88.5984742,0.394212658,1,0,1,0,0,1,0,1,0,0,0,1,0,0
793,4,2341.920923,0.327724921,2,0,0,0,1,0,0,1,0,1,0,0,0,0
601,10,59.76585051,0.151925329,2,1,1,0,0,1,0,1,0,0,0,0,0,1
587,3,1141.260344,0.153608864,2,0,0,0,1,0,0,0,1,0,0,1,0,0
261,5,3104.118297,0.774511936,2,0,1,1,0,0,1,0,0,1,0,0,0,0
635,7,307.351097,0.416930357,0,0,1,0,1,0,0,0,1,0,1,0,0,0
314,3,150.6365277,0.211927227,0,0,0,0,1,0,0,1,0,0,0,1,0,0
273,3,668.0900524,0.82687305,2,0,1,0,1,0,0,1,0,1,0,0,0,0
430,5,1268.056045,0.082766523,1,0,0,0,0,1,0,1,0,0,0,1,0,0
382,6,2388.230398,0.084826275,3,0,1,0,0,1,0,1,0,0,0,1,0,0
455,1,946.4849715,0.403673868,1,0,0,0,1,0,1,0,0,0,0,1,0,0
211,7,327.425645,0.324667536,2,0,1,0,1,0,0,0,1,0,1,0,0,0
691,1,545.5223602,0.374794708,1,0,1,0,1,0,1,0,0,1,0,0,0,0
725,7,1145.705081,0.379352576,1,0,1,1,0,0,1,0,0,0,1,0,0,0
110,9,1240.680239,0.293722115,1,0,1,0,0,1,1,0,0,1,0,0,0,0
695,4,61.88267757,0.516412375,1,0,1,1,0,0,0,1,0,1,0,0,0,0
337,4,760.9949462,0.343013096,2,0,0,0,0,1,0,0,1,1,0,0,0,0
671,6,2738.019812,0.34804944,4,0,1,0,0,1,1,0,0,1,0,0,0,0
486,5,1230.649537,0.285628999,1,0,0,0,1,0,1,0,0,1,0,0,0,0
505,3,5.879783247,0.715438369,0,0,1,0,0,1,1,0,0,0,0,0,0,1
462,4,203.8534873,0.206548919,2,0,0,0,0,1,0,0,1,1,0,0,0,0
742,6,471.0423828,0.206946384,0,0,0,1,0,0,1,0,0,1,0,0,0,0
252,2,980.0739922,0.328738979,1,0,0,0,1,0,1,0,0,1,0,0,0,0
621,2,648.1884489,0.361547317,3,0,1,0,1,0,1,0,0,1,0,0,0,0
720,6,64.38505352,0.485313605,1,0,0,0,1,0,0,0,1,1,0,0,0,0
643,3,1072.349141,0.138198126,2,0,0,0,1,0,1,0,0,1,0,0,0,0
964,4,1459.659296,0.338841829,3,0,1,0,1,0,0,0,1,0,1,0,0,0
394,2,184.2934871,0.312401662,2,0,0,0,1,0,1,0,0,1,0,0,0,0
691,2,55.84338882,0.387867632,2,0,0,0,1,0,1,0,0,0,0,1,0,0
478,4,1252.174237,0.711862336,1,1,1,0,1,0,1,0,0,1,0,0,0,0
746,3,818.3135121,0.302374249,3,0,1,0,1,0,1,0,0,1,0,0,0,0
498,5,1301.690669,0.352862284,1,1,0,0,1,0,1,0,0,0,0,0,1,0
422,4,668.8693716,0.480855376,1,0,1,0,0,1,0,0,1,1,0,0,0,0
761,5,447.6456824,0.389829258,1,0,0,0,0,1,0,1,0,1,0,0,0,0
401,2,2639.151939,0.394047451,1,1,1,0,1,0,0,0,1,1,0,0,0,0
217,6,1211.155855,0.145363543,2,0,0,0,0,1,0,1,0,1,0,0,0,0
396,4,424.7087223,0.389246225,1,1,0,0,0,1,0,0,1,0,1,0,0,0
623,3,1904.593746,0.627273707,2,0,1,0,1,0,0,1,0,1,0,0,0,0
778,3,4028.669708,0.165949208,3,0,1,0,1,0,1,0,0,0,0,1,0,0
522,3,294.8089323,0.502439553,3,0,1,0,1,0,0,1,0,1,0,0,0,0
763,4,1784.03883,0.242040697,3,1,1,0,1,0,1,0,0,1,0,0,0,0
228,6,37.16818264,0.286398766,1,0,0,0,0,1,1,0,0,1,0,0,0,0
411,6,192.994087,0.344926858,2,0,1,0,1,0,0,1,0,0,0,0,0,1
442,1,140.3520129,0.077561525,1,0,0,0,1,0,0,1,0,0,0,0,0,1
477,5,352.7829491,0.296987135,2,0,0,1,0,0,0,1,0,1,0,0,0,0
516,3,661.5670327,0.477969263,1,0,0,0,1,0,0,1,0,1,0,0,0,0
638,2,1018.314967,0.497077858,2,0,0,0,0,1,1,0,0,0,0,0,0,1
411,4,1864.818907,0.326427849,0,0,0,0,1,0,1,0,0,1,0,0,0,0
527,4,138.1006976,0.317290628,1,1,0,0,1,0,0,1,0,1,0,0,0,0
490,3,690.7376216,0.073524181,1,0,0,0,1,0,1,0,0,0,0,0,0,1
314,6,647.1936663,0.320611815,1,0,0,0,1,0,0,1,0,0,1,0,0,0
477,3,490.6911602,0.532861542,2,0,0,0,1,0,1,0,0,0,0,1,0,0
471,3,948.8608546,0.673831949,1,1,1,0,1,0,1,0,0,0,1,0,0,0
466,3,576.1863471,0.182546012,2,0,0,0,1,0,1,0,0,1,0,0,0,0
506,3,639.1464924,0.017918916,2,1,0,0,1,0,1,0,0,1,0,0,0,0
515,5,1869.169992,0.106458266,3,0,1,0,1,0,0,0,1,1,0,0,0,0
413,1,1574.447289,0.419717802,0,0,0,0,0,1,1,0,0,0,0,0,1,0
754,2,688.9384096,0.251170257,0,0,0,0,1,0,1,0,0,1,0,0,0,0
266,5,135.8809788,0.401820388,2,0,0,0,1,0,0,0,1,0,0,0,1,0
355,2,2549.543065,0.369591132,0,0,0,0,1,0,1,0,0,1,0,0,0,0
1055,3,779.7715773,0.067821895,1,0,0,0,1,0,0,1,0,0,0,1,0,0
292,9,1318.021851,0.256293672,3,1,1,0,1,0,0,1,0,0,1,0,0,0
229,2,45.27471555,0.233633098,1,0,0,0,1,0,0,0,1,1,0,0,0,0
646,5,1817.065895,0.857430455,1,1,1,0,0,1,1,0,0,1,0,0,0,0
84,3,946.0183581,0.165704027,2,1,0,0,1,0,1,0,0,0,0,0,1,0
452,3,925.2259256,0.340208215,4,0,1,0,1,0,1,0,0,0,1,0,0,0
929,8,93.32805028,0.105264904,0,0,1,0,1,0,0,1,0,0,0,1,0,0
191,2,998.2374539,0.279871234,3,1,1,0,0,1,1,0,0,1,0,0,0,0
103,2,63.78648619,0.42151411,2,0,0,0,1,0,1,0,0,0,0,0,0,1
200,9,45.95581112,0.421416279,2,0,1,0,1,0,0,1,0,1,0,0,0,0
679,3,314.8465401,0.453840592,1,1,0,0,1,0,1,0,0,0,1,0,0,0
724,1,18.75381608,0.130332626,2,0,0,0,1,0,0,0,1,0,0,1,0,0
397,5,139.1258616,0.70418445,0,0,1,0,1,0,0,1,0,0,0,0,1,0
636,2,1036.071875,0.125195696,1,0,0,0,0,1,1,0,0,0,0,1,0,0
778,5,1441.086569,0.468003212,1,0,0,0,1,0,1,0,0,1,0,0,0,0
857,5,158.2939811,0.123142964,2,1,0,0,1,0,1,0,0,0,1,0,0,0
450,7,1386.630389,0.092509806,1,0,1,0,0,1,1,0,0,1,0,0,0,0
64,3,523.9571216,0.393981431,0,1,1,0,1,0,1,0,0,1,0,0,0,0
335,3,2534.064291,0.25589801,3,0,1,0,1,0,1,0,0,1,0,0,0,0
414,8,120.0157363,0.145460345,0,0,1,0,1,0,0,0,1,0,0,1,0,0
448,2,44.04220378,0.479673116,1,0,1,0,1,0,0,0,1,1,0,0,0,0
462,4,1491.876653,0.313533725,1,0,1,0,1,0,1,0,0,0,0,0,0,1
723,7,359.5154717,0.342224637,3,0,1,0,1,0,1,0,0,0,0,1,0,0
754,4,488.7675501,0.170996034,0,0,0,1,0,0,1,0,0,1,0,0,0,0
465,1,573.6142744,0.238664976,2,0,0,0,0,1,1,0,0,0,0,1,0,0
719,2,1395.137992,0.225660564,1,1,1,0,0,1,1,0,0,0,0,1,0,0
571,7,63.23489553,0.280282751,2,0,1,0,1,0,1,0,0,1,0,0,0,0
512,2,640.8073549,0.55599328,3,0,1,0,1,0,1,0,0,1,0,0,0,0
681,4,450.493061,0.061913039,1,0,0,0,1,0,1,0,0,0,0,1,0,0
514,3,332.7521935,0.477951971,2,1,0,0,1,0,1,0,0,1,0,0,0,0
911,7,342.3295968,0.351556285,1,0,1,0,0,1,0,0,1,1,0,0,0,0
212,2,2131.311877,0.086179853,2,1,1,0,1,0,1,0,0,1,0,0,0,0
396,4,249.7027967,0.210004549,3,0,1,0,0,1,1,0,0,0,0,0,1,0
474,3,485.016759,0.090660113,1,0,0,0,1,0,1,0,0,1,0,0,0,0
587,3,543.0836038,0.255306562,1,1,1,0,1,0,0,1,0,1,0,0,0,0
753,2,1017.98344,0.207506335,2,0,0,0,1,0,1,0,0,0,0,1,0,0
495,5,585.4880521,0.17052986,1,0,1,0,1,0,0,0,1,0,0,1,0,0
215,5,776.6666797,0.112555437,2,0,0,0,0,1,1,0,0,0,0,1,0,0
668,4,407.1031567,0.318502821,2,0,0,1,0,0,0,0,1,1,0,0,0,0
650,2,1014.429806,0.122282531,1,0,0,0,1,0,1,0,0,0,1,0,0,0
111,1,501.6655614,0.251535612,1,0,0,0,1,0,1,0,0,1,0,0,0,0
499,1,201.5566193,0.312885288,1,1,0,0,1,0,0,0,1,0,0,0,0,1
181,2,1358.310303,0.460686244,0,0,1,0,1,0,1,0,0,0,0,1,0,0
367,4,1160.0766,0.301540334,2,0,0,0,1,0,0,0,1,0,0,1,0,0
319,5,789.9934296,0.406229859,1,0,0,0,0,1,0,1,0,0,0,1,0,0
661,3,590.4272961,0.233239641,1,0,1,0,1,0,1,0,0,1,0,0,0,0
523,2,187.0563846,0.689589477,2,0,1,0,1,0,0,0,1,1,0,0,0,0
242,5,1622.111527,0.638846494,1,0,1,0,0,1,1,0,0,1,0,0,0,0
676,3,81.79660018,0.157724267,0,0,0,0,1,0,0,1,0,0,0,1,0,0
213,4,386.5473133,0.146870572,3,0,1,0,1,0,1,0,0,0,0,0,0,1
566,4,1531.47223,0.353087758,3,0,1,0,1,0,1,0,0,1,0,0,0,0
337,7,724.2149351,0.252526894,2,1,1,0,1,0,0,1,0,1,0,0,0,0
426,5,461.8856195,0.541020123,0,0,1,0,1,0,0,1,0,0,1,0,0,0
600,3,1253.719081,0.358533956,2,0,0,0,1,0,1,0,0,0,0,0,1,0
604,2,3646.174696,0.172614754,3,0,1,0,0,1,1,0,0,0,0,0,0,1
767,5,167.4057267,0.220710805,3,0,1,0,0,1,1,0,0,0,1,0,0,0
483,3,41.65213852,0.624221839,1,0,1,0,0,1,0,1,0,1,0,0,0,0
561,2,497.3879289,0.249764503,0,0,0,0,1,0,0,0,1,0,1,0,0,0
412,6,271.0636547,0.098297333,1,0,0,0,0,1,0,0,1,1,0,0,0,0
536,1,879.0935464,0.209015865,0,0,0,0,1,0,1,0,0,0,1,0,0,0
587,2,545.3834644,0.066244004,1,0,0,0,1,0,1,0,0,1,0,0,0,0
480,7,552.9240568,0.177369897,0,0,1,0,1,0,0,1,0,0,0,1,0,0
139,3,350.7816804,0.372069688,2,0,0,0,1,0,0,1,0,1,0,0,0,0
566,2,189.2597261,0.457804266,1,0,0,0,1,0,0,1,0,0,0,1,0,0
572,5,192.0835703,0.039849177,1,1,0,0,1,0,0,0,1,1,0,0,0,0
363,4,391.473437,0.096770932,1,0,0,1,0,0,1,0,0,1,0,0,0,0
243,4,916.1500937,0.390208865,2,1,0,0,1,0,1,0,0,0,1,0,0,0
795,6,328.9642439,0.260121847,1,0,1,0,0,1,0,0,1,1,0,0,0,0
598,3,315.6404542,0.70441968,1,0,1,0,1,0,0,1,0,0,0,1,0,0
454,5,442.7090005,0.086512416,2,0,1,0,1,0,0,1,0,1,0,0,0,0
272,5,3756.203276,0.108126759,2,0,0,0,1,0,1,0,0,0,0,1,0,0
335,3,76.53555924,0.095980567,1,0,0,0,1,0,0,1,0,1,0,0,0,0
760,7,279.2517331,0.250391256,4,1,1,0,1,0,0,1,0,0,1,0,0,0
527,3,276.2513244,0.188083991,2,1,0,0,1,0,0,1,0,0,0,1,0,0
389,4,2935.285879,0.164532699,2,0,0,0,1,0,0,1,0,1,0,0,0,0
601,5,418.288875,0.257972881,0,0,1,0,1,0,0,1,0,0,0,0,0,1
337,5,669.5621894,0.236202853,0,0,0,0,0,1,0,0,1,1,0,0,0,0
800,7,176.6479817,0.387249046,2,0,1,0,1,0,1,0,0,1,0,0,0,0
770,4,10.23182509,0.316530481,3,0,1,0,1,0,1,0,0,0,0,0,0,1
406,6,331.5272876,0.501801484,1,0,1,0,0,1,1,0,0,1,0,0,0,0
374,3,815.1751274,0.584537527,0,0,0,0,1,0,0,0,1,1,0,0,0,0
64,4,940.9317214,0.451139542,2,1,0,0,0,1,1,0,0,0,0,1,0,0
203,5,1121.535299,0.214595701,3,0,1,0,0,1,1,0,0,0,0,0,0,1
232,2,1576.691554,0.419641568,2,1,0,1,0,0,1,0,0,1,0,0,0,0
527,6,98.29750764,0.156284496,3,0,1,0,1,0,1,0,0,0,0,1,0,0
434,2,69.13733866,0.466507387,3,0,1,0,1,0,1,0,0,1,0,0,0,0
230,5,1239.748926,0.212267271,1,0,0,0,1,0,0,0,1,0,0,1,0,0
443,4,457.8081891,0.239159711,2,0,0,0,1,0,1,0,0,0,0,0,1,0
601,4,2351.734547,0.303659906,0,0,0,0,1,0,1,0,0,1,0,0,0,0
605,1,2298.595196,0.331387725,0,0,0,0,1,0,0,1,0,0,1,0,0,0
120,1,122.1966324,0.280596179,1,0,0,0,0,1,0,1,0,1,0,0,0,0
474,3,940.1133348,0.36718846,0,0,0,0,1,0,0,0,1,0,0,1,0,0
223,4,55.57208288,0.52143483,0,0,0,0,0,1,0,1,0,0,0,1,0,0
680,3,413.2201677,0.280680579,1,0,0,0,0,1,1,0,0,0,0,1,0,0
656,2,1474.66141,0.552291488,2,1,0,0,1,0,0,0,1,1,0,0,0,0
320,7,494.3716908,0.205356121,0,1,1,0,1,0,0,1,0,1,0,0,0,0
346,10,27.35308179,0.442267211,2,1,1,0,1,0,1,0,0,1,0,0,0,0
407,2,219.8954921,0.231744206,2,0,0,1,0,0,1,0,0,1,0,0,0,0
64,6,72.26407082,0.099767349,4,0,1,0,1,0,0,0,1,0,1,0,0,0
567,2,419.7169404,0.180807588,0,0,0,0,1,0,1,0,0,0,1,0,0,0
445,2,954.4237831,0.776139769,2,0,1,0,1,0,1,0,0,0,1,0,0,0
694,3,863.8891269,0.191716994,1,0,0,0,0,1,1,0,0,0,0,0,0,1
280,6,1015.349673,0.136576858,0,0,1,0,0,1,0,1,0,1,0,0,0,0
376,3,387.3677377,0.278502911,2,1,0,0,1,0,1,0,0,1,0,0,0,0
198,6,246.612207,0.513401139,1,0,0,0,1,0,1,0,0,0,0,0,1,0
299,7,46.89378016,0.420030526,1,0,1,0,1,0,1,0,0,1,0,0,0,0
263,5,2272.014053,0.214308615,2,0,0,0,1,0,1,0,0,0,0,1,0,0
699,4,100.7048343,0.210293651,1,1,0,0,0,1,0,1,0,0,0,1,0,0
360,1,157.0495689,0.174070992,1,0,0,0,0,1,1,0,0,0,1,0,0,0
524,4,20.25490367,0.057917268,1,1,0,0,0,1,1,0,0,0,1,0,0,0
423,2,305.2054008,0.216642404,1,0,0,0,1,0,1,0,0,1,0,0,0,0
246,4,1366.730509,0.261892918,1,0,0,0,1,0,0,1,0,0,0,1,0,0
466,4,323.0692266,0.628460521,1,0,1,0,1,0,0,1,0,0,0,0,1,0
619,3,877.250057,0.270797606,0,0,0,0,1,0,0,0,1,0,0,0,1,0
258,6,2694.47109,0.44535203,1,0,0,0,1,0,1,0,0,0,0,1,0,0
661,1,1784.439289,0.400498413,0,1,0,0,0,1,0,0,1,1,0,0,0,0
330,2,158.7335802,0.13339706,1,0,0,0,1,0,1,0,0,1,0,0,0,0
403,5,356.0394667,0.181265723,1,0,0,0,0,1,0,0,1,1,0,0,0,0
606,7,1112.693433,0.542248117,2,0,1,0,1,0,0,0,1,0,0,1,0,0
367,6,3041.053263,0.526407796,2,0,0,0,1,0,0,0,1,0,0,1,0,0
507,6,1006.841583,0.321749231,1,0,0,0,1,0,1,0,0,1,0,0,0,0
437,2,232.5091678,0.102891064,1,0,0,0,1,0,1,0,0,1,0,0,0,0
525,1,114.0094658,0.032556748,1,0,0,0,1,0,1,0,0,0,0,0,0,1
64,5,546.8104878,0.196375427,3,0,1,0,0,1,0,1,0,0,1,0,0,0
134,5,171.4970696,0.415836942,3,0,1,0,1,0,0,1,0,1,0,0,0,0
623,5,206.6175088,0.384359669,2,0,0,0,0,1,0,1,0,0,1,0,0,0
707,1,805.0419412,0.686898534,1,1,1,0,0,1,1,0,0,1,0,0,0,0
317,6,578.6135734,0.502251687,1,1,0,0,1,0,0,1,0,1,0,0,0,0
451,4,102.8971952,0.249379947,1,0,0,0,0,1,1,0,0,0,1,0,0,0
558,7,133.4844067,0.188979205,2,0,1,0,1,0,0,1,0,0,0,1,0,0
638,4,15.70057955,0.5302729,3,0,1,0,0,1,0,0,1,1,0,0,0,0
94,6,198.4203264,0.545488668,3,1,1,0,1,0,0,1,0,1,0,0,0,0
322,5,1746.51411,0.126509308,2,0,1,0,1,0,0,1,0,1,0,0,0,0
433,7,1260.158073,0.131023516,2,0,1,0,1,0,1,0,0,1,0,0,0,0
640,2,428.6165464,0.364115597,0,0,0,0,1,0,1,0,0,1,0,0,0,0
999,1,1083.632244,0.298045028,2,0,0,0,0,1,1,0,0,1,0,0,0,0
454,6,418.007236,0.279531732,2,0,1,0,0,1,0,0,1,0,0,0,0,1
218,5,1256.574012,0.193818284,3,0,1,0,0,1,1,0,0,1,0,0,0,0
580,5,160.66152,0.082334143,1,0,1,0,1,0,0,0,1,0,1,0,0,0
764,4,132.3879387,0.287248978,0,0,0,0,1,0,1,0,0,0,0,0,1,0
521,11,64.91651135,0.171383268,0,0,1,0,1,0,0,1,0,0,1,0,0,0
318,5,221.4531531,0.416131837,1,0,0,0,1,0,0,1,0,1,0,0,0,0
691,7,126.5555592,0.494734256,2,0,1,0,1,0,0,1,0,0,0,0,0,1
632,6,1282.134197,0.701095635,1,0,1,0,1,0,0,1,0,1,0,0,0,0
294,6,219.5196773,0.221154953,2,0,0,0,1,0,0,1,0,1,0,0,0,0
576,2,580.8795248,0.630170195,2,0,1,0,1,0,1,0,0,1,0,0,0,0
699,2,1129.116305,0.386665396,3,1,1,0,1,0,0,0,1,1,0,0,0,0
736,7,904.2667838,0.331101772,2,0,1,0,1,0,1,0,0,0,0,1,0,0
486,4,183.1176303,0.263335475,2,0,0,0,0,1,1,0,0,1,0,0,0,0
428,3,64.16311033,0.806902646,2,0,1,0,1,0,0,1,0,1,0,0,0,0
745,6,1942.170805,0.363667458,0,1,0,0,0,1,1,0,0,0,0,1,0,0
257,7,778.2756155,0.1957103,4,0,1,0,1,0,0,1,0,0,1,0,0,0
587,2,980.87576,0.057380707,0,0,0,0,0,1,1,0,0,1,0,0,0,0
225,1,390.2265821,0.169210021,1,0,0,0,1,0,1,0,0,0,1,0,0,0
713,3,221.242695,0.059721961,2,0,0,0,1,0,0,1,0,1,0,0,0,0
448,1,605.0697635,0.129821313,1,0,0,0,1,0,1,0,0,0,0,1,0,0
753,4,64.86555004,0.631153213,2,0,1,0,0,1,0,0,1,0,0,1,0,0
598,1,1287.45611,0.112468159,3,0,1,0,1,0,1,0,0,0,1,0,0,0
255,3,850.221759,0.312057656,2,0,0,0,1,0,1,0,0,0,1,0,0,0
784,2,1147.158345,0.302171579,2,0,0,0,0,1,0,0,1,0,1,0,0,0
810,2,673.8021397,0.351280913,1,1,1,0,1,0,1,0,0,0,0,1,0,0
676,3,690.0277504,0.054313584,1,0,0,0,1,0,1,0,0,1,0,0,0,0
347,7,733.7842588,0.599510527,2,0,1,0,1,0,0,0,1,1,0,0,0,0
438,3,1226.570839,0.163948863,2,0,1,0,1,0,0,0,1,0,1,0,0,0
529,4,204.311738,0.377328835,2,0,0,0,1,0,1,0,0,0,0,1,0,0
359,8,915.3869043,0.437400858,1,0,1,0,1,0,0,0,1,1,0,0,0,0
838,1,643.6307427,0.272772014,3,0,1,1,0,0,1,0,0,1,0,0,0,0
528,5,546.728195,0.07270498,2,0,0,0,0,1,1,0,0,0,1,0,0,0
64,2,622.8012024,0.062740784,0,0,0,0,1,0,0,1,0,0,0,1,0,0
567,8,254.1833385,0.185193013,0,0,1,0,1,0,0,0,1,1,0,0,0,0
430,9,30.22848595,0.267081288,3,1,1,1,0,0,1,0,0,1,0,0,0,0
485,5,1138.91113,0.508376147,1,0,1,0,0,1,0,1,0,0,0,0,0,1
426,3,1983.205097,0.488471288,2,0,0,0,0,1,1,0,0,1,0,0,0,0
661,1,524.3152358,0.580759626,1,0,1,0,1,0,0,0,1,0,0,1,0,0
723,9,1455.642386,0.429743747,1,0,1,0,0,1,1,0,0,1,0,0,0,0
556,4,648.2059343,0.397946411,2,0,0,0,0,1,1,0,0,0,1,0,0,0
432,2,2130.869469,0.136469648,2,0,0,0,1,0,0,0,1,0,0,0,1,0
491,2,568.1004326,0.200540382,4,0,1,0,1,0,0,0,1,1,0,0,0,0
503,6,183.3823343,0.5678909,2,0,0,0,1,0,0,1,0,0,0,0,1,0
339,4,1632.885365,0.235691656,1,0,0,0,1,0,1,0,0,1,0,0,0,0
615,1,1288.638243,0.58410469,2,0,1,0,0,1,0,1,0,0,0,1,0,0
592,2,406.0125326,0.125099026,2,0,0,0,0,1,0,0,1,1,0,0,0,0
808,4,1475.68045,0.575985712,2,0,0,0,0,1,0,1,0,1,0,0,0,0
751,3,7.27334164,0.325865709,0,1,1,0,0,1,1,0,0,0,1,0,0,0
362,2,1286.539776,0.573222035,2,0,0,0,1,0,0,0,1,0,0,0,1,0
664,3,931.9046609,0.150212033,3,0,1,0,1,0,0,0,1,0,0,1,0,0
309,3,382.0133934,0.25598089,1,0,0,0,0,1,0,1,0,1,0,0,0,0
639,3,1254.582374,0.556118552,0,0,0,0,1,0,0,0,1,1,0,0,0,0
396,2,108.3459913,0.478482079,1,0,0,0,1,0,1,0,0,1,0,0,0,0
295,1,181.8411668,0.159342284,4,0,1,0,1,0,1,0,0,1,0,0,0,0
556,6,610.135064,0.50636707,2,0,0,0,1,0,1,0,0,1,0,0,0,0
64,4,1703.082172,0.182720313,1,0,1,0,1,0,0,0,1,1,0,0,0,0
149,3,111.5062402,0.482723088,1,0,0,0,1,0,0,0,1,0,0,0,0,1
464,5,664.5835674,0.465593056,4,0,1,0,1,0,0,0,1,0,0,1,0,0
516,2,1119.12023,0.548701065,1,0,1,1,0,0,0,1,0,1,0,0,0,0
426,7,1088.04442,0.329231858,1,0,1,0,0,1,0,1,0,0,0,1,0,0
184,1,791.0055574,0.325978499,1,0,0,0,0,1,0,0,1,0,1,0,0,0
336,7,2263.104712,0.481685429,1,0,1,0,1,0,0,1,0,1,0,0,0,0
578,5,526.4358423,0.041015499,0,0,0,0,0,1,1,0,0,0,1,0,0,0
616,9,1697.843559,0.282689525,2,0,1,0,0,1,1,0,0,0,1,0,0,0
496,4,773.1917837,0.032993854,4,0,1,0,1,0,0,0,1,1,0,0,0,0
731,2,1069.901814,0.14788922,1,0,0,1,0,0,1,0,0,1,0,0,0,0
579,5,500.1399269,0.074566166,2,0,0,0,1,0,1,0,0,1,0,0,0,0
350,5,146.7723348,0.338874197,1,0,0,0,0,1,0,1,0,1,0,0,0,0
443,4,92.4143619,0.269989584,1,0,0,0,1,0,0,0,1,0,1,0,0,0
219,3,917.3947823,0.36487216,2,0,0,0,1,0,1,0,0,1,0,0,0,0
478,9,377.8946651,0.474294503,1,0,1,0,1,0,1,0,0,1,0,0,0,0
722,7,670.5065753,0.389532235,2,0,1,0,1,0,0,0,1,1,0,0,0,0
637,3,1096.492201,0.329800971,2,0,0,0,1,0,1,0,0,1,0,0,0,0
780,7,1235.226218,0.339152401,4,0,1,1,0,0,0,0,1,0,1,0,0,0
439,5,570.1255369,0.558082715,2,0,0,1,0,0,1,0,0,0,0,1,0,0
769,5,302.0882214,0.268845664,2,0,1,1,0,0,1,0,0,0,0,0,0,1
461,3,1196.459905,0.184860976,1,0,1,0,1,0,0,0,1,0,0,1,0,0
794,5,429.3870532,0.388744037,1,0,0,1,0,0,1,0,0,1,0,0,0,0
495,4,2208.284776,0.122676432,1,1,0,0,1,0,1,0,0,1,0,0,0,0
641,4,1392.421372,0.762380522,1,0,1,0,0,1,0,0,1,0,0,1,0,0
795,3,1099.229366,0.272966594,0,0,0,0,1,0,0,1,0,0,0,1,0,0
461,4,220.860163,0.44751432,1,0,1,0,1,0,1,0,0,0,0,0,0,1
543,5,360.4896609,0.366426623,1,0,0,1,0,0,0,1,0,1,0,0,0,0
757,4,1512.278276,0.305137871,2,1,1,0,0,1,0,0,1,0,0,0,0,1
473,5,18.72935518,0.39293863,2,0,0,0,1,0,0,0,1,1,0,0,0,0
235,1,1216.660989,0.152059034,1,0,0,0,0,1,1,0,0,1,0,0,0,0
928,4,414.2151503,0.272338908,0,0,1,0,1,0,0,1,0,0,0,0,0,1
406,5,1284.950864,0.251596372,2,1,0,0,0,1,0,1,0,1,0,0,0,0
531,1,643.0697607,0.080164211,2,0,0,0,1,0,1,0,0,0,0,0,0,1
731,6,598.6010462,0.131497506,1,0,1,0,1,0,0,1,0,0,0,0,0,1
378,6,967.4331343,0.25482211,1,0,0,0,1,0,1,0,0,1,0,0,0,0
298,2,1313.295529,0.360681907,2,0,0,0,1,0,1,0,0,1,0,0,0,0
550,1,945.9120387,0.094680249,2,0,1,0,0,1,1,0,0,1,0,0,0,0
141,9,479.3092662,0.320032167,1,0,1,0,1,0,0,1,0,0,1,0,0,0
442,4,309.5142093,0.349862352,1,0,0,0,1,0,1,0,0,1,0,0,0,0
549,6,1494.721741,0.248313024,1,0,0,0,1,0,0,1,0,1,0,0,0,0
446,4,588.4724229,0.25153874,2,0,0,0,1,0,1,0,0,0,1,0,0,0
191,2,1223.986769,0.452224135,1,0,0,0,0,1,0,1,0,0,1,0,0,0
818,4,4362.564037,0.558062288,1,0,0,0,1,0,1,0,0,0,1,0,0,0
520,2,826.0070498,0.236889538,2,0,0,0,1,0,1,0,0,1,0,0,0,0
786,4,260.9677994,0.554135401,1,0,0,0,1,0,0,1,0,0,0,1,0,0
447,4,1605.28963,0.147406101,1,1,1,0,1,0,1,0,0,1,0,0,0,0
323,4,255.8040143,0.189508546,2,1,0,0,0,1,0,1,0,0,0,1,0,0
553,7,241.317671,0.029204967,2,0,1,0,1,0,0,0,1,1,0,0,0,0
456,5,61.45042842,0.253509137,1,0,0,0,1,0,1,0,0,0,0,0,1,0
264,5,65.45643395,0.431907022,0,0,0,0,0,1,1,0,0,0,0,1,0,0
793,5,1586.26645,0.197393114,2,0,0,0,1,0,1,0,0,0,1,0,0,0
375,3,209.8501083,0.202842533,2,0,0,0,0,1,0,0,1,1,0,0,0,0
131,3,92.04875849,0.094267813,0,0,0,0,1,0,0,1,0,0,1,0,0,0
765,5,347.817914,0.207939978,2,1,0,0,0,1,0,1,0,1,0,0,0,0
399,3,1000.136562,0.24030749,2,1,0,0,1,0,0,1,0,1,0,0,0,0
378,5,331.9652748,0.522469099,3,0,1,0,1,0,0,0,1,0,0,0,0,1
146,5,296.0166755,0.261811289,4,0,1,0,1,0,1,0,0,1,0,0,0,0
848,3,535.6472321,0.416348632,2,0,0,0,0,1,0,1,0,1,0,0,0,0
242,3,17.14247532,0.387709832,4,0,1,1,0,0,0,0,1,0,0,1,0,0
511,4,540.361296,0.184001384,2,0,1,0,1,0,0,1,0,0,1,0,0,0
682,6,3685.65936,0.320947633,2,0,0,0,0,1,1,0,0,1,0,0,0,0
584,5,1284.948966,0.127998095,2,0,0,0,1,0,0,0,1,1,0,0,0,0
488,6,58.47971921,0.366413822,2,0,0,1,0,0,1,0,0,1,0,0,0,0
159,5,850.9571777,0.560573341,2,0,0,0,0,1,1,0,0,1,0,0,0,0
338,3,494.5983339,0.238844518,2,0,0,0,1,0,1,0,0,0,0,1,0,0
537,4,1400.103639,0.402512639,2,0,0,0,0,1,0,0,1,0,1,0,0,0
342,3,82.97945353,0.155156155,1,0,0,0,1,0,1,0,0,0,0,1,0,0
540,3,211.9319752,0.349680335,1,0,0,0,1,0,0,0,1,1,0,0,0,0
636,4,1252.877024,0.152791808,1,1,0,0,1,0,1,0,0,0,1,0,0,0
692,2,1513.437147,0.464502852,1,0,0,0,0,1,0,1,0,1,0,0,0,0
254,6,602.8542618,0.706544106,1,0,1,0,0,1,1,0,0,1,0,0,0,0
939,4,15.91487916,0.155417255,0,0,0,0,0,1,1,0,0,0,1,0,0,0
653,3,1793.305066,0.32625545,1,1,0,1,0,0,1,0,0,0,0,1,0,0
499,4,386.0046549,0.496208173,2,0,1,0,0,1,0,0,1,0,0,0,0,1
717,2,32.39141839,0.109444412,1,0,0,0,1,0,1,0,0,1,0,0,0,0
973,2,1366.577176,0.34807189,3,0,1,0,1,0,0,1,0,0,0,1,0,0
212,3,433.1228842,0.504901532,1,1,1,0,1,0,0,0,1,0,1,0,0,0
454,5,168.5672354,0.123289683,1,0,0,0,1,0,1,0,0,1,0,0,0,0
64,5,1293.888429,0.765586411,2,0,1,0,1,0,0,1,0,1,0,0,0,0
538,3,489.5718669,0.181771354,0,0,0,0,1,0,1,0,0,1,0,0,0,0
573,5,748.8061997,0.157742736,3,0,1,0,0,1,1,0,0,1,0,0,0,0
492,3,1385.833433,0.508476979,1,0,0,0,0,1,0,1,0,1,0,0,0,0
369,5,591.2223744,0.520168477,2,0,0,0,1,0,1,0,0,1,0,0,0,0
90,5,93.65686019,0.361284249,2,0,0,0,0,1,1,0,0,1,0,0,0,0
574,5,2654.113735,0.452402289,1,0,0,0,1,0,1,0,0,1,0,0,0,0
791,2,270.1036932,0.224371728,5,0,1,0,0,1,1,0,0,1,0,0,0,0
381,8,4126.765255,0.092791905,0,1,1,0,1,0,0,1,0,1,0,0,0,0
588,1,4.834207035,0.170132918,3,0,1,0,1,0,0,1,0,0,0,1,0,0
186,3,528.9902864,0.065295322,0,0,0,0,0,1,1,0,0,0,1,0,0,0
591,6,976.4476777,0.532972768,1,0,1,0,1,0,0,1,0,1,0,0,0,0
421,3,1894.142184,0.064850652,3,1,1,0,1,0,0,1,0,1,0,0,0,0
347,4,1212.528381,0.431244181,1,0,0,0,1,0,0,1,0,1,0,0,0,0
347,4,236.1713004,0.081415114,0,0,1,0,1,0,0,0,1,0,0,1,0,0
421,1,223.0353844,0.444698347,2,0,0,1,0,0,0,0,1,1,0,0,0,0
576,4,352.774352,0.383328198,1,0,0,0,1,0,0,1,0,1,0,0,0,0
237,7,93.7127741,0.04748458,1,0,1,0,0,1,1,0,0,1,0,0,0,0
420,5,885.8962114,0.073928973,1,0,0,0,1,0,1,0,0,0,0,1,0,0
491,3,2267.684909,0.526194222,2,0,0,0,1,0,1,0,0,0,0,1,0,0
280,2,822.0111219,0.514880197,2,0,0,0,1,0,0,1,0,1,0,0,0,0
859,5,609.7811232,0.538715332,1,0,0,0,0,1,0,0,1,0,0,0,1,0
329,3,559.8945183,0.304354921,3,0,1,0,1,0,1,0,0,1,0,0,0,0
366,1,718.393598,0.474859894,1,0,0,0,1,0,1,0,0,0,1,0,0,0
304,4,991.9921013,0.531360461,2,1,1,0,1,0,1,0,0,1,0,0,0,0
859,3,1267.793718,0.098680152,2,0,0,0,1,0,1,0,0,0,1,0,0,0
610,1,958.7138477,0.342129849,1,0,0,0,0,1,0,1,0,0,1,0,0,0
312,8,976.7103774,0.124479453,4,0,1,0,1,0,1,0,0,1,0,0,0,0
721,5,2424.819159,0.328380537,1,0,0,0,1,0,0,0,1,1,0,0,0,0
540,6,1836.832407,0.178580168,3,1,1,0,1,0,0,0,1,0,1,0,0,0
551,2,1389.468551,0.260227903,0,0,1,0,1,0,1,0,0,1,0,0,0,0
431,6,35.46270859,0.231438164,1,0,1,0,1,0,1,0,0,0,0,1,0,0
350,5,884.1889758,0.543362342,1,0,0,0,1,0,0,0,1,0,0,1,0,0
567,4,485.5473698,0.447279729,3,0,1,0,1,0,0,0,1,0,0,1,0,0
390,3,769.0288428,0.451213311,1,0,0,0,1,0,0,0,1,1,0,0,0,0
863,6,927.40907,0.392988887,1,0,0,0,1,0,1,0,0,1,0,0,0,0
246,6,1003.236286,0.182496122,2,1,0,0,0,1,1,0,0,0,0,1,0,0
807,5,1628.653906,0.260027281,1,0,1,0,0,1,0,1,0,0,0,0,0,1
477,4,1926.277986,0.348659257,1,0,0,0,1,0,0,0,1,0,0,1,0,0
559,7,746.8073239,0.47191179,1,0,1,0,1,0,1,0,0,0,0,1,0,0
666,3,1796.693421,0.304422552,2,0,1,0,0,1,0,0,1,1,0,0,0,0
373,2,1157.249087,0.269916407,4,0,1,0,0,1,1,0,0,0,0,0,1,0
672,7,181.2448825,0.150877929,1,0,1,0,1,0,1,0,0,0,0,1,0,0
64,3,28.76035273,0.394540662,2,1,0,0,0,1,1,0,0,0,0,1,0,0
356,5,7.950026139,0.277756981,3,1,1,0,0,1,1,0,0,0,1,0,0,0
315,2,706.7165977,0.395494642,4,1,1,0,1,0,1,0,0,0,0,1,0,0
249,3,589.8351829,0.073410669,2,0,0,0,1,0,1,0,0,1,0,0,0,0
457,6,953.5525255,0.255541069,1,0,0,0,0,1,0,1,0,0,0,1,0,0
577,5,1480.333086,0.702373995,2,0,1,0,1,0,0,1,0,1,0,0,0,0
640,1,143.7248873,0.550490951,2,0,0,0,0,1,1,0,0,0,1,0,0,0
548,7,1552.755906,0.237473619,1,0,1,0,0,1,0,0,1,1,0,0,0,0
366,9,82.58537799,0.503404775,1,0,1,0,0,1,1,0,0,1,0,0,0,0
573,1,1718.130771,0.292751551,1,1,0,0,1,0,0,1,0,1,0,0,0,0
524,4,1520.294571,0.376887077,2,0,0,0,1,0,0,1,0,1,0,0,0,0
687,7,955.1012955,0.28417535,3,0,1,0,1,0,0,0,1,0,0,0,1,0
655,2,285.373349,0.331989095,2,0,0,0,0,1,1,0,0,1,0,0,0,0
506,3,78.45502936,0.30994969,1,0,1,0,0,1,1,0,0,1,0,0,0,0
320,5,1204.37613,0.389214119,1,0,0,0,1,0,1,0,0,0,1,0,0,0
369,4,196.5970786,0.29613995,0,0,1,0,1,0,1,0,0,1,0,0,0,0
390,3,465.1946074,0.701468835,1,0,1,0,0,1,1,0,0,0,0,0,1,0
436,3,605.4816466,0.079333579,0,0,0,1,0,0,1,0,0,1,0,0,0,0
553,2,925.2702487,0.758001817,1,0,1,0,1,0,0,1,0,0,1,0,0,0
643,8,534.6669925,0.254952721,1,1,1,0,1,0,1,0,0,0,0,1,0,0
489,5,948.7315177,0.271734989,0,1,0,0,0,1,1,0,0,1,0,0,0,0
503,5,1345.771372,0.438210911,0,0,0,0,0,1,1,0,0,1,0,0,0,0
528,7,998.7881905,0.554459932,3,0,1,1,0,0,0,0,1,1,0,0,0,0
396,7,284.7718237,0.788880239,1,0,1,0,1,0,1,0,0,0,0,0,1,0
314,7,1797.615493,0.362609954,2,1,1,0,1,0,1,0,0,0,0,0,1,0
148,4,639.8226938,0.579551032,1,0,1,0,1,0,1,0,0,0,0,0,0,1
360,4,500.9514973,0.356071117,2,0,0,0,0,1,1,0,0,0,1,0,0,0
594,3,684.6213745,0.318480305,0,0,0,0,0,1,1,0,0,0,0,0,1,0
359,3,528.1104219,0.361322129,1,0,1,1,0,0,1,0,0,0,0,1,0,0
452,1,1125.556809,0.208556127,1,1,0,0,1,0,1,0,0,1,0,0,0,0
593,4,436.6980941,0.467172885,2,0,0,0,0,1,0,0,1,0,0,1,0,0
604,2,1199.4742,0.506882464,0,0,0,0,1,0,1,0,0,0,1,0,0,0
284,6,1142.210708,0.176598489,2,0,0,0,1,0,1,0,0,0,1,0,0,0
699,6,259.3334747,0.219666279,2,0,0,0,1,0,0,1,0,1,0,0,0,0
725,5,80.68881665,0.401326182,1,0,1,0,0,1,0,0,1,1,0,0,0,0
274,5,1522.821796,0.174351965,3,1,1,1,0,0,0,0,1,1,0,0,0,0
335,3,148.0231771,0.408110869,1,0,0,0,1,0,1,0,0,1,0,0,0,0
738,8,25.34325134,0.304054078,0,0,1,0,1,0,0,0,1,1,0,0,0,0
470,5,411.7685224,0.444398448,0,0,0,0,0,1,1,0,0,1,0,0,0,0
64,5,234.5840044,0.336021683,1,0,0,0,1,0,0,0,1,1,0,0,0,0
220,4,199.1396472,0.373767986,0,0,1,1,0,0,1,0,0,1,0,0,0,0
450,1,151.2967443,0.460438006,0,0,0,0,1,0,1,0,0,0,0,0,0,1
267,3,1106.468619,0.085536305,1,0,0,0,1,0,1,0,0,1,0,0,0,0
417,2,1223.846271,0.313601994,1,0,1,0,1,0,1,0,0,1,0,0,0,0
506,5,38.00004765,0.113070105,0,0,0,0,1,0,0,0,1,0,0,1,0,0
792,2,633.1581481,0.371135712,1,0,0,0,1,0,1,0,0,1,0,0,0,0
441,7,116.1551454,0.138595081,3,0,1,0,1,0,1,0,0,0,0,1,0,0
714,2,553.804666,0.487938421,3,1,1,0,1,0,1,0,0,0,0,1,0,0
785,2,342.082454,0.294207272,0,0,0,0,1,0,1,0,0,0,0,0,1,0
786,5,180.3330995,0.102147937,2,0,0,1,0,0,1,0,0,1,0,0,0,0
556,5,2366.128273,0.098818027,1,0,0,0,1,0,1,0,0,0,1,0,0,0
107,5,2512.535721,0.156253633,2,1,1,0,1,0,0,0,1,0,0,1,0,0
592,5,664.0363406,0.285493814,1,0,1,0,0,1,1,0,0,1,0,0,0,0
709,1,166.653277,0.437663336,4,0,1,0,1,0,0,0,1,1,0,0,0,0
483,7,700.2456133,0.620905722,2,0,1,0,1,0,0,1,0,1,0,0,0,0
848,8,2110.438059,0.301896965,2,0,1,0,0,1,1,0,0,1,0,0,0,0
671,4,379.5445298,0.093067976,3,0,1,0,0,1,0,1,0,1,0,0,0,0
613,4,118.5557723,0.446208272,0,0,0,0,0,1,0,0,1,0,0,1,0,0
717,4,946.5265763,0.186804434,1,0,0,0,1,0,0,1,0,1,0,0,0,0
566,4,854.3165777,0.375317909,0,0,0,0,0,1,0,1,0,1,0,0,0,0
64,1,1.111364808,0.525171787,0,0,0,0,1,0,0,1,0,0,1,0,0,0
400,4,1537.160678,0.548501025,2,0,1,0,1,0,0,0,1,1,0,0,0,0
739,8,864.8075418,0.075162323,2,0,1,0,0,1,0,1,0,1,0,0,0,0
338,3,174.2249574,0.152364825,0,0,0,0,1,0,1,0,0,0,0,1,0,0
455,2,2.595211987,0.498831652,1,0,0,0,0,1,1,0,0,1,0,0,0,0
291,5,2869.062287,0.380921782,3,0,1,0,1,0,1,0,0,1,0,0,0,0
856,3,1124.152578,0.493960514,0,0,1,0,1,0,0,1,0,1,0,0,0,0
836,4,363.3687322,0.255300654,0,0,0,0,0,1,0,1,0,0,0,1,0,0
323,7,453.618328,0.146071776,2,0,1,0,1,0,1,0,0,0,1,0,0,0
529,3,619.2437634,0.185282847,1,0,0,0,0,1,0,1,0,1,0,0,0,0
363,2,1014.461839,0.640179425,2,0,1,1,0,0,1,0,0,1,0,0,0,0
622,2,151.8936902,0.341874235,3,0,1,0,0,1,1,0,0,0,1,0,0,0
601,4,174.2552514,0.54098353,0,1,1,0,1,0,1,0,0,0,0,0,0,1
662,6,39.57884838,0.336768826,1,0,0,0,1,0,0,1,0,1,0,0,0,0
566,2,3403.286097,0.608954913,2,0,1,0,0,1,1,0,0,1,0,0,0,0
1087,3,1667.215925,0.500726148,1,0,0,0,0,1,0,0,1,0,1,0,0,0
294,6,644.0822076,0.395690996,2,0,1,0,1,0,0,0,1,1,0,0,0,0
157,4,450.0792908,0.103404757,2,0,0,1,0,0,1,0,0,0,0,1,0,0
421,8,216.8592184,0.310157301,2,0,1,0,1,0,1,0,0,1,0,0,0,0
186,5,723.0605903,0.225803533,1,0,0,1,0,0,1,0,0,0,0,1,0,0
201,5,938.2645245,0.419512842,2,1,1,0,1,0,0,1,0,0,0,1,0,0
299,5,934.8401882,0.310914676,0,0,1,0,1,0,1,0,0,0,1,0,0,0
315,1,5.16555134,0.427832816,2,0,0,0,1,0,1,0,0,0,1,0,0,0
309,7,968.6339237,0.146910417,2,0,1,0,1,0,1,0,0,1,0,0,0,0
603,1,1610.161463,0.366145651,3,0,1,0,0,1,1,0,0,0,0,1,0,0
398,2,97.65879764,0.319849639,2,0,0,0,1,0,1,0,0,1,0,0,0,0
464,6,1126.429663,0.577003523,1,0,0,1,0,0,0,0,1,0,0,1,0,0
678,7,1386.363549,0.274598934,2,0,1,0,1,0,0,0,1,0,0,0,1,0
346,4,258.558297,0.366856127,1,0,0,0,1,0,0,1,0,1,0,0,0,0
447,8,996.1308709,0.540983889,2,0,1,0,1,0,0,1,0,1,0,0,0,0
573,2,81.40904317,0.063667915,3,0,1,0,1,0,1,0,0,0,0,1,0,0
111,4,838.058882,0.353403013,3,0,1,0,1,0,0,0,1,1,0,0,0,0
64,8,571.217807,0.251462685,1,0,1,0,1,0,1,0,0,1,0,0,0,0
569,3,1516.907828,0.196812291,2,0,1,0,0,1,0,1,0,0,0,0,0,1
598,2,481.1367112,0.472836347,4,1,1,0,1,0,1,0,0,1,0,0,0,0
912,4,447.0270672,0.779269069,2,0,1,0,1,0,0,1,0,0,0,1,0,0
531,3,2171.876718,0.32183393,3,0,1,0,0,1,0,1,0,0,1,0,0,0
663,5,2177.720329,0.393063267,1,0,0,0,1,0,0,0,1,1,0,0,0,0
460,2,29.09191319,0.619683808,2,1,1,0,1,0,0,1,0,0,0,1,0,0
559,4,531.7489361,0.237103032,0,0,0,0,1,0,1,0,0,0,0,1,0,0
833,4,140.3952314,0.13732642,1,0,1,0,1,0,0,0,1,0,0,0,0,1
75,3,255.8405497,0.63733332,0,1,1,0,1,0,0,1,0,1,0,0,0,0
582,5,877.6276491,0.285983148,0,1,0,0,1,0,1,0,0,1,0,0,0,0
927,1,110.7550971,0.348795447,1,1,0,0,0,1,1,0,0,0,0,1,0,0
556,5,9.06758937,0.526766337,3,0,1,0,0,1,1,0,0,1,0,0,0,0
830,1,1038.989192,0.164010211,1,0,0,0,1,0,1,0,0,1,0,0,0,0
374,7,820.3138921,0.180967755,1,0,1,1,0,0,1,0,0,1,0,0,0,0
493,4,1863.671432,0.373403479,2,0,0,0,1,0,0,0,1,1,0,0,0,0
506,1,625.2507556,0.149943609,1,0,0,0,1,0,1,0,0,0,0,1,0,0
64,3,2325.162252,0.528346673,2,0,1,0,1,0,0,0,1,0,0,1,0,0
266,1,751.8795806,0.313136627,0,0,0,0,1,0,0,1,0,1,0,0,0,0
280,3,391.7085339,0.18701625,1,0,0,0,1,0,0,0,1,1,0,0,0,0
664,2,750.1416489,0.530879178,2,0,0,0,1,0,0,1,0,0,0,1,0,0
674,3,1106.416644,0.471451484,4,0,1,0,0,1,0,1,0,0,1,0,0,0
564,6,341.6057688,0.4086218,3,0,1,0,0,1,1,0,0,1,0,0,0,0
664,7,372.8410793,0.210767554,0,0,1,0,1,0,0,1,0,1,0,0,0,0
467,3,795.2662515,0.409700195,2,0,1,0,0,1,1,0,0,0,0,0,0,1
740,6,486.4449861,0.464465835,2,0,0,0,0,1,1,0,0,1,0,0,0,0
501,12,598.8825964,0.111549149,2,0,1,0,1,0,0,0,1,1,0,0,0,0
511,2,3217.543179,0.33993078,0,0,0,0,1,0,0,1,0,1,0,0,0,0
446,1,35.80957378,0.17505982,1,0,0,0,1,0,0,1,0,1,0,0,0,0
636,4,835.0728898,0.246111493,1,1,0,0,1,0,1,0,0,0,0,0,1,0
415,2,2049.9708,0.56915488,0,0,1,0,1,0,0,1,0,0,0,1,0,0
695,8,215.5713906,0.280208432,3,0,1,0,1,0,0,1,0,1,0,0,0,0
273,4,190.6337663,0.36279535,2,1,0,0,1,0,1,0,0,0,1,0,0,0
280,3,360.7860635,0.640493962,1,1,1,0,1,0,0,0,1,1,0,0,0,0
637,4,61.57268478,0.67114953,3,0,1,0,1,0,1,0,0,0,1,0,0,0
482,1,657.3024151,0.376653709,3,1,1,0,1,0,0,1,0,0,0,1,0,0
409,3,829.5447524,0.601210295,1,0,1,0,1,0,1,0,0,0,0,1,0,0
678,4,1371.335832,0.512907824,1,0,0,0,1,0,0,1,0,0,0,1,0,0
378,5,54.7739205,0.692196701,1,0,1,0,1,0,1,0,0,0,1,0,0,0
459,3,458.423247,0.381759346,1,0,0,0,0,1,0,0,1,0,1,0,0,0
779,6,1226.747925,0.196357817,2,0,0,0,1,0,0,1,0,0,0,1,0,0
807,4,1169.855913,0.091158636,1,0,1,0,1,0,0,1,0,0,1,0,0,0
814,2,61.19436378,0.230372561,2,0,0,0,1,0,1,0,0,0,1,0,0,0
443,6,9.168813523,0.160225873,3,0,1,0,0,1,0,0,1,1,0,0,0,0
746,3,1223.495526,0.664118509,0,0,1,0,0,1,0,1,0,1,0,0,0,0
310,4,118.7792509,0.20364889,2,0,0,0,1,0,1,0,0,0,1,0,0,0
318,3,689.8011416,0.28173899,0,0,0,0,1,0,1,0,0,1,0,0,0,0
64,1,79.19017644,0.375253296,1,0,0,0,1,0,1,0,0,0,1,0,0,0
834,3,280.2262016,0.258749199,3,1,1,0,1,0,1,0,0,0,1,0,0,0
327,4,137.6156349,0.816893785,1,0,1,1,0,0,0,1,0,1,0,0,0,0
474,7,1066.640891,0.320064175,2,0,1,0,1,0,0,1,0,1,0,0,0,0
317,2,893.5621628,0.212453556,2,1,0,0,1,0,1,0,0,0,1,0,0,0
639,1,116.3031929,0.143754878,2,0,0,0,1,0,1,0,0,0,0,1,0,0
424,3,48.9306077,0.242921837,4,1,1,0,1,0,1,0,0,1,0,0,0,0
239,6,502.3899584,0.341468247,2,0,0,0,0,1,1,0,0,1,0,0,0,0
588,5,174.0751324,0.418944123,3,0,1,0,1,0,1,0,0,1,0,0,0,0
213,9,6.540291449,0.075512934,2,0,1,1,0,0,1,0,0,0,0,1,0,0
332,1,245.516641,0.34528423,1,0,0,0,1,0,0,1,0,1,0,0,0,0
78,2,193.9056207,0.068452966,1,0,0,0,1,0,0,1,0,0,0,1,0,0
215,4,924.0426235,0.262514496,4,0,1,0,1,0,0,0,1,0,1,0,0,0
535,5,1577.837428,0.326190074,1,1,0,0,1,0,0,1,0,1,0,0,0,0
107,5,217.0679776,0.281487765,1,0,0,0,1,0,1,0,0,1,0,0,0,0
203,4,201.9011198,0.341965454,0,0,1,0,1,0,0,1,0,1,0,0,0,0
499,4,392.5130162,0.141531651,2,0,0,0,0,1,1,0,0,1,0,0,0,0
391,4,151.532658,0.160210523,2,0,0,0,1,0,0,0,1,1,0,0,0,0
898,1,2347.183705,0.169190523,1,0,0,0,1,0,0,1,0,1,0,0,0,0
866,1,223.2702627,0.081977348,3,0,1,0,1,0,1,0,0,1,0,0,0,0
326,2,78.38060336,0.280021198,2,0,0,0,1,0,1,0,0,1,0,0,0,0
611,5,651.1476131,0.179137139,1,0,0,0,0,1,0,0,1,1,0,0,0,0
649,4,617.0937871,0.322363798,3,0,1,0,1,0,0,0,1,1,0,0,0,0
380,1,799.5513126,0.037612271,2,0,0,0,0,1,1,0,0,0,0,1,0,0
200,3,2721.819939,0.204942145,1,0,1,0,1,0,1,0,0,1,0,0,0,0
497,6,312.6431102,0.364249079,1,0,0,0,0,1,0,0,1,0,0,0,1,0
465,5,356.4940822,0.401300566,1,0,1,0,0,1,0,0,1,1,0,0,0,0
412,2,328.8330354,0.722260949,2,0,1,0,0,1,0,0,1,0,0,0,0,1
588,3,792.444396,0.369667835,3,0,1,0,1,0,0,0,1,1,0,0,0,0
349,4,741.212339,0.565464618,1,1,0,0,1,0,0,1,0,1,0,0,0,0
269,2,601.9901085,0.399087022,2,1,0,0,1,0,0,0,1,1,0,0,0,0
521,2,362.4554895,0.494162612,1,0,0,0,1,0,1,0,0,1,0,0,0,0
577,5,446.4031841,0.650294436,3,0,1,0,1,0,0,0,1,0,1,0,0,0
264,3,1258.126916,0.158841507,3,0,1,0,0,1,1,0,0,0,1,0,0,0
685,5,751.7431441,0.412003476,2,1,0,0,1,0,0,1,0,1,0,0,0,0
145,3,1007.892497,0.576005319,1,0,0,1,0,0,1,0,0,0,0,0,1,0
384,1,259.1778395,0.535998852,2,0,0,0,1,0,0,0,1,1,0,0,0,0
448,4,1939.730712,0.392625734,1,0,1,0,0,1,1,0,0,0,0,0,0,1
372,3,28.63665251,0.528290106,2,0,0,0,1,0,0,0,1,0,0,0,0,1
386,2,724.4723178,0.223732668,1,0,0,0,1,0,1,0,0,1,0,0,0,0
874,2,1338.541624,0.145427393,2,0,0,1,0,0,1,0,0,1,0,0,0,0
329,1,1609.638562,0.367037016,3,0,1,0,1,0,0,0,1,0,1,0,0,0
988,4,308.0027833,0.371610737,0,0,0,0,0,1,0,1,0,1,0,0,0,0
587,3,492.5799046,0.512323093,3,0,1,0,1,0,0,0,1,1,0,0,0,0
518,4,28.40985934,0.170375927,1,0,1,0,1,0,0,1,0,1,0,0,0,0
595,4,1247.625036,0.457735655,2,0,1,0,0,1,0,1,0,1,0,0,0,0
1005,4,106.4338844,0.221812081,1,0,0,0,1,0,0,0,1,1,0,0,0,0
301,4,447.0069203,0.392330028,1,0,0,0,0,1,0,0,1,1,0,0,0,0
275,7,3751.625298,0.455812952,2,1,1,0,1,0,1,0,0,0,0,1,0,0
349,7,1998.269408,0.328412081,0,0,1,0,0,1,1,0,0,1,0,0,0,0
506,3,320.410191,0.242286919,1,0,0,0,1,0,0,1,0,1,0,0,0,0
154,2,202.759125,0.019457523,1,0,0,0,1,0,0,0,1,0,0,1,0,0
504,6,231.9530064,0.141316075,0,1,0,0,1,0,0,1,0,0,0,1,0,0
838,9,923.6019343,0.461442323,0,0,1,0,1,0,0,1,0,0,1,0,0,0
530,6,1035.110068,0.39834324,2,0,0,0,1,0,1,0,0,0,0,1,0,0
441,1,195.1803078,0.335519556,5,1,1,0,1,0,0,1,0,0,1,0,0,0
376,1,219.5389081,0.274764448,4,0,1,0,1,0,1,0,0,0,1,0,0,0
679,3,312.52711,0.111324454,1,0,0,0,1,0,1,0,0,1,0,0,0,0
334,6,454.1679355,0.276233492,2,0,0,0,1,0,1,0,0,0,1,0,0,0
869,3,1995.683289,0.327484264,2,0,0,0,1,0,1,0,0,1,0,0,0,0
886,4,21.4924095,0.299560854,0,0,0,0,1,0,0,0,1,1,0,0,0,0
551,1,813.325182,0.525583579,3,0,1,0,1,0,1,0,0,0,0,0,1,0
497,4,1582.650149,0.38025471,2,1,0,0,1,0,0,1,0,0,0,1,0,0
706,4,1028.041017,0.452840812,1,0,0,0,0,1,1,0,0,1,0,0,0,0
718,6,195.4346306,0.530236896,4,0,1,0,1,0,0,0,1,0,0,1,0,0
338,5,518.151619,0.213915243,1,1,0,0,0,1,0,1,0,1,0,0,0,0
394,4,1928.854415,0.334777872,1,0,0,0,1,0,1,0,0,1,0,0,0,0
235,6,98.38292647,0.409848321,2,0,0,0,0,1,1,0,0,1,0,0,0,0
581,11,3506.337299,0.61888678,2,0,1,0,1,0,1,0,0,0,0,1,0,0
633,3,124.0362953,0.181724265,2,0,0,0,1,0,0,1,0,0,0,0,1,0
230,4,122.9103563,0.515089836,0,0,0,0,0,1,1,0,0,0,0,0,1,0
408,8,1340.715707,0.610581299,1,1,1,0,0,1,1,0,0,0,1,0,0,0
230,7,1409.82198,0.362188722,0,0,1,0,1,0,1,0,0,1,0,0,0,0
320,7,30.9250198,0.428099222,1,0,1,0,1,0,1,0,0,0,1,0,0,0
610,8,147.4319842,0.173653119,3,0,1,0,1,0,0,1,0,1,0,0,0,0
353,5,2373.368464,0.154104336,1,0,0,0,1,0,1,0,0,0,0,0,1,0
439,5,262.0761013,0.364837048,1,0,1,0,0,1,0,0,1,0,0,1,0,0
174,4,9.852149394,0.648066218,3,0,1,0,1,0,1,0,0,1,0,0,0,0
537,4,234.4688923,0.45772307,1,0,0,0,1,0,1,0,0,0,0,1,0,0
491,3,1063.72728,0.536489932,1,0,0,0,1,0,1,0,0,0,0,1,0,0
354,3,1985.880376,0.209323072,1,1,0,0,1,0,1,0,0,1,0,0,0,0
462,5,134.8831814,0.122282986,0,0,0,0,1,0,0,0,1,0,1,0,0,0
536,3,203.3089392,0.498371023,1,1,1,0,0,1,1,0,0,1,0,0,0,0
337,6,466.04537,0.657946061,2,0,1,0,1,0,1,0,0,0,0,1,0,0
204,3,1103.621378,0.143292276,0,0,0,0,0,1,1,0,0,0,1,0,0,0
861,2,859.9877582,0.744474749,0,0,1,0,1,0,1,0,0,0,0,1,0,0
373,1,317.4424827,0.515446749,0,1,0,0,1,0,0,1,0,0,0,1,0,0
480,5,54.92447341,0.432135825,1,0,0,0,1,0,1,0,0,1,0,0,0,0
702,5,233.3099306,0.362785942,2,0,1,0,1,0,0,1,0,1,0,0,0,0
1205,3,198.3214141,0.437669307,1,0,0,0,0,1,0,0,1,0,0,0,1,0
251,7,17.02284342,0.522241733,1,0,1,0,1,0,0,0,1,0,0,1,0,0
589,3,2952.383837,0.228759503,1,0,0,0,1,0,0,1,0,1,0,0,0,0
358,5,235.8959078,0.189793651,2,0,1,0,1,0,1,0,0,0,1,0,0,0
392,4,1448.925334,0.252078056,0,1,0,0,1,0,1,0,0,1,0,0,0,0
355,5,530.6557495,0.455353853,2,0,0,0,0,1,0,1,0,1,0,0,0,0
274,3,2868.791389,0.213361231,3,0,1,0,1,0,1,0,0,1,0,0,0,0
491,2,129.5946621,0.279669735,2,0,0,0,0,1,0,1,0,0,1,0,0,0
205,1,93.83237044,0.242415143,2,0,1,0,1,0,0,1,0,0,0,0,1,0
689,4,1.972769982,0.430339426,0,0,0,0,1,0,0,1,0,0,0,1,0,0
511,1,1013.94791,0.036985431,2,0,0,0,1,0,1,0,0,0,1,0,0,0
584,4,292.6605131,0.602599011,1,1,1,0,0,1,0,1,0,0,0,1,0,0
406,3,1634.363943,0.195556055,2,0,0,0,0,1,1,0,0,1,0,0,0,0
426,6,803.6711175,0.639076832,1,0,1,0,1,0,1,0,0,0,0,0,0,1
557,3,689.123708,0.518628995,2,0,0,0,1,0,0,1,0,1,0,0,0,0
267,7,533.8144214,0.693573893,1,0,1,0,1,0,1,0,0,1,0,0,0,0
428,3,238.912069,0.155800131,2,0,0,0,1,0,0,1,0,0,1,0,0,0
328,6,53.50054681,0.467332696,2,0,0,0,1,0,1,0,0,1,0,0,0,0
321,4,468.9682156,0.472344438,2,0,0,0,1,0,1,0,0,0,0,1,0,0
78,5,83.50626343,0.636458718,3,1,1,0,1,0,0,1,0,0,0,1,0,0
767,4,1889.283426,0.393212559,2,0,0,0,1,0,0,1,0,0,0,1,0,0
362,2,1414.414597,0.626314779,1,0,1,0,1,0,0,0,1,1,0,0,0,0
732,2,773.5648303,0.544497121,1,0,0,0,0,1,0,0,1,1,0,0,0,0
713,6,481.8261388,0.396236005,2,0,0,0,1,0,1,0,0,1,0,0,0,0
242,6,484.3953971,0.403503594,1,0,1,0,0,1,0,0,1,1,0,0,0,0
282,3,499.6660356,0.180539122,1,0,0,0,1,0,1,0,0,0,1,0,0,0
1012,3,1094.647677,0.190890404,0,0,0,0,1,0,1,0,0,1,0,0,0,0
850,4,107.9276461,0.081768013,1,1,0,0,1,0,0,1,0,1,0,0,0,0
493,4,606.2267012,0.296734673,0,0,0,0,1,0,1,0,0,1,0,0,0,0
551,3,1339.892552,0.373673401,0,0,1,0,1,0,1,0,0,0,1,0,0,0
373,5,570.8854492,0.214814327,3,0,1,0,1,0,1,0,0,0,0,0,0,1
586,2,11.0692132,0.286182481,2,0,0,0,0,1,1,0,0,1,0,0,0,0
356,4,224.5022435,0.432211895,3,0,1,0,1,0,0,0,1,1,0,0,0,0
93,4,883.5062666,0.50828841,1,0,0,0,0,1,0,1,0,0,0,1,0,0
235,5,2176.903185,0.279058336,1,0,1,0,1,0,1,0,0,1,0,0,0,0
504,7,1793.553957,0.485598468,3,0,1,0,1,0,0,1,0,0,0,1,0,0
273,5,1383.951851,0.455068811,2,0,0,0,1,0,0,0,1,0,0,1,0,0
486,4,2399.216753,0.341180965,2,0,0,0,0,1,1,0,0,1,0,0,0,0
285,2,262.7119871,0.159381478,2,1,0,0,1,0,0,1,0,0,0,1,0,0
343,5,9.980137152,0.130507048,2,1,0,0,0,1,0,1,0,1,0,0,0,0
670,5,350.0286505,0.346503731,2,0,0,0,1,0,0,1,0,0,1,0,0,0
549,4,688.3272876,0.400351055,1,0,1,0,0,1,0,0,1,0,0,1,0,0
498,6,304.3831042,0.35808731,2,0,1,0,1,0,1,0,0,0,0,1,0,0
675,4,36.16842016,0.21795626,2,0,0,0,1,0,0,1,0,1,0,0,0,0
596,3,566.100376,0.581054856,0,0,0,0,1,0,1,0,0,1,0,0,0,0
789,2,178.2112596,0.140588804,1,0,0,0,1,0,0,1,0,1,0,0,0,0
408,6,1040.302613,0.423505942,2,0,0,0,1,0,0,0,1,0,1,0,0,0
414,7,74.74694051,0.176856859,3,0,1,0,1,0,1,0,0,0,1,0,0,0
239,2,2538.467934,0.394310326,1,0,0,0,1,0,1,0,0,0,1,0,0,0
414,3,1674.381249,0.127613266,2,0,0,0,1,0,0,0,1,1,0,0,0,0
692,5,1656.253206,0.29417907,0,1,0,0,1,0,0,0,1,1,0,0,0,0
759,5,1248.101693,0.381069639,1,0,0,0,1,0,0,0,1,0,0,0,1,0
692,2,803.2003384,0.28916731,1,0,0,0,1,0,0,0,1,0,0,1,0,0
141,3,43.92747157,0.098527984,4,0,1,1,0,0,0,1,0,1,0,0,0,0
716,5,868.7761624,0.582017319,4,1,1,0,0,1,0,0,1,0,1,0,0,0
132,5,1099.262726,0.222486078,1,0,1,0,1,0,0,0,1,1,0,0,0,0
679,7,112.1639546,0.439462587,0,0,1,1,0,0,1,0,0,1,0,0,0,0
426,5,765.1820623,0.078886513,1,0,0,0,1,0,0,0,1,0,0,1,0,0
640,6,521.4007212,0.27002276,2,1,0,0,1,0,0,1,0,1,0,0,0,0
233,1,511.5964796,0.208908494,2,0,0,0,1,0,1,0,0,1,0,0,0,0
734,2,177.9772552,0.568721684,1,0,0,0,0,1,0,1,0,0,0,1,0,0
207,6,1075.932124,0.043799674,2,0,0,0,1,0,1,0,0,0,0,1,0,0
366,2,2073.544555,0.18636124,3,0,1,0,0,1,0,0,1,1,0,0,0,0
300,5,1240.193345,0.106912273,1,0,0,0,0,1,0,0,1,1,0,0,0,0
149,4,368.4003872,0.509908096,1,0,0,0,1,0,0,0,1,1,0,0,0,0
518,9,3317.048262,0.35817164,3,0,1,0,1,0,1,0,0,1,0,0,0,0
861,5,362.2596225,0.33955015,1,0,0,0,1,0,0,1,0,1,0,0,0,0
1033,4,213.7012869,0.399034036,0,0,0,0,1,0,1,0,0,1,0,0,0,0
519,3,2755.734278,0.749148819,4,1,1,0,1,0,0,1,0,0,0,1,0,0
723,3,1247.819589,0.367608445,2,0,0,0,1,0,0,1,0,1,0,0,0,0
546,5,1145.851009,0.166836253,0,0,1,0,1,0,1,0,0,0,0,1,0,0
599,8,64.47530536,0.281591883,1,0,1,0,1,0,1,0,0,1,0,0,0,0
431,5,170.5779492,0.189365532,2,1,0,0,1,0,0,1,0,1,0,0,0,0
539,5,14.9532524,0.671788287,3,0,1,0,1,0,1,0,0,0,1,0,0,0
607,4,1199.209242,0.246064933,1,0,0,0,1,0,1,0,0,0,0,0,1,0
384,6,260.8533666,0.219016278,2,0,0,0,1,0,0,0,1,1,0,0,0,0
484,5,113.4571688,0.19017957,0,0,0,0,1,0,0,1,0,1,0,0,0,0
488,1,160.6079587,0.271969937,3,1,1,0,0,1,0,1,0,0,0,1,0,0
665,4,819.8403911,0.271597622,2,0,0,0,1,0,0,0,1,1,0,0,0,0
286,2,453.9883048,0.616663842,3,0,1,0,1,0,1,0,0,0,0,1,0,0
489,5,2269.567174,0.207370693,1,0,0,0,0,1,0,1,0,1,0,0,0,0
882,2,364.4283109,0.076360164,3,0,1,0,1,0,0,0,1,1,0,0,0,0
732,5,1436.008587,0.076357839,2,0,1,0,0,1,1,0,0,0,0,0,0,1
769,7,632.5462882,0.161872422,0,0,1,0,1,0,1,0,0,0,0,1,0,0
504,2,977.5668507,0.555926327,1,0,0,0,0,1,1,0,0,1,0,0,0,0
564,4,147.7738706,0.536639684,2,0,1,0,0,1,0,0,1,0,0,1,0,0
700,2,1105.792554,0.05742624,1,0,0,0,1,0,0,1,0,1,0,0,0,0
812,6,71.63816778,0.476139068,2,0,0,0,1,0,1,0,0,1,0,0,0,0
109,2,939.8455415,0.416382078,1,0,0,0,0,1,1,0,0,0,0,1,0,0
236,5,501.1651797,0.445071597,2,0,0,0,0,1,1,0,0,1,0,0,0,0
761,5,207.5619918,0.324728541,1,0,1,0,0,1,0,1,0,1,0,0,0,0
444,3,523.7369765,0.395354249,1,0,0,0,1,0,0,0,1,1,0,0,0,0
365,3,1548.567409,0.680255251,3,0,1,0,0,1,1,0,0,1,0,0,0,0
249,2,134.4690986,0.332188621,1,1,0,0,1,0,1,0,0,1,0,0,0,0
388,4,148.7036633,0.427442589,2,0,0,0,1,0,1,0,0,0,0,1,0,0
219,5,610.8509874,0.158865556,1,0,0,0,1,0,1,0,0,1,0,0,0,0
918,1,785.2066275,0.22548582,2,0,0,0,1,0,0,1,0,0,0,1,0,0
495,5,436.0573355,0.392374583,0,0,1,0,1,0,0,1,0,0,0,1,0,0
488,1,247.8250146,0.432046052,2,0,0,0,1,0,0,0,1,1,0,0,0,0
617,8,55.64477707,0.32437009,2,1,1,0,1,0,0,1,0,0,1,0,0,0
692,4,40.8604473,0.175234113,1,0,0,0,1,0,1,0,0,0,0,0,1,0
689,3,33.34130684,0.650979342,2,0,1,0,0,1,0,1,0,1,0,0,0,0
714,4,1852.398757,0.194611401,2,0,0,0,1,0,0,0,1,0,1,0,0,0
373,3,112.6585875,0.351829364,1,0,0,0,1,0,0,1,0,1,0,0,0,0
440,4,279.7860905,0.211709451,1,0,0,0,1,0,0,1,0,0,0,1,0,0
653,7,3408.826821,0.682403015,2,0,1,0,1,0,0,1,0,0,1,0,0,0
394,3,2099.056341,0.015896056,3,1,1,0,1,0,0,0,1,0,0,1,0,0
498,6,35.04608546,0.081891048,1,0,0,0,1,0,0,0,1,1,0,0,0,0
579,3,641.0556955,0.22278855,0,0,0,0,1,0,1,0,0,0,0,0,0,1
657,3,803.0021177,0.673517886,1,1,1,1,0,0,0,0,1,0,1,0,0,0
144,2,44.50668661,0.241265449,3,0,1,0,1,0,1,0,0,1,0,0,0,0
642,2,1041.933611,0.342633158,2,0,0,0,1,0,0,0,1,1,0,0,0,0
453,4,3529.658035,0.631887422,3,1,1,0,1,0,0,0,1,1,0,0,0,0
641,6,448.824837,0.341871558,0,0,0,0,1,0,0,1,0,1,0,0,0,0
655,3,477.4228449,0.28066663,1,1,0,0,1,0,0,1,0,1,0,0,0,0
821,4,861.5124615,0.17298134,1,0,1,0,1,0,1,0,0,1,0,0,0,0
770,4,1067.089221,0.180492946,1,0,0,0,1,0,1,0,0,1,0,0,0,0
769,2,1247.65137,0.526624652,1,0,0,0,1,0,0,1,0,1,0,0,0,0
788,6,64.6035654,0.468057206,1,0,1,0,1,0,1,0,0,1,0,0,0,0
558,5,1290.310639,0.0411044,2,0,0,0,1,0,0,0,1,1,0,0,0,0
506,2,1596.515446,0.790375741,1,0,1,0,0,1,1,0,0,0,1,0,0,0
674,4,37.02553499,0.28681012,2,0,1,0,1,0,0,1,0,0,1,0,0,0
646,6,31.93708531,0.109439269,1,0,0,0,1,0,0,1,0,1,0,0,0,0
438,5,640.3908102,0.315146362,4,0,1,0,1,0,0,1,0,1,0,0,0,0
580,6,549.4245684,0.351298554,2,0,1,1,0,0,0,1,0,1,0,0,0,0
492,9,3133.495736,0.352216714,1,0,1,0,0,1,0,1,0,1,0,0,0,0
329,5,278.967122,0.589130932,2,0,0,0,1,0,1,0,0,1,0,0,0,0
758,3,713.6687947,0.152595066,1,0,0,0,0,1,0,0,1,0,1,0,0,0
511,3,565.2668424,0.495444667,5,0,1,0,1,0,0,1,0,1,0,0,0,0
909,6,613.8369285,0.082790204,1,0,0,1,0,0,1,0,0,0,0,1,0,0
174,6,862.2676743,0.177821449,2,0,0,0,1,0,0,1,0,1,0,0,0,0
388,4,617.0513027,0.454541885,2,0,0,0,1,0,0,1,0,1,0,0,0,0
506,5,5.575022702,0.726891213,1,0,1,0,1,0,1,0,0,1,0,0,0,0
727,7,1484.834988,0.115277519,1,0,1,0,1,0,0,0,1,1,0,0,0,0
579,3,179.6700824,0.325729883,1,0,0,0,1,0,1,0,0,1,0,0,0,0
562,5,210.292306,0.047131539,1,0,0,0,1,0,0,1,0,0,1,0,0,0
274,5,835.237382,0.07864199,1,0,0,0,1,0,1,0,0,0,1,0,0,0
268,2,519.6896387,0.101608281,3,0,1,0,1,0,0,1,0,1,0,0,0,0
564,3,683.554588,0.538950527,1,0,0,0,1,0,0,1,0,1,0,0,0,0
227,2,550.5260198,0.326785944,1,0,0,0,0,1,1,0,0,1,0,0,0,0
393,6,432.8390615,0.215624211,2,0,0,0,0,1,1,0,0,0,0,1,0,0
600,4,528.2381014,0.143708621,2,0,0,1,0,0,0,1,0,1,0,0,0,0
303,13,121.6686334,0.419178032,0,0,1,0,0,1,0,1,0,1,0,0,0,0
821,1,2786.944759,0.330796128,0,0,0,0,1,0,1,0,0,1,0,0,0,0
744,3,684.065758,0.448833979,1,0,0,0,1,0,1,0,0,1,0,0,0,0
185,5,270.4137684,0.460195197,2,1,0,0,1,0,0,0,1,1,0,0,0,0
313,5,998.1733193,0.193549277,2,0,0,0,1,0,0,1,0,1,0,0,0,0
64,4,1696.918591,0.548670701,2,0,1,0,1,0,1,0,0,0,1,0,0,0
343,4,281.3131391,0.084395965,1,0,0,0,0,1,0,0,1,1,0,0,0,0
653,7,313.8554131,0.418525715,2,0,1,0,1,0,0,0,1,0,1,0,0,0
417,3,461.7842002,0.476593398,2,0,0,0,0,1,1,0,0,1,0,0,0,0
592,4,195.9941843,0.232863429,0,0,0,0,1,0,0,0,1,1,0,0,0,0
195,2,1327.694416,0.52434708,2,0,0,0,0,1,1,0,0,1,0,0,0,0
659,5,701.9958464,0.238634625,2,0,1,0,1,0,1,0,0,0,0,1,0,0
388,7,46.98895499,0.309659408,2,0,1,0,1,0,1,0,0,0,0,0,0,1
502,2,4572.055103,0.253127721,3,0,1,1,0,0,1,0,0,0,0,1,0,0
481,2,684.4792544,0.48762891,0,1,0,0,1,0,0,1,0,0,0,1,0,0
245,1,1765.357003,0.121125627,2,0,0,0,1,0,0,1,0,1,0,0,0,0
269,8,557.1110091,0.369029247,1,0,1,0,1,0,1,0,0,1,0,0,0,0
693,2,698.6798249,0.246802574,2,1,0,0,1,0,1,0,0,0,1,0,0,0
579,3,484.8056824,0.519428554,0,1,0,0,1,0,0,1,0,0,1,0,0,0
710,2,439.5987401,0.340038775,0,0,0,0,1,0,0,1,0,1,0,0,0,0
564,6,197.0319413,0.446861787,0,0,0,0,1,0,1,0,0,1,0,0,0,0
528,6,2618.755404,0.423380849,1,0,0,0,1,0,0,0,1,1,0,0,0,0
154,5,160.4906626,0.442536305,0,0,0,0,1,0,0,1,0,1,0,0,0,0
445,4,597.920984,0.499941029,1,0,1,0,0,1,1,0,0,0,0,1,0,0
494,5,72.90038274,0.18307271,1,0,0,0,0,1,0,1,0,0,0,1,0,0
890,2,4013.753771,0.37112818,1,0,1,0,1,0,1,0,0,1,0,0,0,0
637,9,648.9617103,0.201228702,0,0,1,0,1,0,1,0,0,1,0,0,0,0
807,3,1348.119341,0.361576855,2,0,0,0,1,0,0,1,0,1,0,0,0,0
619,3,662.1274331,0.477068762,1,0,0,0,0,1,1,0,0,1,0,0,0,0
357,3,1307.743942,0.097165451,3,0,1,0,0,1,0,1,0,1,0,0,0,0
523,2,611.5597619,0.150288106,2,0,0,0,0,1,1,0,0,1,0,0,0,0
547,1,470.9927855,0.332297525,2,0,0,0,1,0,0,1,0,1,0,0,0,0
312,8,486.9063063,0.259881585,0,0,1,0,1,0,1,0,0,0,1,0,0,0
423,2,1.877032187,0.068724791,3,0,1,0,1,0,1,0,0,1,0,0,0,0
458,5,370.4604838,0.187757931,4,1,1,0,1,0,1,0,0,1,0,0,0,0
821,1,2428.311548,0.161431593,0,0,0,0,1,0,0,1,0,1,0,0,0,0
83,4,900.5652596,0.104029431,3,0,1,0,1,0,0,0,1,1,0,0,0,0
741,3,2013.801766,0.034646513,1,0,0,0,0,1,1,0,0,0,0,1,0,0
312,3,178.777454,0.319302754,1,0,0,0,1,0,1,0,0,1,0,0,0,0
225,5,540.4977138,0.370049602,2,0,0,0,0,1,1,0,0,1,0,0,0,0
735,5,28.07236962,0.080025314,1,0,0,0,1,0,0,1,0,0,1,0,0,0
646,6,904.2115439,0.430933839,0,0,0,0,0,1,0,0,1,0,1,0,0,0
750,3,1226.041751,0.398361539,2,1,0,1,0,0,0,0,1,1,0,0,0,0
660,1,1102.030697,0.10084491,2,1,0,0,0,1,1,0,0,1,0,0,0,0
911,2,72.61400449,0.511218606,2,0,0,0,0,1,0,0,1,1,0,0,0,0
611,2,227.5128288,0.295887663,2,1,0,0,0,1,1,0,0,0,1,0,0,0
468,2,853.2895256,0.351041555,2,0,0,0,1,0,0,0,1,0,0,1,0,0
568,5,1138.337136,0.075477914,0,0,0,0,1,0,0,0,1,1,0,0,0,0
748,7,256.3962505,0.42201259,2,0,1,0,1,0,1,0,0,0,1,0,0,0
344,2,417.0254725,0.161000431,1,0,0,0,0,1,1,0,0,1,0,0,0,0
369,5,346.1861018,0.368654733,2,0,0,1,0,0,1,0,0,1,0,0,0,0
438,6,3.660299426,0.639916348,3,1,1,0,1,0,1,0,0,1,0,0,0,0
79,5,687.3861706,0.343242402,2,0,1,0,1,0,1,0,0,0,0,0,0,1
527,7,884.7821144,0.087382012,2,0,1,0,1,0,0,1,0,1,0,0,0,0
122,4,258.8527002,0.231822871,0,1,0,1,0,0,0,1,0,0,0,0,1,0
510,4,931.2493618,0.045697686,1,1,0,0,1,0,1,0,0,0,1,0,0,0
673,4,222.4481955,0.074324549,1,0,0,0,1,0,1,0,0,1,0,0,0,0
404,5,1005.703086,0.205689048,3,1,1,0,1,0,0,0,1,1,0,0,0,0
835,6,488.7929435,0.29857957,2,0,0,0,1,0,1,0,0,0,0,1,0,0
207,1,1644.173219,0.573020587,1,0,0,0,1,0,0,1,0,1,0,0,0,0
738,10,629.4994799,0.247413603,2,0,1,0,1,0,0,1,0,1,0,0,0,0
635,4,163.3130821,0.764942774,1,0,1,0,0,1,0,1,0,0,0,0,0,1
156,2,1380.828064,0.318997942,0,0,1,0,1,0,1,0,0,1,0,0,0,0
1042,3,1202.9046,0.199298239,2,0,0,0,1,0,1,0,0,1,0,0,0,0
487,3,70.3904413,0.297309503,1,0,1,0,0,1,0,1,0,1,0,0,0,0
324,6,39.38639152,0.406280611,1,0,0,1,0,0,0,0,1,1,0,0,0,0
218,4,117.2155364,0.318614206,1,0,0,1,0,0,0,0,1,1,0,0,0,0
455,2,1493.091907,0.262514356,1,0,0,0,1,0,1,0,0,0,0,0,1,0
474,4,308.9801769,0.044484727,4,0,1,1,0,0,1,0,0,1,0,0,0,0
520,4,562.1563889,0.098798801,0,0,1,0,1,0,1,0,0,0,0,0,0,1
440,3,738.9874925,0.447543885,4,0,1,0,0,1,0,0,1,0,1,0,0,0
626,6,1088.443381,0.265504161,2,0,0,0,1,0,1,0,0,1,0,0,0,0
422,2,1417.355215,0.33679088,1,0,0,0,1,0,0,1,0,1,0,0,0,0
113,2,580.3140362,0.43405171,0,0,0,0,1,0,1,0,0,1,0,0,0,0
470,3,429.9542034,0.182066677,1,0,0,0,1,0,0,0,1,1,0,0,0,0
64,4,174.4668853,0.365489871,1,0,0,0,0,1,1,0,0,0,0,1,0,0
570,2,748.2164839,0.353698265,1,0,0,0,1,0,0,1,0,0,0,1,0,0
304,3,638.5876256,0.377174858,3,0,1,0,1,0,0,1,0,1,0,0,0,0
532,1,275.3007582,0.359413673,1,0,0,0,1,0,1,0,0,1,0,0,0,0
762,1,472.7663617,0.259303348,0,0,0,0,1,0,1,0,0,1,0,0,0,0
310,3,1076.58587,0.406045971,3,0,1,1,0,0,0,0,1,0,1,0,0,0
712,2,789.1131543,0.561632171,2,0,0,0,0,1,0,1,0,1,0,0,0,0
413,7,525.8237269,0.179365449,0,0,1,1,0,0,0,1,0,0,0,1,0,0
850,4,254.311206,0.108310972,0,0,1,0,1,0,0,0,1,0,1,0,0,0
426,3,882.1066554,0.077225282,4,0,1,0,1,0,1,0,0,1,0,0,0,0
331,5,790.3539626,0.484750695,3,0,1,0,1,0,0,0,1,0,0,1,0,0
637,4,490.3362284,0.301420644,3,0,1,0,1,0,0,1,0,0,0,1,0,0
412,1,217.9973492,0.179856707,0,0,0,0,1,0,0,1,0,1,0,0,0,0
331,6,153.7777664,0.300682539,0,0,0,0,0,1,1,0,0,0,1,0,0,0
404,3,331.684801,0.286737006,4,1,1,0,1,0,0,0,1,0,0,1,0,0
491,4,1915.013848,0.235352707,4,0,1,0,1,0,1,0,0,0,0,1,0,0
768,5,1121.570266,0.456566902,1,0,0,0,1,0,1,0,0,0,0,1,0,0
113,2,1773.638334,0.587161801,2,0,0,0,1,0,0,1,0,1,0,0,0,0
504,5,1479.166795,0.11387679,2,0,0,0,0,1,0,1,0,0,0,0,1,0
624,5,491.2951631,0.516458771,4,0,1,0,1,0,1,0,0,1,0,0,0,0
538,4,604.7715944,0.31792726,2,0,0,0,1,0,0,0,1,0,1,0,0,0
761,4,148.6647933,0.234906555,1,0,0,0,1,0,1,0,0,0,0,1,0,0
485,4,1020.868291,0.52057903,2,0,0,0,0,1,1,0,0,1,0,0,0,0
463,6,438.4743042,0.075948431,1,0,1,0,0,1,1,0,0,0,0,0,1,0
618,2,140.6922197,0.07525615,1,0,0,0,1,0,0,1,0,1,0,0,0,0
519,8,80.16996516,0.189614879,1,0,1,0,1,0,0,0,1,0,0,1,0,0
421,4,952.9369035,0.344341579,3,0,1,0,1,0,0,0,1,0,0,1,0,0
603,6,526.5375628,0.44012535,1,0,0,0,1,0,0,1,0,0,0,1,0,0
369,1,7.228876125,0.11378238,2,0,0,1,0,0,0,1,0,0,0,1,0,0
377,4,1392.164113,0.151896668,4,0,1,1,0,0,0,1,0,1,0,0,0,0
394,1,772.9358658,0.338392056,1,1,0,0,0,1,0,1,0,0,0,1,0,0
770,2,31.30574045,0.342787353,2,0,1,0,1,0,0,0,1,0,0,1,0,0
64,8,290.712046,0.191374563,0,0,1,1,0,0,1,0,0,0,1,0,0,0
579,4,1025.27561,0.288091926,3,0,1,0,1,0,1,0,0,0,0,1,0,0
506,7,48.67499505,0.433610634,2,0,1,0,0,1,1,0,0,1,0,0,0,0
163,7,1066.210637,0.079886792,1,1,1,0,1,0,1,0,0,0,0,1,0,0
561,7,562.3887076,0.289146476,0,0,1,0,1,0,0,0,1,0,0,1,0,0
595,4,1221.76081,0.229030453,0,0,1,0,1,0,0,1,0,0,0,0,0,1
617,4,1546.125541,0.242690892,3,0,1,0,1,0,1,0,0,1,0,0,0,0
64,5,1167.981832,0.315071528,1,0,0,0,1,0,1,0,0,1,0,0,0,0
773,4,65.03304931,0.440559267,2,1,0,0,0,1,0,0,1,0,1,0,0,0
352,2,493.5024277,0.143189562,1,0,0,0,1,0,0,1,0,0,0,1,0,0
637,8,307.0438348,0.44875241,3,1,1,0,1,0,1,0,0,1,0,0,0,0
648,4,568.2223285,0.080783758,1,1,0,0,1,0,1,0,0,0,0,1,0,0
324,3,2700.46902,0.536274834,3,0,1,0,1,0,1,0,0,1,0,0,0,0
632,7,106.273261,0.395588059,1,0,1,1,0,0,0,1,0,1,0,0,0,0
422,7,1605.537813,0.345786531,0,0,1,0,1,0,0,1,0,1,0,0,0,0
85,5,3755.475057,0.105145265,1,0,0,0,1,0,1,0,0,0,0,1,0,0
733,1,3685.896367,0.620190712,2,0,1,0,0,1,1,0,0,1,0,0,0,0
344,7,1274.415891,0.092058194,3,0,1,0,0,1,1,0,0,0,0,1,0,0
329,3,501.2593001,0.173677655,1,0,0,0,1,0,0,1,0,0,0,1,0,0
419,4,156.8125113,0.526899759,0,0,0,0,0,1,0,0,1,0,1,0,0,0
554,2,749.629718,0.472877053,1,1,0,0,1,0,0,0,1,1,0,0,0,0
488,3,754.0516574,0.707694011,3,0,1,0,0,1,0,1,0,1,0,0,0,0
609,4,304.3462772,0.487319513,1,0,0,0,1,0,0,0,1,1,0,0,0,0
232,5,767.4049689,0.435714526,1,0,0,1,0,0,1,0,0,1,0,0,0,0
351,7,99.13391147,0.222091675,2,0,1,0,1,0,1,0,0,0,0,1,0,0
476,3,804.1159566,0.331242928,1,0,0,0,1,0,1,0,0,0,0,0,1,0
879,4,1816.267685,0.355551026,2,0,0,0,1,0,1,0,0,0,0,0,1,0
477,2,511.0261627,0.461131784,0,0,0,0,1,0,0,0,1,1,0,0,0,0
717,2,1157.049452,0.32244101,1,0,1,0,0,1,0,0,1,1,0,0,0,0
507,4,807.6915538,0.411419754,0,1,1,0,1,0,1,0,0,0,1,0,0,0
403,4,2.455063873,0.419351868,2,0,0,0,1,0,1,0,0,0,0,1,0,0
450,3,104.0855126,0.239245233,2,1,0,0,1,0,1,0,0,1,0,0,0,0
466,4,1192.738813,0.133170741,0,0,0,0,1,0,0,1,0,1,0,0,0,0
620,7,33.0351241,0.236488808,0,0,1,1,0,0,1,0,0,1,0,0,0,0
774,5,2503.368093,0.161387118,1,0,0,0,1,0,1,0,0,1,0,0,0,0
571,4,1796.02796,0.28120186,2,0,0,0,1,0,0,0,1,0,1,0,0,0
737,4,360.0038816,0.243317094,1,0,0,0,0,1,0,0,1,0,1,0,0,0
307,3,297.2961288,0.183544957,2,0,0,0,0,1,1,0,0,1,0,0,0,0
417,4,759.3234719,0.281124458,1,0,1,0,1,0,1,0,0,1,0,0,0,0
355,2,756.9724822,0.170982297,2,0,0,0,1,0,1,0,0,1,0,0,0,0
562,2,74.5990548,0.351801566,1,0,0,0,0,1,0,1,0,0,0,0,1,0
428,3,194.0503944,0.274274787,1,0,0,0,0,1,1,0,0,1,0,0,0,0
645,2,809.5072503,0.449843349,2,0,0,0,0,1,1,0,0,1,0,0,0,0
313,7,1290.638325,0.438419198,2,1,1,1,0,0,0,0,1,0,1,0,0,0
508,6,170.5570483,0.226334151,1,0,0,0,0,1,1,0,0,0,0,1,0,0
637,6,968.3474804,0.251410476,1,0,0,0,0,1,1,0,0,1,0,0,0,0
86,5,1635.106659,0.467492582,3,0,1,1,0,0,0,0,1,1,0,0,0,0
924,5,100.2738567,0.815679468,0,0,1,0,1,0,0,1,0,0,1,0,0,0
443,2,462.5749573,0.492146651,1,0,0,0,1,0,0,1,0,0,1,0,0,0
94,4,1520.66427,0.167498217,1,0,0,0,1,0,1,0,0,0,0,1,0,0
531,3,370.4248238,0.09046556,1,0,1,0,1,0,0,0,1,0,1,0,0,0
506,9,251.1741063,0.219857458,3,0,1,0,0,1,1,0,0,0,0,1,0,0
483,2,1095.124351,0.054789687,0,0,0,0,0,1,1,0,0,0,0,0,0,1
698,3,409.698396,0.223400438,3,0,1,0,0,1,1,0,0,0,0,0,0,1
649,8,980.1891373,0.288007101,1,0,1,1,0,0,0,0,1,0,1,0,0,0
559,7,108.0980846,0.1302214,0,0,1,0,1,0,0,0,1,0,0,1,0,0
590,6,645.0722359,0.215032612,1,0,1,0,0,1,0,1,0,1,0,0,0,0
479,6,381.7332556,0.104079729,1,1,0,0,1,0,0,0,1,0,1,0,0,0
855,1,4733.10426,0.64302008,1,1,1,0,1,0,1,0,0,0,0,1,0,0
204,4,715.9980779,0.461783902,1,0,1,0,1,0,1,0,0,0,1,0,0,0
527,2,916.9791149,0.646803463,1,0,1,0,0,1,1,0,0,0,0,0,0,1
513,4,112.3620521,0.536173753,2,0,1,0,1,0,1,0,0,0,0,0,0,1
662,4,3859.578673,0.212590673,2,0,1,0,0,1,0,1,0,1,0,0,0,0
331,2,42.21821896,0.394174819,2,0,0,0,1,0,1,0,0,1,0,0,0,0
151,5,58.7765952,0.312391103,2,0,0,0,1,0,1,0,0,0,0,1,0,0
531,4,63.00539893,0.661092426,2,0,1,0,1,0,0,1,0,0,1,0,0,0
556,1,1635.881504,0.367870314,4,0,1,0,1,0,1,0,0,0,0,1,0,0
797,2,1043.297712,0.4440639,1,0,0,1,0,0,1,0,0,1,0,0,0,0
245,4,2891.105186,0.451975849,0,0,0,0,1,0,1,0,0,0,1,0,0,0
730,2,55.10315929,0.143573232,2,1,0,1,0,0,0,1,0,1,0,0,0,0
973,2,941.2823559,0.363554415,1,0,1,1,0,0,0,0,1,1,0,0,0,0
424,6,609.6022504,0.395609903,1,1,0,1,0,0,0,0,1,1,0,0,0,0
241,1,815.4037176,0.43927032,3,0,1,0,1,0,1,0,0,1,0,0,0,0
418,2,575.4555624,0.299391507,1,1,0,1,0,0,0,1,0,1,0,0,0,0
502,5,899.9985773,0.599023637,0,0,0,0,1,0,1,0,0,0,0,1,0,0
612,4,1900.633126,0.325140438,0,0,0,0,1,0,1,0,0,1,0,0,0,0
381,5,708.3645955,0.304450213,2,0,0,0,1,0,0,1,0,1,0,0,0,0
811,10,1813.896962,0.80053004,2,1,1,0,0,1,0,1,0,1,0,0,0,0
277,1,1219.204049,0.150547592,1,0,0,0,1,0,1,0,0,0,0,1,0,0
152,1,1601.534359,0.368859608,1,0,0,0,1,0,1,0,0,0,0,1,0,0
721,6,861.2870029,0.017909867,2,0,0,0,1,0,1,0,0,1,0,0,0,0
64,5,584.855002,0.198074832,0,0,0,0,1,0,1,0,0,0,1,0,0,0
459,5,57.67331189,0.502082961,0,0,0,0,1,0,1,0,0,0,1,0,0,0
1123,6,1440.97508,0.538885002,0,0,1,0,0,1,0,0,1,0,0,0,0,1
497,6,221.6688498,0.233313978,0,0,0,0,1,0,1,0,0,1,0,0,0,0
275,5,29.87991772,0.058722169,1,0,0,0,0,1,1,0,0,0,0,1,0,0
488,5,585.6288024,0.179032243,1,0,0,0,1,0,1,0,0,1,0,0,0,0
489,4,800.8596076,0.420717005,1,0,0,1,0,0,0,1,0,1,0,0,0,0
532,8,867.3685564,0.307969144,2,0,1,0,1,0,0,1,0,0,1,0,0,0
632,2,886.2414011,0.676535024,1,0,1,0,1,0,1,0,0,0,0,1,0,0
292,4,848.4115958,0.514442669,1,1,0,0,1,0,1,0,0,1,0,0,0,0
837,4,1321.008918,0.765653752,4,0,1,0,1,0,0,1,0,0,1,0,0,0
549,4,1173.523361,0.177322218,0,0,0,0,0,1,1,0,0,0,1,0,0,0
645,2,1340.607602,0.044271556,2,0,0,0,1,0,1,0,0,0,0,0,1,0
374,2,493.3373604,0.292326143,3,0,1,0,0,1,1,0,0,1,0,0,0,0
757,4,51.90285962,0.485416133,0,0,0,0,0,1,0,0,1,1,0,0,0,0
448,3,816.3799174,0.224720031,2,0,1,0,1,0,1,0,0,0,0,0,0,1
555,2,188.7953624,0.36338942,3,0,1,0,1,0,1,0,0,1,0,0,0,0
313,6,1570.160984,0.235636798,0,0,0,0,1,0,0,1,0,0,0,1,0,0
300,4,1023.145953,0.734070786,2,0,1,0,1,0,0,1,0,0,0,0,1,0
637,3,1161.502611,0.194708015,2,0,0,0,1,0,1,0,0,1,0,0,0,0
411,4,269.9710582,0.248312484,0,0,0,1,0,0,0,0,1,1,0,0,0,0
329,5,802.0326884,0.40221871,0,0,0,0,1,0,1,0,0,1,0,0,0,0
371,5,600.7633142,0.209684845,1,0,1,0,1,0,0,0,1,1,0,0,0,0
639,4,250.0738057,0.36491073,2,0,0,0,1,0,0,1,0,1,0,0,0,0
374,3,1338.011344,0.126666497,1,0,1,0,1,0,0,0,1,0,0,0,0,1
476,4,638.7322319,0.19841036,2,0,0,0,0,1,1,0,0,1,0,0,0,0
503,3,169.3557286,0.401070662,2,0,0,0,0,1,1,0,0,0,1,0,0,0
116,4,291.3592582,0.19827498,0,0,0,0,0,1,1,0,0,1,0,0,0,0
205,4,206.0922047,0.248691708,0,0,0,0,0,1,1,0,0,1,0,0,0,0
567,1,299.6383119,0.195264103,1,0,0,0,1,0,1,0,0,1,0,0,0,0
352,4,166.7706606,0.185247295,1,0,0,0,1,0,1,0,0,0,0,1,0,0
711,3,371.0758951,0.256751077,2,1,0,0,1,0,1,0,0,1,0,0,0,0
693,6,947.292143,0.302719656,2,1,0,0,0,1,1,0,0,0,0,1,0,0
643,7,2561.210531,0.211108337,2,0,1,0,0,1,0,0,1,0,0,1,0,0
863,6,189.1208941,0.364082396,2,1,0,0,1,0,0,1,0,1,0,0,0,0
483,3,285.145246,0.500969475,3,0,1,0,1,0,1,0,0,0,1,0,0,0
629,3,1.724714613,0.123106396,2,0,0,0,1,0,0,1,0,1,0,0,0,0
383,2,204.2283576,0.584746071,2,0,0,1,0,0,0,1,0,0,1,0,0,0
990,3,433.6492102,0.206477432,2,1,0,0,1,0,1,0,0,1,0,0,0,0
896,6,495.5269946,0.127631078,2,0,1,0,0,1,1,0,0,0,0,0,0,1
502,7,247.7583803,0.255358281,3,1,1,0,1,0,0,0,1,1,0,0,0,0
577,4,130.3191717,0.263882462,0,0,0,0,1,0,0,1,0,0,0,1,0,0
771,5,662.3853084,0.22196438,1,0,0,0,0,1,1,0,0,1,0,0,0,0
470,5,421.0075752,0.257624273,0,1,0,0,1,0,1,0,0,1,0,0,0,0
368,3,444.4713495,0.286489099,3,0,1,0,0,1,0,1,0,1,0,0,0,0
674,8,1802.888026,0.609025746,1,0,1,0,0,1,1,0,0,1,0,0,0,0
515,6,659.4122155,0.376716202,2,0,1,0,1,0,1,0,0,0,0,0,0,1
536,3,393.2621694,0.38415708,2,0,0,0,0,1,1,0,0,1,0,0,0,0
333,1,234.1983641,0.061551911,0,0,0,0,1,0,1,0,0,0,0,1,0,0
156,2,447.7294179,0.386673219,0,1,0,0,1,0,0,1,0,1,0,0,0,0
547,4,1583.639031,0.031555252,0,0,0,0,0,1,1,0,0,1,0,0,0,0
680,3,2684.215897,0.355742767,1,1,1,0,1,0,0,1,0,0,0,1,0,0
454,4,378.8633901,0.446623191,3,0,1,0,1,0,0,0,1,1,0,0,0,0
787,7,187.5477866,0.116741096,2,0,1,0,0,1,0,0,1,0,0,0,0,1
359,4,1967.575084,0.206677428,1,0,1,0,1,0,1,0,0,0,0,0,0,1
289,5,124.7964426,0.338077967,1,1,0,0,0,1,1,0,0,1,0,0,0,0
486,7,282.3572459,0.691409505,2,0,1,0,0,1,0,1,0,1,0,0,0,0
483,3,182.6715612,0.189124415,3,0,1,0,1,0,1,0,0,0,0,1,0,0
653,4,667.4545291,0.592409306,2,0,1,0,1,0,0,0,1,1,0,0,0,0
345,6,420.2657678,0.091626299,3,0,1,0,1,0,0,0,1,0,0,1,0,0
773,3,270.8057575,0.270074633,0,0,0,0,1,0,0,0,1,1,0,0,0,0
893,4,1168.566501,0.228538723,4,1,1,0,0,1,0,1,0,1,0,0,0,0
492,1,872.7932196,0.356567542,1,1,0,0,0,1,0,1,0,1,0,0,0,0
749,4,4324.984843,0.204553284,1,0,0,0,1,0,0,1,0,0,0,1,0,0
288,3,299.1594416,0.068057384,2,1,0,0,1,0,1,0,0,0,1,0,0,0
715,3,1492.916115,0.473520597,2,0,1,1,0,0,0,0,1,1,0,0,0,0
709,4,288.2107765,0.363197484,1,0,1,0,1,0,1,0,0,0,0,0,0,1
672,4,7.262754384,0.544804274,2,0,1,0,0,1,0,0,1,0,0,0,0,1
496,3,130.8604713,0.568432986,3,0,1,0,0,1,0,0,1,0,0,1,0,0
64,2,568.1866866,0.137686084,2,1,0,0,1,0,1,0,0,1,0,0,0,0
371,1,1328.624293,0.209989892,2,0,0,0,1,0,1,0,0,0,1,0,0,0
374,6,47.30130043,0.2649224,2,0,0,0,0,1,0,0,1,1,0,0,0,0
304,4,1427.102564,0.14916074,0,0,0,0,1,0,0,0,1,0,1,0,0,0
524,3,1007.234418,0.752992364,2,0,1,0,1,0,0,0,1,0,1,0,0,0
416,3,28.10315384,0.152665679,0,1,0,0,0,1,0,0,1,0,0,1,0,0
335,3,89.90431474,0.231203443,3,1,1,0,0,1,0,0,1,1,0,0,0,0
288,4,62.91425195,0.408749993,1,1,0,0,1,0,0,0,1,0,0,1,0,0
356,1,909.0338703,0.131939906,1,1,0,0,1,0,1,0,0,0,1,0,0,0
724,7,658.6586223,0.059987331,2,1,1,0,1,0,1,0,0,0,0,1,0,0
367,2,355.6038216,0.068331505,1,0,0,0,1,0,0,1,0,0,0,1,0,0
397,7,73.96558931,0.5264385,1,0,1,0,1,0,1,0,0,0,1,0,0,0
408,7,399.3568172,0.117418709,0,0,1,0,1,0,0,1,0,1,0,0,0,0
567,3,916.9986238,0.207152673,2,0,0,0,1,0,0,1,0,0,1,0,0,0
591,5,78.45350585,0.082307156,0,0,0,0,1,0,0,0,1,1,0,0,0,0
64,4,1553.609933,0.174435211,2,0,1,0,1,0,1,0,0,1,0,0,0,0
704,2,51.97957969,0.244077606,0,0,0,0,1,0,0,1,0,0,0,1,0,0
787,6,749.590278,0.303911713,0,0,0,0,1,0,0,0,1,1,0,0,0,0
289,4,167.7354931,0.687679141,2,0,1,0,1,0,1,0,0,0,1,0,0,0
305,3,76.89131569,0.36936327,1,0,0,0,0,1,0,1,0,0,0,1,0,0
409,5,350.7686677,0.151030885,1,0,0,0,1,0,0,1,0,0,0,1,0,0
348,1,879.5173761,0.478865162,1,0,0,0,1,0,1,0,0,0,1,0,0,0
544,5,103.2244931,0.212484057,2,0,1,0,0,1,1,0,0,0,0,0,0,1
110,4,516.5489084,0.22896444,1,0,0,0,1,0,0,1,0,1,0,0,0,0
276,9,416.8450442,0.304355886,0,0,1,0,0,1,1,0,0,0,1,0,0,0
807,2,446.1300953,0.337618138,2,0,1,0,1,0,1,0,0,1,0,0,0,0
314,3,2297.633822,0.477410745,2,0,0,0,1,0,0,0,1,1,0,0,0,0
748,8,343.4332556,0.510640132,0,0,1,0,1,0,1,0,0,0,0,1,0,0
571,4,3826.376736,0.065454503,1,0,0,0,1,0,0,0,1,1,0,0,0,0
138,6,618.4299435,0.635243324,2,0,1,0,1,0,1,0,0,1,0,0,0,0
627,4,1478.566773,0.103565129,1,0,0,0,1,0,1,0,0,0,0,1,0,0
476,3,343.2298112,0.166977659,1,0,1,0,1,0,0,1,0,0,0,1,0,0
408,8,70.86724348,0.357356697,1,0,1,0,0,1,1,0,0,0,0,0,0,1
548,3,70.54373962,0.610741594,3,0,1,0,1,0,1,0,0,0,0,1,0,0
594,4,682.9331486,0.172942581,1,0,0,0,1,0,0,0,1,0,0,1,0,0
641,4,2126.446318,0.117345053,2,1,0,0,1,0,0,1,0,1,0,0,0,0
735,5,59.10741068,0.503868765,1,0,0,0,1,0,1,0,0,0,1,0,0,0
581,4,934.6716824,0.158287341,1,0,0,0,0,1,1,0,0,0,0,1,0,0
224,7,662.7174615,0.160568595,3,0,1,0,1,0,0,1,0,1,0,0,0,0
405,6,845.0185698,0.300152595,0,0,0,0,1,0,0,1,0,1,0,0,0,0
1088,6,194.2087317,0.167826453,0,1,0,0,0,1,1,0,0,1,0,0,0,0
644,7,58.49410392,0.336276407,2,0,1,0,0,1,0,1,0,1,0,0,0,0
973,4,62.13422286,0.387165254,0,0,0,0,1,0,1,0,0,0,0,0,1,0
779,7,226.6596934,0.170211115,1,0,1,0,1,0,1,0,0,0,0,1,0,0
548,7,192.2717136,0.324154816,1,0,1,0,1,0,1,0,0,0,1,0,0,0
560,5,108.0673205,0.153713107,1,1,0,0,1,0,1,0,0,0,0,1,0,0
492,1,245.962822,0.502017234,2,0,1,0,1,0,1,0,0,1,0,0,0,0
152,2,610.8105529,0.20448817,2,0,0,0,1,0,0,1,0,1,0,0,0,0
503,9,2388.844359,0.34673395,0,0,1,0,0,1,1,0,0,1,0,0,0,0
742,4,2043.598433,0.263235016,2,1,0,0,1,0,0,1,0,1,0,0,0,0
380,2,253.6487675,0.129031754,3,1,1,0,1,0,0,1,0,1,0,0,0,0
582,1,54.80278794,0.437042132,1,0,0,0,1,0,0,0,1,1,0,0,0,0
670,2,4347.05102,0.476428335,0,0,0,0,1,0,1,0,0,0,1,0,0,0
318,3,517.6345582,0.243062385,1,0,0,0,1,0,0,0,1,0,0,1,0,0
409,5,3064.392864,0.211814746,0,0,0,0,1,0,1,0,0,1,0,0,0,0
296,4,617.1326678,0.450232656,3,0,1,0,1,0,0,1,0,0,0,1,0,0
335,3,1739.781554,0.190323114,1,0,0,0,1,0,0,1,0,1,0,0,0,0
242,2,474.2370927,0.404247615,0,0,0,0,1,0,0,1,0,0,0,1,0,0
319,4,778.3375688,0.467481527,1,0,0,0,1,0,0,0,1,0,1,0,0,0
783,2,613.8489788,0.346580191,2,0,0,0,1,0,1,0,0,1,0,0,0,0
316,3,198.6432708,0.375782707,3,0,1,0,1,0,0,1,0,0,0,1,0,0
525,1,1154.455292,0.16248009,1,0,0,0,1,0,0,1,0,1,0,0,0,0
399,1,45.09170436,0.418526086,2,0,0,0,1,0,1,0,0,0,1,0,0,0
735,2,360.050059,0.334883298,2,0,0,0,0,1,1,0,0,1,0,0,0,0
762,2,1631.578201,0.529734704,0,1,0,0,0,1,1,0,0,0,0,1,0,0
672,4,558.8233303,0.466884839,3,1,1,0,1,0,0,1,0,0,0,1,0,0
561,4,64.66049164,0.199257722,1,0,0,0,0,1,1,0,0,0,1,0,0,0
453,3,186.080759,0.4921714,2,0,0,0,1,0,0,0,1,0,0,1,0,0
261,3,92.90310068,0.481407676,2,0,0,0,0,1,1,0,0,1,0,0,0,0
888,3,260.1779071,0.282385714,2,0,0,0,1,0,0,1,0,1,0,0,0,0
348,1,144.5576596,0.336588111,0,1,0,0,1,0,1,0,0,0,1,0,0,0
632,1,995.6991381,0.307763962,1,0,0,0,1,0,1,0,0,0,1,0,0,0
711,2,861.69901,0.381544199,2,0,0,0,1,0,1,0,0,1,0,0,0,0
388,4,116.0935616,0.526748787,2,0,0,1,0,0,0,1,0,0,0,0,1,0
707,4,471.016518,0.321583215,1,0,0,0,1,0,1,0,0,1,0,0,0,0
652,4,280.6015347,0.381783829,2,0,0,0,1,0,1,0,0,0,1,0,0,0
845,5,329.04487,0.597794495,2,1,0,0,1,0,0,0,1,0,1,0,0,0
406,6,686.3792857,0.229510745,2,0,0,0,1,0,1,0,0,0,1,0,0,0
242,5,1831.648585,0.183680306,1,0,1,0,1,0,1,0,0,0,0,1,0,0
398,2,1820.94943,0.01965837,2,1,0,0,1,0,0,1,0,0,0,1,0,0
541,5,426.2136645,0.10502051,2,0,0,0,1,0,1,0,0,0,1,0,0,0
511,5,399.6384318,0.037747954,3,0,1,0,0,1,1,0,0,0,1,0,0,0
421,2,583.8088847,0.198632176,3,0,1,0,1,0,0,1,0,0,0,0,1,0
118,6,514.1381878,0.481097583,2,0,0,0,1,0,0,0,1,0,1,0,0,0
594,4,51.02093644,0.59036436,1,0,1,0,1,0,1,0,0,1,0,0,0,0
894,4,691.6219963,0.16761538,5,1,1,1,0,0,1,0,0,1,0,0,0,0
592,4,703.0658328,0.241842659,4,0,1,0,1,0,0,0,1,1,0,0,0,0
621,3,478.7605275,0.352450957,1,0,1,0,1,0,0,1,0,0,1,0,0,0
614,6,427.500261,0.413390286,2,0,0,1,0,0,1,0,0,0,0,1,0,0
579,7,2236.793904,0.192241348,1,0,1,0,1,0,1,0,0,0,0,0,0,1
686,7,734.6822889,0.329422679,1,0,1,0,1,0,0,1,0,0,1,0,0,0
579,2,1355.471498,0.122107105,3,0,1,0,1,0,1,0,0,0,0,0,1,0
437,3,2460.531768,0.364192337,0,0,0,0,0,1,0,1,0,0,0,1,0,0
340,2,1329.013248,0.2258338,2,1,0,1,0,0,0,1,0,1,0,0,0,0
450,3,2291.476553,0.220863712,3,0,1,0,0,1,0,1,0,1,0,0,0,0
562,6,1139.341799,0.132820427,2,0,0,0,1,0,1,0,0,1,0,0,0,0
436,6,149.1798367,0.1897623,3,1,1,0,1,0,1,0,0,0,0,1,0,0
562,1,205.90898,0.260204273,1,0,1,0,1,0,0,0,1,1,0,0,0,0
587,6,172.4332666,0.60111753,2,0,1,0,0,1,1,0,0,0,0,0,1,0
666,4,311.0351845,0.062037999,2,0,0,0,0,1,1,0,0,1,0,0,0,0
756,7,350.7950341,0.190421981,4,1,1,0,1,0,0,0,1,1,0,0,0,0
515,2,1333.577261,0.22455118,3,0,1,0,1,0,1,0,0,1,0,0,0,0
238,3,358.0953487,0.152074632,0,1,1,0,1,0,0,0,1,1,0,0,0,0
430,6,1039.267857,0.405948559,0,0,0,0,1,0,0,0,1,0,0,0,1,0
508,5,1873.200239,0.251432711,5,0,1,0,1,0,1,0,0,1,0,0,0,0
132,4,97.33051689,0.521262735,2,0,0,0,1,0,0,1,0,0,0,1,0,0
777,3,0.5,0.428084045,0,0,0,0,1,0,1,0,0,0,0,1,0,0
528,4,1756.123262,0.574481873,1,0,1,0,1,0,0,1,0,0,1,0,0,0
576,6,217.715981,0.077911555,1,0,0,0,0,1,0,1,0,1,0,0,0,0
773,6,133.2572337,0.181248736,0,1,0,0,0,1,1,0,0,1,0,0,0,0
373,7,279.8829261,0.692304565,2,0,1,1,0,0,1,0,0,1,0,0,0,0
614,4,164.6615895,0.330762909,3,0,1,0,0,1,0,0,1,1,0,0,0,0
478,6,1262.552986,0.56587506,2,0,0,0,1,0,0,0,1,0,0,1,0,0
463,4,805.2087474,0.465690625,3,0,1,0,1,0,0,0,1,0,1,0,0,0
345,4,146.469596,0.279065164,3,0,1,1,0,0,0,1,0,0,0,1,0,0
833,2,700.8175601,0.606031986,4,0,1,0,1,0,1,0,0,1,0,0,0,0
424,2,186.6470923,0.313036951,2,0,0,0,1,0,1,0,0,1,0,0,0,0
639,11,176.0745392,0.458760919,1,0,1,0,1,0,0,1,0,1,0,0,0,0
124,2,723.9780276,0.481938752,0,0,0,0,0,1,1,0,0,0,1,0,0,0
735,4,874.152772,0.485051004,0,0,0,0,1,0,0,0,1,1,0,0,0,0
710,5,339.9655388,0.304682834,2,0,0,0,1,0,0,0,1,0,1,0,0,0
519,4,1153.133095,0.082305663,1,0,0,0,1,0,0,1,0,1,0,0,0,0
454,3,1452.257464,0.514128082,1,0,0,0,0,1,1,0,0,1,0,0,0,0
580,5,1984.835659,0.191162273,2,0,0,0,1,0,0,1,0,1,0,0,0,0
957,3,786.9277798,0.54065657,2,0,0,0,1,0,1,0,0,1,0,0,0,0
147,7,198.7946159,0.436521856,2,0,1,0,1,0,1,0,0,1,0,0,0,0
656,2,1104.137877,0.238237213,2,0,0,0,0,1,0,1,0,0,1,0,0,0
317,4,91.2930701,0.199958464,1,1,0,0,0,1,0,1,0,1,0,0,0,0
496,7,159.9468605,0.300722974,2,0,1,0,1,0,1,0,0,1,0,0,0,0
450,6,1430.794858,0.207427589,2,1,0,0,1,0,0,0,1,0,1,0,0,0
414,2,1933.763493,0.250273074,1,0,0,0,0,1,1,0,0,1,0,0,0,0
497,5,55.23749783,0.11971837,2,0,0,0,1,0,0,1,0,1,0,0,0,0
273,4,299.3144802,0.326511847,0,0,0,0,0,1,0,0,1,1,0,0,0,0
705,7,793.6254826,0.077172582,2,1,1,0,1,0,0,1,0,0,0,1,0,0
141,6,2232.898616,0.289399166,2,0,0,0,1,0,1,0,0,0,1,0,0,0
607,6,676.5268529,0.388491308,2,0,0,0,0,1,1,0,0,0,0,1,0,0
434,4,1376.262293,0.491527407,1,0,0,0,1,0,1,0,0,1,0,0,0,0
265,4,2048.619704,0.092684439,0,0,1,0,1,0,1,0,0,0,0,0,0,1
540,6,585.5817388,0.399219049,2,0,0,0,1,0,1,0,0,0,0,1,0,0
188,8,1079.043407,0.223724134,2,0,1,0,0,1,0,1,0,1,0,0,0,0
507,1,868.7454123,0.210420973,1,0,1,0,1,0,0,0,1,0,1,0,0,0
215,2,890.2393065,0.499895916,1,0,0,0,1,0,1,0,0,1,0,0,0,0
592,4,582.3013294,0.517173275,1,0,0,0,0,1,0,1,0,0,1,0,0,0
315,1,780.8148763,0.128334331,2,1,0,0,1,0,0,1,0,1,0,0,0,0
409,1,646.6211037,0.714768703,2,0,1,0,1,0,0,1,0,0,1,0,0,0
558,3,812.3211258,0.262589799,2,0,0,0,1,0,1,0,0,0,0,1,0,0
345,4,562.8777373,0.340164768,2,0,0,1,0,0,1,0,0,0,0,1,0,0
488,1,201.3342364,0.474425161,3,0,1,0,1,0,0,1,0,0,0,1,0,0
197,5,946.3392474,0.458322932,3,0,1,0,1,0,1,0,0,1,0,0,0,0
626,3,387.647801,0.793077633,2,1,1,0,1,0,1,0,0,0,1,0,0,0
852,5,109.3355762,0.477838463,1,0,0,0,0,1,0,0,1,1,0,0,0,0
1058,5,1524.789719,0.273880175,0,0,1,0,0,1,0,0,1,1,0,0,0,0
518,5,160.0759814,0.416469316,2,0,0,0,1,0,1,0,0,1,0,0,0,0
657,5,622.4569802,0.298561775,2,0,0,0,1,0,0,1,0,0,0,1,0,0
143,5,1021.571472,0.185130903,1,0,0,0,0,1,0,1,0,0,0,1,0,0
800,3,834.6232469,0.270216607,1,0,0,0,1,0,1,0,0,0,0,0,1,0
655,5,140.3017005,0.457916382,0,1,0,0,0,1,1,0,0,1,0,0,0,0
403,3,172.6743393,0.269860485,1,0,0,0,1,0,0,1,0,0,0,1,0,0
747,3,128.9316271,0.382413204,0,1,0,0,1,0,1,0,0,1,0,0,0,0
449,3,60.25068997,0.288705557,1,0,0,0,1,0,1,0,0,1,0,0,0,0
408,3,266.4487503,0.576454411,1,0,0,0,0,1,0,0,1,1,0,0,0,0
595,5,594.1024777,0.394834988,2,0,0,0,1,0,1,0,0,1,0,0,0,0
287,5,151.9129595,0.480278785,0,0,0,0,1,0,0,1,0,1,0,0,0,0
704,3,2828.494793,0.21032502,1,0,1,0,1,0,0,0,1,1,0,0,0,0
288,3,960.0655902,0.209581966,0,0,0,0,1,0,0,0,1,0,0,1,0,0
289,3,700.5694135,0.767521253,0,0,1,0,1,0,0,1,0,1,0,0,0,0
318,4,915.101844,0.300352476,0,0,0,0,1,0,0,1,0,0,0,1,0,0
651,5,458.0899181,0.414039722,1,0,1,0,0,1,0,0,1,1,0,0,0,0
376,5,507.7640305,0.305798453,2,0,0,0,1,0,1,0,0,0,1,0,0,0
230,6,1756.16897,0.095777932,2,0,1,0,0,1,0,1,0,1,0,0,0,0
378,4,1023.933118,0.446278683,0,1,0,0,1,0,1,0,0,0,0,0,1,0
493,2,709.7484183,0.423999453,1,0,0,0,1,0,0,1,0,1,0,0,0,0
263,6,2399.993955,0.158915187,3,0,1,0,1,0,0,1,0,1,0,0,0,0
269,5,869.2867975,0.425117224,1,0,0,1,0,0,1,0,0,0,0,1,0,0
922,2,406.9158706,0.519031573,3,0,1,0,0,1,0,0,1,1,0,0,0,0
327,1,38.89679692,0.370076448,3,0,1,0,1,0,1,0,0,1,0,0,0,0
435,6,396.3242459,0.497295672,1,0,0,0,0,1,1,0,0,0,1,0,0,0
426,2,2070.144995,0.233725117,2,0,0,0,1,0,0,0,1,1,0,0,0,0
415,4,36.54189191,0.329451355,2,0,0,0,1,0,1,0,0,1,0,0,0,0
624,3,163.2245431,0.587568694,1,0,0,0,1,0,0,1,0,0,0,1,0,0
689,3,1323.328797,0.20440642,2,1,0,0,1,0,1,0,0,1,0,0,0,0
438,4,363.2473141,0.768452475,0,0,1,0,1,0,1,0,0,1,0,0,0,0
252,3,164.5363569,0.078692841,1,0,0,0,0,1,0,1,0,0,0,1,0,0
754,5,1352.801053,0.43649171,0,0,1,0,1,0,1,0,0,0,0,0,0,1
480,4,653.9524463,0.815146899,2,0,1,0,0,1,0,1,0,1,0,0,0,0
846,5,636.0791864,0.510000038,2,0,0,0,1,0,0,0,1,0,1,0,0,0
64,11,278.2683845,0.064455263,2,0,1,0,1,0,0,0,1,0,1,0,0,0
539,2,899.4757237,0.223284991,1,0,0,0,0,1,0,0,1,1,0,0,0,0
883,4,1583.393726,0.25591201,2,1,0,0,0,1,1,0,0,1,0,0,0,0
429,4,1109.692745,0.227424864,2,0,0,0,0,1,0,1,0,0,0,1,0,0
454,3,758.2789468,0.522116853,1,0,0,0,1,0,0,1,0,0,0,0,1,0
559,6,345.2660091,0.396722852,3,0,1,0,0,1,0,0,1,0,1,0,0,0
388,5,1543.734363,0.201811423,1,0,0,0,0,1,1,0,0,0,1,0,0,0
437,2,667.9669431,0.104368301,1,1,0,0,1,0,0,1,0,0,1,0,0,0
432,6,1762.805844,0.224928628,1,0,0,0,1,0,1,0,0,1,0,0,0,0
374,7,234.6152976,0.47711197,3,0,1,0,1,0,1,0,0,0,1,0,0,0
745,8,849.7367389,0.574264709,1,0,1,0,1,0,1,0,0,1,0,0,0,0
592,2,2189.022723,0.114358332,2,0,0,0,1,0,0,1,0,0,0,1,0,0
550,4,374.8334292,0.476149384,1,0,0,1,0,0,1,0,0,1,0,0,0,0
661,6,2417.108633,0.648709987,2,0,1,0,1,0,1,0,0,0,0,1,0,0
447,5,398.6724798,0.054388459,4,1,1,0,0,1,1,0,0,0,1,0,0,0
345,4,460.5587813,0.224261047,4,0,1,0,1,0,1,0,0,1,0,0,0,0
379,7,1313.764664,0.360359186,0,1,1,0,1,0,1,0,0,1,0,0,0,0
500,2,241.7187242,0.29630416,2,1,1,0,1,0,0,0,1,1,0,0,0,0
288,5,978.9950432,0.269606639,2,0,0,0,1,0,0,1,0,0,0,0,1,0
399,4,283.5011449,0.431330974,2,0,0,0,0,1,1,0,0,0,1,0,0,0
396,3,720.6690291,0.382895381,1,0,0,1,0,0,1,0,0,0,0,1,0,0
924,8,1196.747678,0.241055048,1,0,1,0,1,0,0,0,1,1,0,0,0,0
64,3,21.18961011,0.071723096,1,0,1,0,0,1,0,0,1,1,0,0,0,0
464,4,74.11082637,0.493390279,4,0,1,0,1,0,0,1,0,0,0,0,0,1
845,5,2179.03099,0.404646718,0,0,0,0,1,0,1,0,0,1,0,0,0,0
524,5,1353.514858,0.248104306,3,0,1,0,1,0,0,1,0,0,1,0,0,0
650,8,1676.518664,0.377784448,2,0,1,0,1,0,0,1,0,0,0,1,0,0
519,6,462.3443196,0.114391337,2,0,0,0,1,0,0,1,0,0,1,0,0,0
366,6,1008.01664,0.047087633,0,1,0,0,1,0,0,1,0,0,0,1,0,0
64,4,5090.132496,0.441426537,2,0,0,0,1,0,1,0,0,1,0,0,0,0
541,3,453.2556616,0.324048677,0,0,1,0,0,1,0,0,1,1,0,0,0,0
344,4,1500.703497,0.365543618,2,0,0,0,1,0,0,0,1,0,1,0,0,0
339,5,66.08206307,0.356430553,2,0,0,0,1,0,1,0,0,0,0,0,1,0
400,1,627.9691196,0.192796798,4,0,1,0,1,0,0,0,1,0,0,1,0,0
848,4,324.2598771,0.124553346,3,0,1,0,0,1,0,1,0,0,0,1,0,0
980,2,592.3426577,0.54483506,1,0,0,0,0,1,0,0,1,0,0,1,0,0
543,5,96.89783476,0.283781153,3,0,1,0,0,1,0,0,1,0,0,1,0,0
407,5,366.6901938,0.529251458,0,0,0,0,1,0,1,0,0,0,1,0,0,0
264,3,63.69334422,0.284422449,1,0,0,0,1,0,1,0,0,0,1,0,0,0
593,7,482.7814085,0.237622247,3,1,1,0,0,1,1,0,0,0,0,1,0,0
856,3,466.4230373,0.723792606,2,0,1,0,1,0,1,0,0,1,0,0,0,0
450,2,320.0360276,0.042311443,1,0,0,0,1,0,1,0,0,1,0,0,0,0
64,1,2370.024536,0.460076889,1,0,0,0,1,0,1,0,0,1,0,0,0,0
634,4,69.26028226,0.302359777,1,0,1,0,1,0,1,0,0,0,0,0,0,1
697,5,1393.820881,0.282505226,3,1,1,0,1,0,1,0,0,0,0,0,1,0
182,1,350.7136029,0.554878081,3,0,1,0,1,0,1,0,0,1,0,0,0,0
535,4,177.8288538,0.766202782,2,0,1,0,1,0,1,0,0,1,0,0,0,0
590,4,254.5777981,0.169141735,0,1,0,0,1,0,1,0,0,1,0,0,0,0
485,6,1857.363909,0.224260513,1,0,0,0,0,1,0,0,1,1,0,0,0,0
341,1,1393.91213,0.202945742,2,0,0,0,1,0,0,0,1,1,0,0,0,0
703,6,12.7064921,0.254229099,2,1,1,0,1,0,1,0,0,1,0,0,0,0
419,6,127.5056215,0.161717506,3,0,1,0,1,0,0,1,0,0,0,1,0,0
202,4,899.2108878,0.360998844,4,0,1,0,1,0,0,0,1,0,0,1,0,0
90,5,305.4934178,0.073788676,1,0,1,0,1,0,0,1,0,0,0,0,0,1
752,8,2012.039784,0.423556041,3,0,1,0,1,0,0,1,0,0,1,0,0,0
623,5,1235.300999,0.145140728,2,0,0,0,1,0,0,0,1,1,0,0,0,0
517,3,1663.801365,0.572016202,2,1,0,0,1,0,1,0,0,1,0,0,0,0
411,4,171.4168814,0.179573073,2,0,0,0,0,1,1,0,0,1,0,0,0,0
394,3,130.6791525,0.319323088,4,0,1,0,1,0,0,1,0,1,0,0,0,0
284,3,2149.774255,0.63851575,1,1,1,0,1,0,0,1,0,0,1,0,0,0
413,6,414.272187,0.681451935,1,0,1,0,1,0,1,0,0,0,1,0,0,0
75,5,429.8954613,0.104484687,1,0,0,1,0,0,0,0,1,0,1,0,0,0
352,4,923.0564026,0.175159694,2,1,0,0,1,0,0,0,1,1,0,0,0,0
437,1,405.2691846,0.142528849,1,0,0,0,0,1,1,0,0,1,0,0,0,0
621,7,1664.778804,0.157341331,2,0,1,0,1,0,0,1,0,0,0,1,0,0
492,1,2556.809054,0.647648279,1,1,1,0,1,0,0,0,1,1,0,0,0,0
658,3,323.395472,0.750159438,0,0,1,0,1,0,1,0,0,1,0,0,0,0
769,2,186.6133667,0.364048869,2,0,0,0,1,0,1,0,0,0,0,1,0,0
711,3,62.63359809,0.7205491,2,1,1,0,1,0,0,0,1,1,0,0,0,0
594,2,193.0081225,0.574810506,1,0,0,0,1,0,1,0,0,1,0,0,0,0
502,1,120.1425934,0.082860841,2,0,1,0,1,0,1,0,0,0,0,1,0,0
303,5,23.64219675,0.470739955,2,0,0,0,1,0,1,0,0,1,0,0,0,0
647,7,38.22493207,0.319245803,1,0,1,0,1,0,0,0,1,0,0,0,1,0
835,1,569.6417857,0.534336993,2,1,0,0,0,1,1,0,0,1,0,0,0,0
568,2,984.2365283,0.743841614,2,0,1,0,0,1,1,0,0,0,0,0,0,1
883,4,3271.873758,0.774711261,0,0,1,0,1,0,0,1,0,0,1,0,0,0
194,6,135.3793983,0.283719711,1,0,0,1,0,0,1,0,0,0,0,1,0,0
269,2,958.4716381,0.209207947,3,0,1,0,1,0,1,0,0,1,0,0,0,0
671,4,645.9435396,0.704692414,2,0,1,0,1,0,1,0,0,0,0,1,0,0
552,4,520.2624282,0.235416845,0,0,0,0,1,0,0,1,0,1,0,0,0,0
762,3,1023.648322,0.594285114,3,0,1,0,1,0,1,0,0,0,0,1,0,0
496,3,218.1352553,0.322642177,1,0,1,0,1,0,1,0,0,0,0,1,0,0
326,2,298.3500258,0.598735691,1,0,0,0,1,0,0,0,1,1,0,0,0,0
457,4,388.4008312,0.257110375,1,0,1,0,1,0,1,0,0,0,0,0,0,1
193,3,161.1019296,0.231081809,2,0,0,0,1,0,0,0,1,1,0,0,0,0
274,1,521.0231464,0.739409599,2,0,1,0,0,1,0,1,0,0,0,1,0,0
694,2,113.1278879,0.648594892,2,0,1,0,0,1,0,0,1,0,0,1,0,0
674,1,306.3484447,0.18444495,2,0,1,0,1,0,1,0,0,1,0,0,0,0
572,8,96.07462167,0.136517919,2,0,1,0,1,0,1,0,0,0,1,0,0,0
155,6,29.23407206,0.491996409,1,1,0,0,1,0,0,1,0,0,0,1,0,0
428,3,351.0644315,0.346912728,3,0,1,0,1,0,1,0,0,0,0,0,0,1
255,5,768.9267967,0.577538805,2,1,0,0,1,0,0,1,0,1,0,0,0,0
735,2,131.7960466,0.351021465,2,0,0,0,1,0,1,0,0,0,0,0,1,0
383,6,4023.51263,0.370030113,0,1,1,0,1,0,1,0,0,0,0,1,0,0
282,3,256.5481447,0.549466296,1,0,0,0,1,0,0,0,1,1,0,0,0,0
505,4,18.36501244,0.143283944,2,0,0,1,0,0,0,1,0,1,0,0,0,0
371,2,22.74784512,0.402072289,1,0,0,0,0,1,0,1,0,1,0,0,0,0
796,3,878.6545706,0.355511855,2,0,1,0,1,0,1,0,0,0,1,0,0,0
353,6,886.6158945,0.194560599,1,0,0,0,1,0,0,1,0,1,0,0,0,0
220,4,1863.988465,0.510480188,2,1,0,0,0,1,1,0,0,0,1,0,0,0
69,2,76.18848288,0.383919444,2,0,1,0,1,0,0,0,1,0,1,0,0,0
493,5,377.756626,0.631597917,1,0,1,0,1,0,1,0,0,1,0,0,0,0
387,4,1760.550701,0.45360871,0,0,0,0,1,0,0,0,1,1,0,0,0,0
214,7,1278.313059,0.58880021,1,1,1,0,1,0,0,0,1,0,1,0,0,0
737,6,212.6840098,0.637905227,1,0,1,0,0,1,1,0,0,0,0,0,1,0
633,4,1765.582126,0.568846337,1,0,1,0,1,0,1,0,0,0,0,0,0,1
494,5,913.5913089,0.523828869,0,0,0,0,1,0,0,0,1,1,0,0,0,0
772,2,245.5648112,0.666065435,1,0,1,0,1,0,0,1,0,1,0,0,0,0
632,5,36.68805089,0.086627337,2,0,1,0,1,0,1,0,0,1,0,0,0,0
335,5,550.4372995,0.274333306,1,0,0,0,1,0,0,0,1,0,0,1,0,0
292,3,998.8348288,0.714151774,2,0,1,0,0,1,0,0,1,0,0,0,1,0
663,2,250.2841431,0.526982894,2,0,0,0,1,0,1,0,0,1,0,0,0,0
579,5,147.8462882,0.308068845,0,0,1,0,1,0,0,0,1,1,0,0,0,0
533,8,62.61249561,0.479451988,2,0,1,0,1,0,0,1,0,0,0,1,0,0
330,5,1476.253006,0.321283571,0,0,1,0,1,0,1,0,0,0,1,0,0,0
621,4,45.02895095,0.677412354,1,0,1,0,1,0,1,0,0,1,0,0,0,0
348,3,752.0647255,0.224038099,3,0,1,0,1,0,0,0,1,1,0,0,0,0
479,4,1152.577529,0.158674394,3,0,1,0,1,0,1,0,0,1,0,0,0,0
789,4,1213.056354,0.111193723,1,0,1,0,1,0,1,0,0,1,0,0,0,0
367,3,848.3596675,0.340952698,0,0,0,0,1,0,0,1,0,1,0,0,0,0
185,1,846.2741186,0.323535965,2,0,0,1,0,0,1,0,0,0,0,1,0,0
289,3,514.1030506,0.404673448,4,0,1,0,1,0,0,1,0,0,0,1,0,0
698,4,431.2523126,0.127392359,2,0,1,0,1,0,1,0,0,1,0,0,0,0
550,4,118.2014236,0.06811271,1,0,0,0,1,0,1,0,0,1,0,0,0,0
474,5,613.1831599,0.229263482,2,0,1,0,1,0,0,1,0,1,0,0,0,0
398,2,58.94293841,0.031067529,2,1,0,0,1,0,0,1,0,1,0,0,0,0
597,2,505.1859679,0.030921078,2,0,0,0,1,0,0,1,0,0,1,0,0,0
330,4,1050.140033,0.162253368,3,1,1,0,1,0,0,1,0,0,1,0,0,0
561,2,467.9552698,0.851230004,3,0,1,0,1,0,1,0,0,1,0,0,0,0
353,7,567.8815136,0.483713423,3,0,1,0,1,0,1,0,0,1,0,0,0,0
320,3,1477.17135,0.13778558,3,0,1,0,1,0,1,0,0,1,0,0,0,0
372,1,832.0837637,0.458317195,1,0,0,0,1,0,1,0,0,0,0,1,0,0
424,2,109.2026244,0.215410993,1,0,0,0,1,0,0,0,1,0,0,0,1,0
490,5,626.3474131,0.200829604,1,0,0,0,0,1,0,1,0,0,1,0,0,0
547,3,362.7694391,0.647354234,2,0,1,0,0,1,1,0,0,0,1,0,0,0
64,1,185.3767383,0.498797247,0,1,0,0,1,0,1,0,0,0,0,0,1,0
338,5,835.2281054,0.601944434,1,1,1,0,1,0,0,0,1,0,0,1,0,0
421,1,390.8643445,0.239018337,0,0,0,0,1,0,0,0,1,1,0,0,0,0
801,7,1166.42799,0.14170601,2,0,1,0,1,0,0,1,0,0,1,0,0,0
283,4,706.4797355,0.397086416,1,0,0,0,1,0,0,1,0,0,0,1,0,0
532,5,88.08104983,0.408523279,0,1,0,0,1,0,0,0,1,0,1,0,0,0
799,7,345.0563307,0.4307406,0,0,1,0,0,1,0,1,0,0,0,1,0,0
237,3,251.5964841,0.336556479,3,0,1,0,1,0,0,1,0,0,1,0,0,0
578,3,129.989325,0.319372108,3,0,1,0,1,0,0,0,1,1,0,0,0,0
339,2,1288.428854,0.21201702,2,0,1,0,0,1,1,0,0,0,0,1,0,0
399,1,380.5324435,0.220117258,1,1,0,0,1,0,0,1,0,1,0,0,0,0
339,3,759.9997331,0.36105143,1,1,0,0,1,0,1,0,0,1,0,0,0,0
353,2,1709.738695,0.120099032,3,0,1,0,1,0,1,0,0,1,0,0,0,0
1044,3,626.4690829,0.506207795,3,0,1,0,1,0,0,0,1,0,1,0,0,0
668,1,238.8116827,0.384422939,2,0,0,0,1,0,0,1,0,1,0,0,0,0
720,5,1251.13123,0.088633738,2,0,1,0,1,0,1,0,0,0,0,1,0,0
598,1,457.8131185,0.831770373,0,0,1,0,1,0,0,1,0,0,1,0,0,0
178,2,663.7905568,0.373159639,2,0,0,0,1,0,0,0,1,1,0,0,0,0
578,3,1858.909856,0.257726117,1,0,0,0,1,0,0,0,1,1,0,0,0,0
714,3,537.5394874,0.218221569,1,0,0,0,0,1,0,1,0,0,0,1,0,0
329,2,326.0068168,0.523574811,3,0,1,0,1,0,0,1,0,1,0,0,0,0
693,6,1039.780966,0.449961676,3,0,1,0,1,0,0,1,0,0,0,1,0,0
640,5,114.6349277,0.290287748,3,0,1,0,1,0,0,1,0,0,1,0,0,0
870,2,1960.165153,0.117570012,1,0,0,0,1,0,0,0,1,0,0,1,0,0
416,1,1977.242254,0.293589445,1,0,0,0,1,0,1,0,0,1,0,0,0,0
280,5,692.8723815,0.414558141,2,0,0,0,0,1,0,1,0,0,1,0,0,0
427,6,134.0685372,0.172853127,1,0,0,0,1,0,1,0,0,1,0,0,0,0
787,5,481.3169677,0.255311416,2,1,0,0,0,1,0,1,0,1,0,0,0,0
134,6,440.3534458,0.363896246,1,0,1,0,0,1,1,0,0,1,0,0,0,0
86,4,283.4150284,0.116520194,3,0,1,1,0,0,0,0,1,0,1,0,0,0
517,7,153.9946087,0.432015071,3,0,1,0,1,0,0,1,0,0,0,1,0,0
411,3,244.8892898,0.600919466,2,0,1,1,0,0,0,0,1,1,0,0,0,0
501,3,648.6954718,0.067294783,1,0,0,0,1,0,0,0,1,0,0,1,0,0
689,3,925.9430792,0.081165645,0,0,0,0,1,0,0,0,1,1,0,0,0,0
389,4,3113.626463,0.110236905,1,0,0,0,1,0,1,0,0,1,0,0,0,0
125,4,194.4305006,0.325591412,1,1,0,1,0,0,1,0,0,0,1,0,0,0
908,4,182.5411946,0.32893343,2,0,0,0,1,0,1,0,0,0,0,0,1,0
300,4,99.5742745,0.131335091,0,0,0,0,1,0,0,1,0,1,0,0,0,0
288,3,2237.419743,0.67502844,0,0,1,0,1,0,1,0,0,1,0,0,0,0
720,4,384.818136,0.286463468,1,0,0,0,1,0,0,0,1,0,0,0,1,0
423,4,2061.415463,0.734728914,0,0,1,0,1,0,1,0,0,0,1,0,0,0
487,5,1761.72493,0.525485646,1,1,0,0,0,1,0,1,0,1,0,0,0,0
596,3,35.97756357,0.433625838,1,0,0,1,0,0,0,0,1,1,0,0,0,0
716,4,262.5490282,0.236974532,4,1,1,0,0,1,0,0,1,1,0,0,0,0
433,5,288.2284753,0.219828937,1,0,1,0,1,0,1,0,0,0,1,0,0,0
803,2,259.8609565,0.261092832,2,0,0,0,1,0,1,0,0,1,0,0,0,0
72,2,443.1755449,0.582730336,2,0,0,0,1,0,0,1,0,0,0,0,1,0
651,5,553.4110753,0.068313943,1,0,1,0,1,0,0,1,0,1,0,0,0,0
332,5,1135.71357,0.388998123,1,0,0,0,1,0,0,1,0,0,1,0,0,0
774,3,249.2551759,0.22879885,2,0,0,0,0,1,1,0,0,1,0,0,0,0
528,6,283.9088419,0.505680163,0,0,0,0,1,0,1,0,0,1,0,0,0,0
365,6,730.2487081,0.537384929,2,1,0,0,0,1,1,0,0,0,1,0,0,0
632,4,158.0478576,0.326573238,2,0,0,0,0,1,1,0,0,1,0,0,0,0
678,5,512.736594,0.438942927,3,0,1,0,1,0,1,0,0,1,0,0,0,0
628,2,231.1971217,0.075440197,2,0,0,1,0,0,0,0,1,1,0,0,0,0
294,3,176.5074635,0.612933376,1,0,1,0,0,1,1,0,0,1,0,0,0,0
403,5,1270.348899,0.491728489,2,0,1,0,1,0,0,1,0,0,0,0,0,1
499,2,982.4014886,0.395113207,0,0,0,0,1,0,0,0,1,0,0,0,1,0
491,6,229.9458049,0.418055275,0,0,1,0,1,0,1,0,0,0,0,0,0,1
649,4,429.15208,0.314873454,3,0,1,0,1,0,1,0,0,0,1,0,0,0
97,5,134.0006425,0.301833088,0,0,0,0,1,0,1,0,0,0,1,0,0,0
566,3,43.70725377,0.235915167,0,0,0,0,1,0,1,0,0,1,0,0,0,0
442,7,704.0060085,0.151292388,4,1,1,0,1,0,0,1,0,1,0,0,0,0
332,3,361.4969127,0.197586749,1,0,0,0,1,0,1,0,0,0,0,0,0,1
351,2,185.799111,0.280729267,2,0,0,0,1,0,0,1,0,1,0,0,0,0
457,2,97.37815994,0.651385106,2,0,1,0,1,0,1,0,0,0,0,1,0,0
64,4,911.6169361,0.650047671,1,0,1,0,1,0,0,0,1,0,0,1,0,0
359,4,253.3702046,0.065643395,0,1,0,0,1,0,1,0,0,1,0,0,0,0
324,1,1903.477108,0.375463104,0,0,0,0,1,0,1,0,0,0,0,0,1,0
606,4,171.3526473,0.458209228,1,0,0,0,0,1,1,0,0,1,0,0,0,0
338,3,223.5331847,0.230766317,3,0,1,0,1,0,1,0,0,0,0,0,1,0
456,4,1527.001399,0.177116743,1,0,0,0,1,0,1,0,0,0,0,1,0,0
808,5,679.7111669,0.595872633,3,0,1,0,1,0,1,0,0,1,0,0,0,0
698,8,91.77100363,0.539154016,2,0,1,0,1,0,0,0,1,0,0,1,0,0
680,1,637.8470662,0.202554619,2,1,1,0,1,0,1,0,0,0,0,1,0,0
400,4,294.6835111,0.422921741,0,1,0,0,1,0,1,0,0,0,0,1,0,0
608,3,1068.303661,0.369045063,2,0,0,0,0,1,0,1,0,1,0,0,0,0
453,1,64.78596043,0.511271929,2,0,1,0,0,1,1,0,0,0,0,1,0,0
460,5,1999.713013,0.503384741,1,0,1,0,1,0,1,0,0,0,0,1,0,0
581,5,520.3806316,0.153459431,1,0,0,0,0,1,0,0,1,0,1,0,0,0
380,3,1060.265268,0.369104583,0,0,0,0,1,0,1,0,0,0,0,1,0,0
798,1,975.7067495,0.352759599,1,0,0,0,0,1,0,1,0,1,0,0,0,0
467,7,157.0560798,0.022691337,1,0,1,0,1,0,0,0,1,1,0,0,0,0
623,7,1696.83291,0.084744001,1,1,1,0,1,0,1,0,0,1,0,0,0,0
791,5,211.9032852,0.28778581,1,0,1,0,1,0,1,0,0,0,0,1,0,0
706,8,169.1373388,0.22831252,1,1,1,0,1,0,1,0,0,1,0,0,0,0
218,5,588.2458198,0.522541703,1,0,1,0,0,1,1,0,0,0,0,0,0,1
588,4,3335.945185,0.224340791,0,1,1,0,1,0,0,0,1,0,0,0,0,1
670,6,300.7963681,0.089547929,1,0,1,0,1,0,1,0,0,1,0,0,0,0
678,5,2669.479191,0.124598157,1,0,1,0,1,0,0,1,0,0,0,0,0,1
277,3,456.8727809,0.028229511,1,0,0,0,1,0,0,0,1,0,0,1,0,0
368,2,1439.877289,0.085962927,2,0,0,0,1,0,0,1,0,0,0,1,0,0
698,5,603.9914291,0.250461276,2,0,1,1,0,0,0,1,0,0,1,0,0,0
347,3,183.79344,0.436120475,1,1,0,0,0,1,0,0,1,0,0,1,0,0
440,4,1696.165769,0.311794049,2,0,1,0,1,0,0,1,0,0,1,0,0,0
815,5,59.74973866,0.486550275,0,1,0,0,1,0,0,0,1,1,0,0,0,0
490,3,918.4634028,0.185590998,0,0,0,0,1,0,1,0,0,0,0,0,1,0
354,5,1421.142691,0.505477122,1,0,0,0,0,1,0,1,0,1,0,0,0,0
324,5,1427.15432,0.175955243,2,0,0,0,0,1,1,0,0,1,0,0,0,0
566,4,852.0625929,0.403852294,2,0,0,0,1,0,0,0,1,0,1,0,0,0
233,4,231.2102546,0.61922687,3,1,1,0,0,1,0,1,0,1,0,0,0,0
450,2,606.8601271,0.49363965,1,0,0,0,1,0,0,1,0,0,0,0,0,1
566,4,794.3998853,0.633257231,1,0,1,0,1,0,1,0,0,1,0,0,0,0
759,4,1763.600127,0.371646604,1,0,0,0,0,1,1,0,0,1,0,0,0,0
633,1,139.1666014,0.629745624,1,0,1,0,1,0,1,0,0,1,0,0,0,0
357,3,500.2703348,0.677923569,1,0,1,0,1,0,1,0,0,1,0,0,0,0
735,3,324.1352463,0.257723398,2,1,0,0,1,0,1,0,0,1,0,0,0,0
440,4,446.4908649,0.594204923,2,0,0,0,1,0,0,1,0,0,0,1,0,0
252,3,161.7412515,0.456982667,0,0,0,0,1,0,0,1,0,1,0,0,0,0
465,5,196.1384281,0.212075156,1,1,0,0,0,1,0,1,0,0,0,1,0,0
787,1,1175.215517,0.1571805,2,0,0,0,1,0,0,1,0,0,0,0,0,1
533,10,520.6471173,0.254381686,2,0,1,0,0,1,0,0,1,0,0,0,1,0
502,3,577.4796813,0.378345411,2,0,0,0,1,0,1,0,0,0,0,1,0,0
827,8,1822.143131,0.336923463,0,0,1,0,1,0,0,1,0,1,0,0,0,0
213,2,219.528028,0.641445278,1,0,1,1,0,0,1,0,0,1,0,0,0,0
242,2,319.5127402,0.284043873,1,0,0,0,1,0,0,1,0,1,0,0,0,0
176,5,295.2483468,0.233933974,2,0,0,0,1,0,0,1,0,0,1,0,0,0
574,3,861.2571288,0.20509638,0,0,0,0,1,0,0,1,0,0,1,0,0,0
533,7,661.2527489,0.245540193,2,0,1,0,1,0,0,1,0,0,0,1,0,0
808,2,510.2375275,0.545267298,0,1,0,0,1,0,1,0,0,0,0,1,0,0
548,6,882.0585105,0.370294754,1,0,0,0,0,1,1,0,0,1,0,0,0,0
419,5,529.1926866,0.288963077,0,0,0,1,0,0,0,1,0,1,0,0,0,0
500,4,1354.070231,0.373117008,1,0,0,0,1,0,0,1,0,1,0,0,0,0
523,3,422.4359256,0.150431534,2,0,0,0,0,1,1,0,0,0,0,1,0,0
165,1,1770.251162,0.57929678,1,0,0,0,0,1,1,0,0,0,0,0,1,0
1042,1,101.9304348,0.151095715,3,0,1,0,0,1,0,1,0,0,0,1,0,0
603,6,78.92693574,0.284708792,1,0,1,0,1,0,0,0,1,0,0,0,0,1
542,4,852.9970485,0.453223755,1,0,0,0,1,0,0,1,0,1,0,0,0,0
623,5,395.0514042,0.199310563,2,0,0,0,1,0,1,0,0,1,0,0,0,0
641,5,486.624873,0.215315513,1,1,1,0,1,0,1,0,0,0,0,0,0,1
471,1,952.631127,0.636243962,2,0,1,0,1,0,0,1,0,1,0,0,0,0
373,6,193.1879681,0.038350842,3,0,1,0,1,0,0,1,0,0,0,1,0,0
619,4,35.93762453,0.584999709,1,1,1,0,1,0,1,0,0,0,0,1,0,0
577,3,462.2695194,0.567836512,2,0,1,0,1,0,1,0,0,1,0,0,0,0
338,6,1800.946069,0.13832519,1,0,0,0,1,0,0,1,0,1,0,0,0,0
783,4,479.3435988,0.39996814,2,1,0,0,1,0,1,0,0,0,0,1,0,0
558,5,678.839016,0.327578834,2,0,1,0,0,1,1,0,0,0,0,0,0,1
645,4,186.9269964,0.32309856,1,0,1,0,1,0,0,0,1,0,0,1,0,0
778,5,499.0072561,0.506620307,3,0,1,0,0,1,0,0,1,0,0,1,0,0
504,2,524.1488279,0.249369483,4,1,1,1,0,0,0,1,0,0,0,1,0,0
563,5,214.4512526,0.626147764,1,0,1,0,0,1,1,0,0,1,0,0,0,0
662,2,143.1067798,0.786121412,0,0,1,0,0,1,1,0,0,1,0,0,0,0
355,5,344.9436487,0.517066539,2,0,0,0,0,1,1,0,0,0,0,1,0,0
510,2,31.71269546,0.20867054,0,0,0,0,1,0,1,0,0,1,0,0,0,0
525,3,145.6509853,0.215482342,0,0,0,1,0,0,1,0,0,0,0,0,1,0
308,2,1051.48708,0.469685669,1,0,0,0,0,1,1,0,0,1,0,0,0,0
963,2,837.8803714,0.354075324,2,0,0,0,0,1,0,1,0,0,0,0,0,1
218,4,300.0815942,0.235530021,1,0,0,0,1,0,0,1,0,1,0,0,0,0
240,2,640.8745504,0.339221185,1,0,0,0,1,0,1,0,0,1,0,0,0,0
762,6,1414.676367,0.67112566,1,0,1,0,1,0,1,0,0,1,0,0,0,0
642,8,1461.800065,0.337937926,0,0,1,0,1,0,0,1,0,0,1,0,0,0
294,5,849.9251416,0.367014031,3,0,1,0,0,1,1,0,0,1,0,0,0,0
621,4,105.9601075,0.185578415,1,1,0,0,1,0,1,0,0,1,0,0,0,0
793,1,142.2496174,0.647955949,1,0,1,0,1,0,1,0,0,1,0,0,0,0
493,4,275.8797697,0.0672279,2,0,0,0,1,0,0,1,0,1,0,0,0,0
1019,5,888.6646795,0.236007824,2,0,0,0,1,0,0,1,0,1,0,0,0,0
155,7,238.7290007,0.288655698,0,0,1,0,1,0,0,1,0,1,0,0,0,0
638,10,499.5426531,0.692553373,0,0,1,0,1,0,1,0,0,1,0,0,0,0
733,6,1396.781987,0.237152381,1,0,0,0,1,0,0,1,0,1,0,0,0,0
678,3,1778.825068,0.464807187,2,0,1,0,1,0,1,0,0,0,0,1,0,0
459,6,1458.82486,0.319511414,1,0,0,0,1,0,1,0,0,0,0,1,0,0
441,3,99.03567094,0.856975412,1,0,1,0,0,1,0,1,0,1,0,0,0,0
588,3,1933.087974,0.440933712,0,0,0,0,0,1,0,1,0,0,1,0,0,0
663,2,921.9617177,0.270251232,1,0,0,0,0,1,1,0,0,1,0,0,0,0
620,4,771.5167611,0.471221814,1,0,0,0,1,0,1,0,0,0,0,1,0,0
708,8,227.5313767,0.688947464,3,0,1,0,1,0,1,0,0,1,0,0,0,0
296,5,2107.407223,0.213098259,1,0,0,0,1,0,0,1,0,0,1,0,0,0
454,2,14.0108296,0.559825703,2,1,0,1,0,0,0,1,0,0,0,0,0,1
311,2,68.60843035,0.244321939,1,0,1,0,0,1,1,0,0,1,0,0,0,0
422,5,133.4810661,0.660665159,0,0,1,0,1,0,0,1,0,0,0,0,0,1
703,4,947.7138328,0.06774714,0,0,0,0,0,1,0,1,0,1,0,0,0,0
521,3,780.1052869,0.285288186,1,0,0,0,1,0,1,0,0,0,1,0,0,0
1021,5,2315.66477,0.545002078,3,0,1,0,1,0,1,0,0,0,0,0,1,0
538,4,343.3740429,0.203198671,1,0,0,0,1,0,0,0,1,0,0,1,0,0
511,3,341.6984551,0.42349718,2,0,0,0,1,0,0,1,0,1,0,0,0,0
521,6,885.8012195,0.187776179,1,0,0,0,1,0,1,0,0,1,0,0,0,0
372,5,153.0806834,0.485240859,2,0,1,0,0,1,0,1,0,0,1,0,0,0
488,2,498.9605378,0.34261791,2,0,0,0,1,0,0,0,1,1,0,0,0,0
725,5,12.44286506,0.351043704,1,0,0,0,1,0,1,0,0,1,0,0,0,0
522,3,717.2679527,0.198304932,0,0,0,0,0,1,0,1,0,0,1,0,0,0
341,3,1225.945921,0.410073156,0,0,0,0,1,0,1,0,0,0,1,0,0,0
314,4,182.2780079,0.171413219,1,1,0,0,1,0,1,0,0,1,0,0,0,0
409,9,293.5772606,0.522734224,1,0,1,0,1,0,0,1,0,1,0,0,0,0
514,1,113.1027738,0.276348304,0,0,0,0,1,0,1,0,0,1,0,0,0,0
738,2,765.0123664,0.264054248,0,0,0,0,1,0,0,0,1,0,0,1,0,0
231,4,664.1280982,0.437343336,2,0,0,0,1,0,0,1,0,1,0,0,0,0
436,7,1400.783557,0.473523849,4,0,1,0,1,0,1,0,0,0,0,0,1,0
528,4,2814.464719,0.333917102,3,1,1,0,1,0,0,1,0,1,0,0,0,0
133,2,3290.508022,0.268496776,3,1,1,0,0,1,0,1,0,0,0,1,0,0
333,4,90.68526663,0.439552336,0,1,0,0,0,1,1,0,0,1,0,0,0,0
364,5,644.4016998,0.408785239,0,1,1,0,0,1,1,0,0,1,0,0,0,0
340,2,1247.203962,0.116725117,2,1,0,0,1,0,1,0,0,1,0,0,0,0
538,5,860.6585486,0.353295249,3,0,1,0,1,0,1,0,0,1,0,0,0,0
467,4,1818.317913,0.49862345,1,0,0,0,0,1,0,1,0,1,0,0,0,0
388,3,466.3145565,0.605152026,1,0,1,0,1,0,1,0,0,1,0,0,0,0
585,3,445.631191,0.352149933,1,0,0,0,1,0,1,0,0,0,0,1,0,0
844,6,21.16762274,0.21572942,0,0,0,0,0,1,1,0,0,0,0,1,0,0
827,3,12.6188514,0.288389457,1,1,1,0,1,0,1,0,0,1,0,0,0,0
115,5,943.8040071,0.416464503,1,0,1,0,1,0,0,1,0,1,0,0,0,0
615,3,510.118736,0.185199089,2,0,0,0,0,1,1,0,0,0,1,0,0,0
464,6,863.5909468,0.092491468,2,0,0,0,0,1,1,0,0,1,0,0,0,0
531,5,217.6804309,0.215426126,2,0,0,0,1,0,1,0,0,1,0,0,0,0
420,4,1590.758432,0.284002926,0,0,1,0,1,0,0,1,0,1,0,0,0,0
523,7,1865.318779,0.120622733,2,0,1,0,1,0,0,1,0,1,0,0,0,0
530,4,868.4701064,0.328780436,1,1,0,0,0,1,0,0,1,0,0,1,0,0
384,3,260.3640187,0.621888381,2,1,1,0,1,0,0,1,0,0,0,1,0,0
320,4,194.8361752,0.4894366,1,1,0,0,1,0,0,0,1,0,1,0,0,0
410,4,785.7304952,0.471140091,1,1,0,1,0,0,0,1,0,1,0,0,0,0
546,5,2261.169444,0.120689355,3,0,1,0,1,0,0,1,0,1,0,0,0,0
619,4,690.4131779,0.133269691,3,0,1,0,0,1,0,0,1,0,0,1,0,0
670,8,1462.596919,0.213069737,3,0,1,1,0,0,1,0,0,1,0,0,0,0
401,4,666.6735826,0.301791557,2,0,0,0,1,0,0,0,1,1,0,0,0,0
556,7,898.1632481,0.229984679,2,0,1,0,0,1,1,0,0,0,0,1,0,0
692,7,671.0502397,0.210307639,1,0,1,0,1,0,0,1,0,1,0,0,0,0
733,9,685.2178862,0.247845765,3,1,1,0,0,1,0,1,0,0,1,0,0,0
488,6,1075.354833,0.490329892,1,0,1,0,0,1,1,0,0,0,1,0,0,0
455,6,403.6686228,0.44622576,2,0,0,0,1,0,0,0,1,1,0,0,0,0
538,8,1874.706457,0.032269993,3,0,1,0,0,1,0,0,1,1,0,0,0,0
270,5,1593.102619,0.398497499,1,1,1,0,0,1,0,1,0,0,0,0,0,1
461,3,1033.702077,0.37345339,3,1,1,0,1,0,1,0,0,0,0,1,0,0
648,6,1088.271125,0.246966916,3,0,1,0,1,0,0,1,0,0,0,0,0,1
628,2,426.5126233,0.433347744,0,0,0,0,1,0,1,0,0,0,0,1,0,0
445,3,1429.544003,0.173996629,1,0,1,0,1,0,0,0,1,1,0,0,0,0
543,7,2157.801375,0.466017174,3,0,1,1,0,0,1,0,0,0,0,1,0,0
335,6,1268.376382,0.272365777,0,1,0,0,0,1,0,1,0,0,0,0,1,0
640,2,114.1941762,0.307208557,1,0,0,0,1,0,0,1,0,0,0,1,0,0
484,1,1235.751737,0.294401119,2,0,0,0,1,0,1,0,0,1,0,0,0,0
444,1,499.7503252,0.158873689,1,0,0,0,1,0,0,1,0,1,0,0,0,0
427,3,750.6235978,0.224250971,2,0,1,0,1,0,1,0,0,0,0,1,0,0
487,3,3782.770935,0.080773191,3,0,1,0,1,0,1,0,0,1,0,0,0,0
410,1,356.2236002,0.324419657,1,0,0,0,1,0,0,0,1,1,0,0,0,0
631,3,342.8171618,0.26245554,1,1,0,0,1,0,1,0,0,0,0,1,0,0
420,5,244.2782696,0.523902732,2,0,0,1,0,0,1,0,0,1,0,0,0,0
818,3,108.7686115,0.321456594,1,1,0,0,1,0,1,0,0,0,0,1,0,0
793,4,147.3052817,0.375015373,1,0,0,0,1,0,1,0,0,1,0,0,0,0
321,3,577.6802293,0.335496005,2,0,0,0,1,0,0,1,0,0,1,0,0,0
513,4,1924.579146,0.08801676,3,0,1,1,0,0,1,0,0,1,0,0,0,0
369,7,1328.160941,0.248304318,1,0,1,0,0,1,1,0,0,1,0,0,0,0
434,3,161.1957442,0.208587805,2,0,0,0,0,1,0,0,1,1,0,0,0,0
900,1,659.863351,0.042910698,2,0,0,0,1,0,0,1,0,0,0,1,0,0
438,3,1501.459952,0.144291031,2,0,1,0,1,0,1,0,0,0,0,0,1,0
572,3,620.3418322,0.258797204,2,1,0,0,1,0,0,0,1,1,0,0,0,0
608,2,1939.188824,0.20234629,2,1,0,0,1,0,0,0,1,1,0,0,0,0
299,4,1907.773636,0.72301372,0,0,1,0,1,0,1,0,0,1,0,0,0,0
328,3,342.4680524,0.314721436,2,0,0,0,0,1,0,0,1,1,0,0,0,0
258,6,1656.731666,0.158500908,0,0,0,0,1,0,0,1,0,0,0,1,0,0
322,4,703.8046744,0.463318507,2,0,0,0,1,0,0,0,1,1,0,0,0,0
64,4,522.9047615,0.286198651,2,0,1,0,0,1,0,0,1,0,0,1,0,0
608,3,1190.715801,0.311015259,1,0,0,0,1,0,0,1,0,0,0,1,0,0
910,4,1247.05956,0.088651819,2,1,0,0,1,0,1,0,0,1,0,0,0,0
529,3,900.1844129,0.176715951,3,0,1,0,1,0,0,0,1,1,0,0,0,0
216,8,1332.35709,0.49462888,3,0,1,0,1,0,0,1,0,0,0,0,1,0
371,7,2419.699114,0.349520041,1,0,1,0,0,1,1,0,0,1,0,0,0,0
408,4,1651.405633,0.227516647,1,0,1,0,1,0,1,0,0,0,0,0,1,0
296,2,61.72367394,0.353802958,2,0,0,0,0,1,1,0,0,0,0,1,0,0
672,3,1517.850546,0.249591464,1,0,1,0,0,1,0,0,1,1,0,0,0,0
662,2,1216.876807,0.119693548,0,1,0,0,0,1,0,0,1,1,0,0,0,0
268,7,2091.007639,0.116148083,0,0,1,0,1,0,1,0,0,1,0,0,0,0
645,1,1076.33373,0.176687231,1,0,0,0,1,0,1,0,0,0,0,1,0,0
805,1,1682.027421,0.164604187,5,1,1,0,1,0,1,0,0,1,0,0,0,0
880,2,8.217065417,0.591024878,1,0,0,0,1,0,0,1,0,1,0,0,0,0
1073,4,3046.322283,0.387610517,0,0,0,0,0,1,0,0,1,1,0,0,0,0
319,2,169.4724413,0.327026811,1,0,0,0,1,0,0,1,0,0,1,0,0,0
1064,3,1597.431782,0.07965398,1,1,0,0,0,1,0,1,0,0,1,0,0,0
429,6,2122.97045,0.131885655,1,0,0,0,1,0,1,0,0,0,0,1,0,0
381,4,1.780727155,0.219639389,1,0,0,0,1,0,1,0,0,0,0,1,0,0
565,13,1959.737471,0.368301531,3,0,1,0,0,1,1,0,0,1,0,0,0,0
383,6,1413.865258,0.302883961,0,0,0,0,1,0,1,0,0,1,0,0,0,0
579,3,2045.080659,0.115033099,2,0,0,0,0,1,1,0,0,1,0,0,0,0
235,5,155.724865,0.168151297,0,0,0,0,1,0,1,0,0,1,0,0,0,0
452,5,1202.050196,0.202417641,0,0,0,0,0,1,0,0,1,1,0,0,0,0
757,5,534.7415743,0.161463983,1,1,0,0,1,0,0,0,1,0,0,0,1,0
488,5,238.3896266,0.303430831,3,0,1,0,0,1,0,1,0,1,0,0,0,0
528,5,1129.031821,0.516402205,2,0,0,0,1,0,0,1,0,1,0,0,0,0
595,7,512.8282811,0.200146545,2,0,1,0,1,0,0,0,1,1,0,0,0,0
734,6,1841.146106,0.550105968,0,0,0,0,0,1,0,0,1,0,0,1,0,0
168,6,992.3199743,0.344773163,2,0,0,0,0,1,1,0,0,1,0,0,0,0
616,1,119.8637139,0.534769885,1,0,0,0,1,0,1,0,0,1,0,0,0,0
446,7,230.9604417,0.360774831,1,0,1,0,1,0,0,1,0,0,1,0,0,0
533,5,245.8002627,0.021381381,0,1,0,0,1,0,0,1,0,0,1,0,0,0
711,5,337.33668,0.432615564,3,0,1,0,1,0,0,0,1,0,0,1,0,0
261,3,878.3710294,0.433835124,1,0,0,0,0,1,1,0,0,1,0,0,0,0
297,2,1797.966809,0.469610902,2,0,0,0,1,0,1,0,0,1,0,0,0,0
112,4,720.531287,0.688947331,2,1,1,0,1,0,0,1,0,1,0,0,0,0
390,3,1114.821842,0.342688247,2,0,0,0,1,0,1,0,0,1,0,0,0,0
766,2,304.6955377,0.317132219,3,0,1,0,1,0,1,0,0,0,1,0,0,0
475,5,591.2939335,0.312035092,2,0,0,0,0,1,1,0,0,1,0,0,0,0
231,3,561.1472878,0.333128782,2,1,0,1,0,0,1,0,0,1,0,0,0,0
402,8,966.0094464,0.416896465,2,0,1,0,1,0,1,0,0,1,0,0,0,0
202,6,583.7807927,0.121654663,2,0,0,0,0,1,0,1,0,1,0,0,0,0
274,5,325.4772062,0.557708749,3,0,1,0,1,0,0,1,0,1,0,0,0,0
577,9,223.6731418,0.58754962,1,0,1,0,1,0,0,1,0,0,0,1,0,0
265,5,235.1811512,0.388819655,0,1,0,0,1,0,1,0,0,1,0,0,0,0
722,5,3165.801562,0.708437043,0,0,1,0,1,0,1,0,0,0,0,0,0,1
485,1,353.8814931,0.441842813,2,0,0,0,1,0,1,0,0,1,0,0,0,0
517,4,1314.412704,0.236927397,3,0,1,0,1,0,0,0,1,1,0,0,0,0
444,2,59.23281822,0.197953827,0,0,0,0,0,1,1,0,0,0,0,1,0,0
654,3,75.14374811,0.314596214,0,0,0,0,0,1,1,0,0,0,0,0,1,0
656,3,927.075029,0.585793069,0,0,0,1,0,0,0,1,0,0,1,0,0,0
567,4,488.8249195,0.06715079,1,0,0,0,1,0,1,0,0,0,0,0,1,0
612,7,1699.506269,0.406335769,0,0,1,0,1,0,0,0,1,1,0,0,0,0
457,5,1585.679248,0.104788986,1,0,0,0,1,0,0,0,1,1,0,0,0,0
608,1,1127.346631,0.359670473,1,0,1,0,1,0,0,0,1,1,0,0,0,0
432,5,1351.288177,0.489713515,1,1,0,0,1,0,0,1,0,1,0,0,0,0
500,7,1635.284718,0.552228398,2,0,1,0,1,0,1,0,0,1,0,0,0,0
445,3,1224.411001,0.375707483,2,0,1,0,1,0,1,0,0,1,0,0,0,0
408,3,598.745692,0.408075418,0,0,0,0,1,0,1,0,0,1,0,0,0,0
362,5,246.0319933,0.265176424,2,0,0,0,1,0,0,0,1,1,0,0,0,0
593,2,1238.607804,0.328114532,2,0,0,0,1,0,0,1,0,1,0,0,0,0
762,3,305.838366,0.128132567,2,0,0,0,1,0,0,0,1,1,0,0,0,0
734,2,224.6371936,0.506147259,2,0,0,0,1,0,0,1,0,0,1,0,0,0
248,4,150.6726225,0.207476566,1,0,0,0,0,1,1,0,0,0,1,0,0,0
757,3,789.3459377,0.257362712,1,1,0,0,1,0,1,0,0,0,0,0,0,1
436,4,222.1631903,0.322513053,3,0,1,0,0,1,1,0,0,0,1,0,0,0
620,2,375.7823091,0.093472838,3,0,1,0,1,0,1,0,0,0,1,0,0,0
318,3,987.7188222,0.328416084,1,0,1,0,1,0,0,1,0,0,0,1,0,0
528,1,1263.240488,0.320049817,1,0,0,0,0,1,1,0,0,1,0,0,0,0
562,3,302.3943552,0.455676182,0,0,1,0,1,0,0,1,0,0,0,0,1,0
203,5,1480.189579,0.675453336,2,1,1,0,1,0,0,1,0,1,0,0,0,0
621,3,47.76326242,0.253873314,2,0,1,0,0,1,0,1,0,0,0,1,0,0
769,5,3407.72238,0.14779097,2,0,0,0,1,0,0,0,1,1,0,0,0,0
465,6,431.4849757,0.438541666,0,0,0,0,1,0,0,1,0,1,0,0,0,0
772,7,314.2980424,0.291058017,0,1,1,0,0,1,0,1,0,1,0,0,0,0
462,3,2058.211613,0.450876776,3,0,1,0,0,1,1,0,0,1,0,0,0,0
669,8,113.6094807,0.049129085,2,0,1,0,1,0,0,0,1,1,0,0,0,0
64,1,354.2827939,0.59319022,1,0,0,0,1,0,1,0,0,1,0,0,0,0
983,3,355.6572575,0.576934738,1,0,0,0,0,1,1,0,0,0,0,1,0,0
799,2,441.8206114,0.169727495,1,0,1,0,1,0,0,0,1,0,1,0,0,0
443,3,1508.886417,0.371743639,1,1,0,0,1,0,1,0,0,0,1,0,0,0
105,4,1514.404019,0.238760994,1,0,0,0,1,0,1,0,0,0,1,0,0,0
557,2,716.4796167,0.390747024,3,0,1,0,0,1,1,0,0,0,0,0,0,1
211,4,3838.88377,0.495699601,1,0,1,0,1,0,1,0,0,0,0,0,0,1
588,5,1487.144347,0.353639125,1,0,0,0,0,1,0,1,0,1,0,0,0,0
582,4,914.2250525,0.452749083,3,0,1,0,1,0,1,0,0,1,0,0,0,0
311,7,177.9734468,0.328495933,0,0,1,0,1,0,1,0,0,1,0,0,0,0
724,4,638.3276137,0.172992419,2,0,0,0,0,1,0,0,1,0,0,1,0,0
661,3,192.5438737,0.360457339,1,0,1,1,0,0,1,0,0,1,0,0,0,0
695,3,287.2350357,0.504638505,2,0,1,0,1,0,1,0,0,0,1,0,0,0
501,1,926.3429228,0.495802767,1,0,0,0,1,0,1,0,0,1,0,0,0,0
216,3,163.0843292,0.603993034,3,0,1,0,0,1,1,0,0,0,0,0,0,1
695,4,76.1882113,0.424797743,3,0,1,0,1,0,1,0,0,1,0,0,0,0
445,4,606.6531983,0.164123584,1,0,0,0,1,0,0,0,1,0,0,1,0,0
222,6,0.761529636,0.185120841,3,0,1,0,1,0,1,0,0,1,0,0,0,0
770,4,751.0649934,0.187400567,0,0,0,0,0,1,1,0,0,0,0,1,0,0
919,4,1852.873368,0.253734575,1,0,1,0,0,1,0,1,0,1,0,0,0,0
491,5,168.8165537,0.306963551,0,0,0,0,0,1,1,0,0,1,0,0,0,0
931,2,386.0097124,0.262965461,1,0,0,0,1,0,1,0,0,0,0,0,1,0
518,6,1985.04885,0.15364888,0,0,0,0,1,0,1,0,0,1,0,0,0,0
423,3,973.5685739,0.081278479,2,0,0,0,1,0,1,0,0,1,0,0,0,0
373,3,116.3108138,0.338589155,2,0,0,0,1,0,1,0,0,0,0,1,0,0
827,3,385.0063666,0.546281628,0,0,0,0,1,0,0,1,0,1,0,0,0,0
343,7,1128.453844,0.283005085,2,0,1,0,1,0,1,0,0,1,0,0,0,0
647,6,874.3693614,0.466026863,1,0,0,0,1,0,0,1,0,0,1,0,0,0
388,5,135.3587251,0.555827017,1,1,1,0,1,0,0,0,1,0,0,0,0,1
407,4,51.61552833,0.193367593,0,0,1,0,1,0,0,1,0,0,0,0,0,1
706,5,915.720324,0.357122397,2,1,0,0,0,1,0,0,1,0,1,0,0,0
423,4,751.2847892,0.352046003,1,0,0,0,1,0,1,0,0,0,0,1,0,0
419,4,48.94111778,0.303722996,3,0,1,0,1,0,0,0,1,1,0,0,0,0
726,3,2945.106626,0.561026033,1,0,0,0,1,0,1,0,0,1,0,0,0,0
819,3,232.7510383,0.102548243,1,0,0,0,0,1,1,0,0,1,0,0,0,0
628,3,390.2389635,0.240222279,1,0,0,0,1,0,1,0,0,1,0,0,0,0
369,4,156.4202651,0.114916259,1,0,0,0,1,0,0,1,0,1,0,0,0,0
397,7,1410.641034,0.286126877,1,0,1,0,1,0,0,0,1,0,0,1,0,0
515,2,2628.187916,0.265958419,1,0,0,0,1,0,0,1,0,1,0,0,0,0
564,4,191.9324074,0.265558616,1,0,0,0,0,1,1,0,0,1,0,0,0,0
302,6,266.3322302,0.479501899,4,0,1,0,1,0,1,0,0,1,0,0,0,0
644,4,980.745685,0.301513204,2,0,0,0,1,0,1,0,0,1,0,0,0,0
517,5,600.4332492,0.37283115,3,0,1,0,1,0,1,0,0,0,1,0,0,0
156,2,88.80557499,0.307481199,1,0,0,0,1,0,1,0,0,1,0,0,0,0
314,4,2111.782169,0.376160804,2,1,1,0,1,0,0,0,1,0,1,0,0,0
399,6,755.6515726,0.066746662,0,0,0,0,1,0,1,0,0,1,0,0,0,0
485,5,286.7784017,0.109855669,1,0,0,0,0,1,0,1,0,1,0,0,0,0
877,2,538.366885,0.12953436,2,0,0,0,0,1,1,0,0,1,0,0,0,0
547,6,554.9128045,0.283279489,1,0,0,0,0,1,0,0,1,0,0,1,0,0
331,6,596.2562899,0.364005539,2,1,0,0,1,0,0,1,0,1,0,0,0,0
544,3,550.2184346,0.303786396,0,0,0,0,1,0,1,0,0,0,0,1,0,0
429,6,660.051564,0.461267461,2,1,0,0,1,0,0,1,0,0,0,1,0,0
564,2,399.8461697,0.160252752,4,0,1,0,1,0,1,0,0,1,0,0,0,0
616,6,126.4116903,0.228010592,2,0,1,0,1,0,1,0,0,1,0,0,0,0
741,6,873.9048566,0.152818635,2,0,0,0,0,1,1,0,0,1,0,0,0,0
495,5,1258.047094,0.863731601,1,1,1,0,1,0,0,0,1,0,1,0,0,0
827,10,1471.172455,0.274846438,1,1,1,0,0,1,0,0,1,0,0,1,0,0
681,5,17.75731083,0.329789998,1,0,0,0,1,0,0,1,0,1,0,0,0,0
358,5,414.8514996,0.557794444,1,0,0,0,1,0,0,1,0,0,0,0,1,0
941,3,3069.467195,0.186050772,2,0,0,0,1,0,0,1,0,0,0,1,0,0
565,1,51.68466307,0.487024378,0,0,0,0,1,0,0,0,1,1,0,0,0,0
332,7,1231.758208,0.43684857,1,0,1,0,1,0,1,0,0,1,0,0,0,0
830,4,107.8433169,0.502214642,3,0,1,0,0,1,1,0,0,1,0,0,0,0
915,2,1392.727591,0.365360458,0,1,0,0,0,1,1,0,0,1,0,0,0,0
493,3,892.3332723,0.501021378,2,0,0,0,1,0,1,0,0,1,0,0,0,0
399,3,1032.883608,0.253605766,0,0,0,0,1,0,0,0,1,0,0,1,0,0
465,3,3029.057993,0.465750751,2,0,0,0,0,1,1,0,0,0,0,1,0,0
642,5,2243.875122,0.715270496,4,0,1,0,0,1,1,0,0,1,0,0,0,0
755,5,290.3516002,0.346730639,2,0,0,0,1,0,0,0,1,0,0,0,1,0
614,3,376.2800962,0.221799864,2,0,0,0,0,1,0,1,0,1,0,0,0,0
520,7,418.2938885,0.190402031,0,0,1,0,1,0,0,1,0,0,0,1,0,0
799,5,159.3218126,0.195737969,0,0,0,0,1,0,1,0,0,1,0,0,0,0
437,2,383.8943471,0.497726924,1,0,1,0,1,0,0,1,0,1,0,0,0,0
706,3,3091.534174,0.053829782,1,1,1,0,1,0,1,0,0,0,0,1,0,0
442,5,537.9905021,0.201403017,1,0,0,0,1,0,0,1,0,1,0,0,0,0
586,4,2439.321442,0.324783441,1,0,0,0,1,0,1,0,0,0,0,0,1,0
477,5,59.31170523,0.428741166,1,0,0,0,1,0,1,0,0,0,0,1,0,0
488,6,32.06242151,0.390163019,0,0,0,1,0,0,1,0,0,1,0,0,0,0
424,1,685.1545575,0.137655365,1,0,1,1,0,0,0,1,0,0,1,0,0,0
768,8,1066.214375,0.265297441,1,0,1,0,1,0,0,0,1,0,1,0,0,0
353,1,196.1671817,0.250381671,2,0,0,0,1,0,1,0,0,0,1,0,0,0
351,8,559.9094545,0.692452402,2,0,1,0,1,0,1,0,0,0,0,1,0,0
924,6,1650.47984,0.267489901,3,0,1,0,1,0,0,0,1,1,0,0,0,0
695,2,1147.461999,0.555126906,1,0,0,0,1,0,1,0,0,0,0,0,1,0
64,5,210.9786247,0.408492657,1,0,0,0,1,0,1,0,0,0,1,0,0,0
386,4,325.7389519,0.186223371,0,0,0,0,1,0,1,0,0,0,0,0,1,0
137,4,291.9860778,0.149002152,1,0,0,0,1,0,1,0,0,1,0,0,0,0
309,2,1016.964926,0.369848169,0,0,0,0,1,0,1,0,0,0,0,0,0,1
64,2,2758.157061,0.028329358,1,0,0,0,0,1,1,0,0,0,0,0,0,1
472,2,262.8904177,0.37648779,3,0,1,0,1,0,0,0,1,1,0,0,0,0
271,5,709.9692897,0.60358105,2,0,1,0,1,0,1,0,0,1,0,0,0,0
511,7,3576.406807,0.352207128,2,0,1,0,1,0,1,0,0,0,0,1,0,0
174,5,137.1807329,0.682562057,3,0,1,0,1,0,0,1,0,0,0,1,0,0
516,1,860.8913793,0.291940968,0,0,0,0,1,0,0,1,0,1,0,0,0,0
417,2,322.7594296,0.209317379,2,1,1,0,0,1,0,0,1,1,0,0,0,0
800,1,3830.174969,0.282567067,1,0,0,0,1,0,0,0,1,1,0,0,0,0
782,3,92.12341463,0.583452828,2,0,0,0,0,1,0,1,0,0,0,1,0,0
657,4,480.0994984,0.061849424,0,1,0,0,1,0,0,1,0,1,0,0,0,0
434,5,235.4682454,0.130871976,1,0,0,0,1,0,1,0,0,1,0,0,0,0
897,5,25.75606877,0.309647526,2,0,0,0,1,0,1,0,0,1,0,0,0,0
189,2,2650.487042,0.295549923,2,0,0,0,1,0,1,0,0,0,1,0,0,0
219,3,671.7821016,0.419135469,2,0,0,0,1,0,0,1,0,0,1,0,0,0
483,5,965.2800857,0.100018302,1,0,0,0,0,1,1,0,0,0,1,0,0,0
950,5,774.6462608,0.686260431,1,0,1,0,1,0,1,0,0,1,0,0,0,0
459,1,128.5798264,0.221166465,1,1,0,0,1,0,1,0,0,1,0,0,0,0
463,5,149.6039933,0.073659496,2,0,0,0,0,1,0,1,0,1,0,0,0,0
211,4,787.7531444,0.21886708,1,0,1,0,1,0,1,0,0,0,0,0,0,1
689,7,1210.609817,0.413165334,1,0,1,0,1,0,0,1,0,1,0,0,0,0
690,5,755.4851357,0.322832942,2,0,0,0,1,0,0,0,1,0,0,0,1,0
657,8,675.8719376,0.520382882,1,0,1,0,1,0,1,0,0,0,0,1,0,0
374,1,1096.218136,0.303638502,2,0,0,0,1,0,0,1,0,1,0,0,0,0
358,4,223.3567926,0.243083345,0,1,0,0,1,0,1,0,0,1,0,0,0,0
241,4,1052.359065,0.272435375,0,0,0,0,1,0,0,1,0,0,1,0,0,0
516,3,423.7627483,0.112648813,1,0,0,0,1,0,1,0,0,1,0,0,0,0
283,2,896.8092548,0.416411846,2,1,0,0,1,0,0,0,1,0,0,1,0,0
264,4,256.9543017,0.476469077,2,0,0,0,1,0,0,0,1,1,0,0,0,0
415,5,118.3035957,0.450793477,2,0,0,0,1,0,1,0,0,1,0,0,0,0
402,7,23.67407172,0.066862777,1,0,1,0,0,1,1,0,0,1,0,0,0,0
392,5,1301.569281,0.622880421,4,0,1,0,1,0,0,1,0,0,1,0,0,0
593,4,175.4897859,0.297432507,0,0,0,0,0,1,0,1,0,0,1,0,0,0
515,1,361.3718827,0.367704638,0,0,0,0,1,0,0,0,1,1,0,0,0,0
442,5,1171.767808,0.088538666,1,0,1,0,1,0,0,0,1,1,0,0,0,0
536,3,478.5342774,0.654883044,2,0,1,0,1,0,0,0,1,1,0,0,0,0
301,4,196.2590997,0.216867225,2,0,0,0,0,1,0,1,0,0,1,0,0,0
521,6,173.2943148,0.302392993,2,0,0,0,1,0,1,0,0,1,0,0,0,0
530,2,419.3115513,0.339882411,3,0,1,0,0,1,0,0,1,1,0,0,0,0
199,5,666.2518152,0.185441901,2,0,0,1,0,0,1,0,0,0,1,0,0,0
699,4,398.5272107,0.505829109,0,0,0,0,1,0,1,0,0,0,1,0,0,0
323,4,1879.486258,0.295402224,1,0,0,0,1,0,1,0,0,1,0,0,0,0
518,7,3.073119239,0.305878368,2,0,1,0,1,0,1,0,0,0,0,0,0,1
732,5,411.3471431,0.638939638,1,0,1,0,1,0,1,0,0,1,0,0,0,0
685,8,1086.42951,0.229936292,0,0,1,0,1,0,0,1,0,1,0,0,0,0
506,3,1772.327176,0.43246372,2,0,0,0,0,1,0,1,0,1,0,0,0,0
427,1,355.0344443,0.551857946,2,0,0,0,1,0,1,0,0,1,0,0,0,0
689,2,895.6786815,0.143195486,2,0,0,0,1,0,0,0,1,0,1,0,0,0
634,5,694.6650216,0.276373322,1,0,0,0,1,0,0,1,0,0,0,1,0,0
376,1,180.0487772,0.158860012,2,0,0,0,0,1,1,0,0,1,0,0,0,0
341,2,913.9117929,0.508082639,2,0,1,0,1,0,1,0,0,1,0,0,0,0
85,4,229.6813745,0.329835903,1,0,0,0,0,1,0,1,0,1,0,0,0,0
530,5,1225.639595,0.282519289,1,0,0,1,0,0,0,1,0,0,1,0,0,0
483,5,1607.342721,0.250600407,1,0,0,0,1,0,1,0,0,1,0,0,0,0
727,3,520.7176132,0.106738594,2,0,0,0,1,0,1,0,0,1,0,0,0,0
571,5,44.51553753,0.39142218,1,0,0,0,1,0,1,0,0,0,1,0,0,0
766,6,1069.55414,0.110657135,0,0,1,0,1,0,0,0,1,1,0,0,0,0
360,1,503.7100936,0.34235061,1,0,0,0,0,1,1,0,0,0,0,1,0,0
727,6,79.43139108,0.218024933,2,0,1,0,1,0,1,0,0,0,0,1,0,0
394,2,321.7408437,0.252863105,2,0,0,0,1,0,0,1,0,1,0,0,0,0
655,3,274.7149959,0.528449415,3,0,1,0,1,0,1,0,0,1,0,0,0,0
208,6,1036.751766,0.098820629,3,0,1,0,1,0,0,1,0,1,0,0,0,0
547,5,441.4107457,0.045894308,2,0,0,0,1,0,0,1,0,1,0,0,0,0
103,4,707.53855,0.767597126,3,0,1,0,1,0,1,0,0,1,0,0,0,0
446,2,556.2774574,0.203117374,1,0,0,0,0,1,1,0,0,1,0,0,0,0
588,7,1030.628597,0.125720473,1,0,1,0,1,0,1,0,0,0,0,0,1,0
395,3,1012.822823,0.318638868,1,0,0,0,1,0,0,0,1,1,0,0,0,0
289,3,476.5112906,0.084192025,0,0,0,0,0,1,0,1,0,0,0,1,0,0
669,4,116.0514453,0.145954892,2,0,0,1,0,0,0,0,1,0,0,0,1,0
479,5,419.2318455,0.128768567,1,0,0,0,1,0,0,0,1,1,0,0,0,0
402,2,139.6114971,0.040976847,2,0,1,0,1,0,0,1,0,0,0,1,0,0
508,2,2558.433799,0.285033605,0,0,0,0,1,0,0,1,0,1,0,0,0,0
1027,5,2398.894716,0.082437366,0,0,1,0,1,0,0,0,1,1,0,0,0,0
730,5,488.0537886,0.353475464,1,0,0,0,0,1,0,1,0,0,0,1,0,0
732,2,22.41336323,0.224938439,1,0,0,0,1,0,1,0,0,1,0,0,0,0
587,3,375.546956,0.474406822,1,0,0,0,0,1,1,0,0,1,0,0,0,0
533,5,1803.75252,0.124799881,2,1,1,0,1,0,1,0,0,1,0,0,0,0
64,4,271.7656426,0.319566766,0,0,0,0,1,0,1,0,0,1,0,0,0,0
364,2,778.2462106,0.049839298,2,0,0,0,1,0,1,0,0,1,0,0,0,0
403,1,162.6112013,0.479380784,0,0,0,0,1,0,1,0,0,1,0,0,0,0
125,7,1395.126451,0.123477604,3,0,1,0,1,0,0,1,0,0,0,1,0,0
268,6,1779.739017,0.309889421,2,1,0,0,1,0,0,0,1,1,0,0,0,0
103,6,763.8583135,0.26619982,2,0,1,0,1,0,1,0,0,0,0,1,0,0
492,5,782.0277076,0.196891458,2,0,0,0,0,1,1,0,0,0,1,0,0,0
663,2,380.5727685,0.339208812,2,0,0,0,1,0,0,0,1,1,0,0,0,0
721,3,982.3156373,0.150234478,0,0,0,0,0,1,0,1,0,0,1,0,0,0
582,4,520.7778781,0.176147035,1,0,0,0,1,0,0,1,0,0,1,0,0,0
307,4,1094.722276,0.228766324,2,0,0,0,0,1,0,1,0,1,0,0,0,0
113,2,2766.516357,0.310429266,4,0,1,1,0,0,0,1,0,0,1,0,0,0
148,1,1382.468446,0.308794792,1,1,0,0,1,0,0,0,1,1,0,0,0,0
246,4,582.7397338,0.656659039,2,0,1,0,0,1,0,0,1,0,0,1,0,0
322,9,3086.350482,0.404588221,4,0,1,0,1,0,0,1,0,0,0,0,0,1
468,6,747.3239392,0.342115242,2,0,1,0,0,1,1,0,0,1,0,0,0,0
297,2,53.65784747,0.195752834,2,0,0,0,1,0,1,0,0,0,0,1,0,0
567,3,1048.556654,0.322208961,2,0,0,0,1,0,0,1,0,1,0,0,0,0
453,3,1372.114927,0.213912277,1,0,0,0,1,0,1,0,0,1,0,0,0,0
502,6,115.8721052,0.437227079,2,0,0,0,1,0,0,0,1,1,0,0,0,0
728,4,909.7743092,0.185019109,3,0,1,0,1,0,1,0,0,1,0,0,0,0
263,5,2029.802241,0.305329774,2,0,1,1,0,0,0,0,1,0,0,1,0,0
583,6,231.6681221,0.370041626,3,0,1,0,0,1,0,1,0,1,0,0,0,0
497,7,703.5980026,0.731923455,3,0,1,0,1,0,1,0,0,1,0,0,0,0
433,2,256.8127217,0.016784828,2,0,0,0,0,1,1,0,0,1,0,0,0,0
677,5,1191.219702,0.540807393,3,0,1,0,0,1,1,0,0,1,0,0,0,0
675,3,695.2586568,0.128536438,1,0,0,0,1,0,1,0,0,1,0,0,0,0
310,4,446.9998172,0.332495508,0,0,0,0,1,0,0,1,0,0,0,0,1,0
463,6,23.53315287,0.679762804,1,0,1,0,1,0,0,0,1,0,0,0,0,1
556,1,2317.418613,0.188722206,1,1,0,0,0,1,0,1,0,1,0,0,0,0
445,7,550.9087341,0.250505087,1,0,1,0,0,1,0,0,1,0,0,1,0,0
617,3,1304.159736,0.413504041,0,0,1,0,1,0,0,0,1,1,0,0,0,0
556,1,397.9260549,0.414294996,1,0,0,0,1,0,1,0,0,0,0,1,0,0
866,5,1512.929613,0.423481923,2,0,1,0,0,1,0,1,0,1,0,0,0,0
193,6,139.5198062,0.114043489,0,0,1,0,0,1,1,0,0,1,0,0,0,0
475,5,210.6454353,0.278828537,1,0,0,0,0,1,1,0,0,1,0,0,0,0
318,4,324.4417647,0.298793618,1,0,0,0,1,0,1,0,0,1,0,0,0,0
620,7,74.21462737,0.33371357,2,0,1,0,1,0,1,0,0,1,0,0,0,0
176,3,469.3607611,0.413249478,1,0,1,0,1,0,0,1,0,1,0,0,0,0
569,3,532.3079368,0.577769751,0,0,1,0,1,0,1,0,0,0,0,0,1,0
373,4,97.55333461,0.331735231,2,0,0,0,0,1,1,0,0,1,0,0,0,0
353,3,445.6334714,0.503496096,2,0,0,0,1,0,0,0,1,0,1,0,0,0
210,1,175.8154511,0.302188641,0,0,0,0,0,1,1,0,0,1,0,0,0,0
406,5,1664.909709,0.750616445,0,0,1,0,1,0,0,1,0,1,0,0,0,0
716,3,569.5271479,0.365375352,2,0,1,0,0,1,0,0,1,1,0,0,0,0
494,2,2428.679318,0.016626139,3,0,1,0,1,0,0,1,0,0,0,0,0,1
625,1,334.1493833,0.265386425,2,1,0,0,1,0,0,1,0,1,0,0,0,0
832,5,334.1052272,0.130407025,1,0,1,0,1,0,1,0,0,1,0,0,0,0
552,3,330.8524791,0.414792102,1,0,0,0,1,0,0,1,0,0,0,1,0,0
388,2,249.8908166,0.054979972,0,0,0,0,0,1,1,0,0,1,0,0,0,0
593,8,1226.85833,0.476056904,2,0,1,0,1,0,0,1,0,0,1,0,0,0
391,2,265.8544104,0.613285276,1,0,1,0,1,0,0,0,1,1,0,0,0,0
399,4,271.7567407,0.52368166,4,0,1,0,0,1,1,0,0,0,0,1,0,0
196,2,38.42521889,0.079809765,0,0,1,0,0,1,0,1,0,0,1,0,0,0
685,7,2690.228864,0.312741422,3,0,1,0,1,0,0,0,1,0,0,0,0,1
422,8,1739.310224,0.319446577,1,0,1,0,0,1,0,1,0,0,0,0,0,1
536,6,276.8250379,0.170074976,3,0,1,0,1,0,1,0,0,1,0,0,0,0
292,5,588.4580967,0.30260149,1,1,1,0,1,0,0,0,1,1,0,0,0,0
587,4,527.3755857,0.381148378,1,0,0,0,1,0,0,0,1,0,0,1,0,0
347,5,73.43183187,0.399650332,0,0,0,0,1,0,1,0,0,1,0,0,0,0
471,4,606.0583499,0.087537906,0,0,0,0,1,0,1,0,0,1,0,0,0,0
675,6,96.22285473,0.337301341,3,0,1,0,1,0,0,0,1,0,0,0,0,1
658,3,455.4556514,0.44808437,1,0,0,0,1,0,1,0,0,1,0,0,0,0
495,7,73.52057135,0.646975249,4,0,1,0,0,1,0,0,1,1,0,0,0,0
146,7,711.166526,0.53135389,2,0,1,0,1,0,1,0,0,1,0,0,0,0
1098,4,40.20044635,0.547541048,2,0,0,1,0,0,1,0,0,0,0,1,0,0
849,4,792.0114566,0.35248246,2,0,0,0,0,1,1,0,0,0,0,1,0,0
644,2,982.6628616,0.333449553,3,0,1,0,1,0,1,0,0,0,1,0,0,0
349,12,676.7836109,0.173018927,1,0,1,0,1,0,1,0,0,0,1,0,0,0
477,4,507.1332226,0.232661857,3,1,1,0,1,0,1,0,0,1,0,0,0,0
391,3,50.17525129,0.494455412,1,0,0,0,0,1,1,0,0,0,1,0,0,0
752,4,9.134569023,0.195146793,2,0,1,0,1,0,1,0,0,0,0,0,0,1
552,3,335.3651059,0.412305291,2,0,0,0,1,0,1,0,0,0,1,0,0,0
343,4,1180.108972,0.560701169,3,1,1,0,0,1,1,0,0,0,1,0,0,0
405,4,833.659816,0.103516196,1,0,0,0,1,0,0,0,1,0,0,1,0,0
724,5,107.0820182,0.218986351,1,0,0,0,1,0,1,0,0,0,0,1,0,0
820,9,931.6456964,0.306920818,3,0,1,0,1,0,0,1,0,0,1,0,0,0
805,4,684.3740152,0.519434082,0,0,0,0,0,1,1,0,0,1,0,0,0,0
651,5,145.9115131,0.37593275,2,0,1,0,0,1,1,0,0,0,0,0,0,1
449,2,1126.183213,0.426826313,2,1,0,0,1,0,1,0,0,1,0,0,0,0
64,5,1418.999741,0.153270876,3,0,1,0,1,0,1,0,0,1,0,0,0,0
559,4,211.7533055,0.356292476,0,0,0,0,0,1,0,1,0,1,0,0,0,0
499,1,808.2312634,0.685314363,1,0,1,0,0,1,0,0,1,0,1,0,0,0
527,5,380.0225597,0.419663451,2,0,0,0,0,1,0,1,0,1,0,0,0,0
510,5,48.19160524,0.182952293,3,0,1,0,1,0,1,0,0,1,0,0,0,0
234,6,1580.660607,0.294730629,2,0,0,0,0,1,1,0,0,1,0,0,0,0
611,5,1375.154408,0.411933662,1,0,0,0,1,0,0,0,1,0,1,0,0,0
626,2,306.1130606,0.249673835,0,1,0,0,1,0,1,0,0,0,1,0,0,0
636,7,606.5841646,0.264824353,1,0,1,0,0,1,0,1,0,1,0,0,0,0
689,3,574.5580944,0.273705706,1,1,0,0,1,0,1,0,0,1,0,0,0,0
620,2,156.2856874,0.310708844,2,0,0,0,0,1,1,0,0,1,0,0,0,0
417,2,125.9538542,0.30169564,1,0,0,0,1,0,1,0,0,1,0,0,0,0
485,7,1487.694318,0.124919026,1,0,1,0,0,1,0,0,1,1,0,0,0,0
518,5,1616.081898,0.556640684,2,0,1,0,1,0,0,1,0,1,0,0,0,0
521,1,1033.310309,0.550693277,0,0,0,0,1,0,1,0,0,1,0,0,0,0
699,3,60.43904465,0.245690079,2,0,0,0,1,0,1,0,0,0,0,1,0,0
628,7,1918.767488,0.289126411,2,0,1,0,1,0,1,0,0,1,0,0,0,0
915,8,3160.309039,0.233538127,0,0,1,0,0,1,1,0,0,0,0,0,1,0
941,4,1195.509744,0.531825569,2,0,0,0,1,0,1,0,0,1,0,0,0,0
515,2,348.8376048,0.484842458,1,0,1,0,1,0,0,0,1,0,1,0,0,0
64,4,416.3974883,0.163516131,0,1,1,0,1,0,0,1,0,0,0,1,0,0
747,4,1629.944253,0.497995755,1,0,1,0,0,1,0,0,1,0,1,0,0,0
391,1,263.0100665,0.375372116,1,0,0,0,1,0,0,1,0,0,1,0,0,0
339,2,122.3881911,0.573803213,2,0,0,0,1,0,0,1,0,0,1,0,0,0
420,2,1384.400368,0.422702236,2,0,1,0,1,0,0,1,0,0,0,0,0,1
410,2,171.8750222,0.247267761,1,0,0,0,0,1,1,0,0,1,0,0,0,0
622,4,1902.707967,0.390370133,2,1,0,0,1,0,1,0,0,1,0,0,0,0
188,9,724.4431169,0.33371568,3,0,1,0,1,0,0,1,0,1,0,0,0,0
284,6,648.4099771,0.192241952,0,0,0,0,0,1,1,0,0,0,1,0,0,0
568,2,1195.992637,0.272858073,0,0,0,0,1,0,1,0,0,0,0,1,0,0
624,9,13.2818781,0.711377772,1,0,1,0,1,0,1,0,0,0,0,0,1,0
628,6,1000.122292,0.210813706,3,0,1,1,0,0,0,0,1,0,0,1,0,0
342,6,730.0261505,0.31348578,1,0,0,0,1,0,0,0,1,1,0,0,0,0
304,2,593.5014328,0.373550872,1,0,0,0,1,0,0,1,0,1,0,0,0,0
398,3,196.0313397,0.271781519,3,1,1,0,1,0,0,0,1,1,0,0,0,0
547,4,1414.908454,0.310496855,1,0,0,0,0,1,0,0,1,1,0,0,0,0
797,1,230.8396366,0.26526583,2,0,0,0,1,0,1,0,0,1,0,0,0,0
90,6,538.3194477,0.352641992,5,1,1,0,1,0,1,0,0,0,0,1,0,0
455,3,137.6565536,0.10441231,2,1,0,0,1,0,0,1,0,0,1,0,0,0
233,7,2910.859614,0.208234143,1,0,1,0,0,1,1,0,0,0,0,1,0,0
169,4,173.0663215,0.076685166,1,0,0,0,1,0,1,0,0,1,0,0,0,0
693,7,1300.528642,0.306421283,2,0,1,0,1,0,0,1,0,1,0,0,0,0
608,5,244.2199394,0.569228171,0,0,0,0,1,0,1,0,0,1,0,0,0,0
589,2,236.6178885,0.125651783,4,0,1,0,1,0,0,0,1,0,0,1,0,0
684,5,438.1443828,0.357423838,3,0,1,0,0,1,1,0,0,0,0,1,0,0
404,4,1495.850822,0.43189801,1,0,0,0,1,0,1,0,0,1,0,0,0,0
413,2,930.6676501,0.312841193,2,0,1,0,0,1,1,0,0,1,0,0,0,0
937,3,1642.301039,0.282887165,4,0,1,0,1,0,0,1,0,0,0,1,0,0
450,7,38.69053983,0.553500321,2,1,1,0,0,1,1,0,0,1,0,0,0,0
647,5,2493.28517,0.518337366,2,0,0,0,1,0,1,0,0,0,0,0,1,0
501,3,64.21949663,0.512203831,2,0,0,0,1,0,0,1,0,1,0,0,0,0
130,4,1021.422315,0.540732838,2,0,1,1,0,0,1,0,0,1,0,0,0,0
91,7,185.7203481,0.240574992,3,0,1,1,0,0,0,0,1,1,0,0,0,0
384,3,1470.300646,0.187537654,0,1,0,0,1,0,0,1,0,1,0,0,0,0
711,1,1586.500825,0.593358034,1,0,0,0,1,0,0,0,1,1,0,0,0,0
657,3,641.0310131,0.322690672,0,0,0,0,1,0,1,0,0,1,0,0,0,0
682,3,412.4973107,0.729234371,3,0,1,0,0,1,1,0,0,0,0,1,0,0
302,7,1261.465092,0.165851656,1,0,1,0,1,0,0,1,0,1,0,0,0,0
823,4,1657.377855,0.205192479,1,0,0,0,1,0,0,1,0,1,0,0,0,0
307,4,1072.32184,0.299057823,2,0,0,0,1,0,1,0,0,0,0,0,1,0
542,8,1899.408892,0.057382215,0,1,1,0,0,1,0,1,0,1,0,0,0,0
497,3,787.9374787,0.098315415,2,0,0,0,1,0,1,0,0,1,0,0,0,0
465,2,888.0749951,0.282110968,1,1,0,0,1,0,0,0,1,1,0,0,0,0
767,4,678.6476926,0.075021599,0,0,0,0,1,0,0,1,0,1,0,0,0,0
358,7,535.798059,0.307257277,0,1,1,0,1,0,1,0,0,1,0,0,0,0
230,2,851.0455041,0.110743046,2,0,0,0,1,0,1,0,0,1,0,0,0,0
503,1,658.8879244,0.410478127,1,0,0,0,0,1,0,0,1,0,1,0,0,0
420,5,1051.14912,0.400969564,3,0,1,0,0,1,0,0,1,0,0,1,0,0
1175,1,2177.326529,0.030996324,2,0,0,0,1,0,1,0,0,1,0,0,0,0
635,4,373.5071924,0.434993084,2,0,0,0,0,1,1,0,0,1,0,0,0,0
418,3,423.6920607,0.216097413,2,0,0,0,1,0,1,0,0,0,1,0,0,0
288,2,12.1181818,0.85769145,1,0,1,0,1,0,0,1,0,1,0,0,0,0
123,3,598.9863738,0.307880174,1,0,0,1,0,0,0,1,0,1,0,0,0,0
294,7,112.698928,0.301671001,4,0,1,0,1,0,0,0,1,0,1,0,0,0
522,3,1007.026835,0.150355312,3,0,1,0,1,0,0,1,0,0,0,1,0,0
785,4,1209.801527,0.240860993,1,0,0,1,0,0,1,0,0,0,0,1,0,0
724,1,1026.241303,0.07101506,1,0,1,0,1,0,1,0,0,1,0,0,0,0
545,2,632.8626868,0.478900773,1,1,0,0,0,1,0,1,0,0,1,0,0,0
435,3,611.228834,0.135724471,2,0,0,0,0,1,1,0,0,1,0,0,0,0
553,5,832.0195168,0.248600154,3,0,1,0,1,0,0,0,1,1,0,0,0,0
396,5,647.2071193,0.359727175,0,0,1,0,1,0,1,0,0,1,0,0,0,0
843,7,1109.966892,0.179736746,4,0,1,0,1,0,1,0,0,1,0,0,0,0
462,7,1799.446406,0.572084316,1,1,1,0,1,0,1,0,0,0,1,0,0,0
482,5,614.5198773,0.15337608,1,0,0,0,1,0,1,0,0,1,0,0,0,0
64,6,93.53418434,0.173773662,2,0,0,0,0,1,1,0,0,0,0,1,0,0
460,5,112.3599961,0.328614218,0,0,0,0,1,0,1,0,0,1,0,0,0,0
667,1,377.1793801,0.192796698,3,0,1,0,1,0,1,0,0,1,0,0,0,0
286,2,548.608016,0.347901374,0,0,0,0,1,0,1,0,0,0,0,1,0,0
349,5,203.9658009,0.486124494,0,1,0,0,1,0,1,0,0,1,0,0,0,0
658,8,482.2799362,0.385596466,4,0,1,0,0,1,1,0,0,0,0,1,0,0
204,5,116.6996728,0.364305753,1,0,0,0,1,0,1,0,0,1,0,0,0,0
711,5,220.4236463,0.193269598,1,0,0,0,0,1,0,0,1,1,0,0,0,0
393,3,1059.283721,0.394958407,1,0,0,0,1,0,0,1,0,1,0,0,0,0
422,3,3390.774598,0.199128437,1,0,0,0,1,0,0,0,1,1,0,0,0,0
275,4,164.8355578,0.189342246,3,0,1,0,1,0,0,0,1,0,0,1,0,0
575,10,331.3180494,0.342065728,2,0,1,0,1,0,1,0,0,1,0,0,0,0
991,1,345.4718835,0.329656032,1,0,0,0,1,0,0,1,0,1,0,0,0,0
656,3,202.1877453,0.234855375,1,0,0,0,1,0,1,0,0,0,0,0,1,0
327,4,182.5821149,0.145273825,1,0,0,0,0,1,0,0,1,1,0,0,0,0
727,3,112.9691811,0.303177583,4,0,1,0,1,0,1,0,0,1,0,0,0,0
436,1,1904.563551,0.421517075,2,0,0,0,0,1,1,0,0,0,1,0,0,0
774,5,838.424364,0.158243166,1,0,1,0,1,0,0,0,1,0,0,1,0,0
661,5,274.5196809,0.692666787,1,0,1,0,1,0,0,0,1,1,0,0,0,0
64,1,238.8266829,0.307493645,0,1,0,0,1,0,1,0,0,1,0,0,0,0
299,4,712.7384912,0.223591809,1,0,0,0,1,0,1,0,0,1,0,0,0,0
688,1,955.8053308,0.328978686,1,0,0,0,0,1,0,0,1,1,0,0,0,0
530,5,233.361252,0.337068431,1,0,1,0,1,0,1,0,0,1,0,0,0,0
295,3,341.1420557,0.415504364,1,0,0,0,1,0,0,0,1,1,0,0,0,0
373,3,274.6824852,0.331953527,2,0,0,0,1,0,0,0,1,0,1,0,0,0
118,7,73.43642202,0.085181208,3,1,1,0,1,0,1,0,0,1,0,0,0,0
482,4,390.8970988,0.032675756,1,0,0,0,0,1,1,0,0,0,1,0,0,0
942,7,610.1884822,0.077988468,1,0,1,0,1,0,1,0,0,0,0,1,0,0
660,1,852.2184261,0.510996266,2,0,0,0,0,1,1,0,0,1,0,0,0,0
938,4,431.2932322,0.34357467,2,0,0,0,1,0,0,1,0,0,1,0,0,0
676,2,3277.243286,0.480357779,2,0,0,0,0,1,0,1,0,0,0,1,0,0
705,6,786.4524791,0.369265632,3,0,1,0,0,1,1,0,0,1,0,0,0,0
894,3,1741.358183,0.164456856,1,0,1,0,1,0,1,0,0,1,0,0,0,0
575,6,1981.434246,0.116132529,0,0,0,0,1,0,1,0,0,1,0,0,0,0
462,3,1378.082439,0.196987777,3,0,1,0,0,1,1,0,0,1,0,0,0,0
706,2,251.7527958,0.48545959,1,0,1,0,1,0,0,1,0,0,0,1,0,0
790,5,451.4895769,0.371745973,1,0,0,0,0,1,0,0,1,0,0,1,0,0
404,2,0.5,0.462950896,1,1,0,0,1,0,1,0,0,0,1,0,0,0
355,6,480.3186022,0.329640251,3,0,1,0,1,0,0,0,1,1,0,0,0,0
527,4,278.2318619,0.199030374,2,1,0,0,0,1,1,0,0,1,0,0,0,0
666,6,94.93320934,0.414897666,2,0,0,0,1,0,0,0,1,0,0,1,0,0
659,2,1459.035408,0.26022061,2,0,0,0,1,0,1,0,0,0,1,0,0,0
215,6,895.3300843,0.067038311,5,0,1,0,1,0,0,0,1,0,1,0,0,0
882,2,5613.647107,0.609499197,3,0,1,0,1,0,0,0,1,1,0,0,0,0
371,2,551.9433988,0.154244579,0,0,0,0,0,1,0,1,0,1,0,0,0,0
446,6,321.2256453,0.117243063,4,0,1,0,0,1,1,0,0,1,0,0,0,0
319,1,245.0151492,0.532653491,2,0,0,0,0,1,1,0,0,1,0,0,0,0
1039,6,457.2550894,0.310297191,2,1,0,0,1,0,0,1,0,1,0,0,0,0
548,5,296.7027601,0.319808036,1,0,0,0,1,0,1,0,0,0,0,0,1,0
329,6,3747.245493,0.250804504,4,0,1,0,0,1,0,1,0,0,0,0,0,1
672,4,161.4911862,0.451473457,1,1,0,0,1,0,0,1,0,1,0,0,0,0
653,5,15.45202803,0.199060153,3,0,1,0,1,0,1,0,0,0,0,0,1,0
462,2,111.4091885,0.547759355,1,0,0,0,0,1,1,0,0,1,0,0,0,0
668,4,1777.042474,0.631183486,0,0,1,0,1,0,1,0,0,0,0,1,0,0
334,5,947.1250826,0.129413803,2,0,0,0,1,0,0,1,0,1,0,0,0,0
401,2,1225.87858,0.50978209,3,0,1,0,1,0,1,0,0,0,1,0,0,0
97,6,309.0849618,0.091989135,3,0,1,0,1,0,1,0,0,1,0,0,0,0
235,1,779.7792666,0.085131749,2,0,1,0,1,0,1,0,0,0,0,1,0,0
861,2,984.5235221,0.377847299,1,0,0,0,0,1,0,1,0,0,1,0,0,0
828,3,316.1141887,0.098277776,2,0,0,0,1,0,0,0,1,1,0,0,0,0
513,5,1031.414534,0.345915761,0,0,0,0,1,0,0,0,1,0,0,1,0,0
832,5,794.664247,0.108415561,1,0,0,0,0,1,1,0,0,0,0,1,0,0
467,4,281.0486286,0.091314303,2,0,0,0,1,0,0,1,0,0,1,0,0,0
451,4,43.4432136,0.470916058,1,0,0,0,1,0,0,0,1,0,0,1,0,0
511,8,217.305072,0.078481238,2,0,1,0,1,0,0,1,0,1,0,0,0,0
475,5,773.0913552,0.199608894,2,0,0,0,0,1,1,0,0,1,0,0,0,0
456,4,731.0962453,0.26754182,2,0,0,0,1,0,0,0,1,0,1,0,0,0
728,3,566.8509676,0.471081491,2,1,1,0,1,0,0,0,1,0,0,1,0,0
530,2,231.7206489,0.35500411,1,0,0,0,1,0,1,0,0,1,0,0,0,0
642,4,470.3622522,0.038744498,1,0,0,0,1,0,0,1,0,1,0,0,0,0
706,5,124.4288142,0.450471049,0,0,0,0,1,0,1,0,0,1,0,0,0,0
577,3,868.6744019,0.181345993,2,0,0,0,1,0,1,0,0,1,0,0,0,0
305,4,1627.024346,0.261925284,2,0,0,0,1,0,1,0,0,1,0,0,0,0
229,3,498.4282237,0.462581962,1,0,0,0,1,0,1,0,0,1,0,0,0,0
529,6,191.6191305,0.365700525,1,0,0,0,1,0,0,1,0,0,0,1,0,0
465,5,1407.679938,0.254680469,1,0,1,0,1,0,1,0,0,0,1,0,0,0
517,2,300.4292834,0.166665944,1,0,0,0,1,0,1,0,0,0,0,1,0,0
496,6,721.0579192,0.612035347,1,0,1,0,0,1,1,0,0,1,0,0,0,0
1016,2,62.73387905,0.25484097,4,0,1,0,0,1,0,0,1,1,0,0,0,0
233,9,1012.501123,0.34341355,1,0,1,1,0,0,1,0,0,0,0,1,0,0
102,4,493.9446494,0.227612434,2,0,1,0,1,0,0,1,0,0,0,0,0,1
566,7,440.4139143,0.069498176,0,1,1,0,1,0,0,1,0,1,0,0,0,0
424,6,2184.68426,0.722225272,2,1,1,0,1,0,0,1,0,0,0,1,0,0
563,3,541.0155994,0.159086861,2,0,0,0,1,0,1,0,0,1,0,0,0,0
616,2,13.51391171,0.321442771,1,1,0,0,1,0,1,0,0,0,1,0,0,0
756,4,2571.526324,0.112787153,2,0,0,0,1,0,0,0,1,1,0,0,0,0
198,4,9.830467012,0.299777309,0,1,0,0,1,0,1,0,0,1,0,0,0,0
388,4,614.071517,0.749006989,1,0,1,0,1,0,1,0,0,1,0,0,0,0
585,3,803.2172156,0.30732346,1,0,1,0,1,0,0,1,0,1,0,0,0,0
654,4,1799.115321,0.196050564,2,1,0,0,1,0,0,1,0,0,0,1,0,0
938,7,909.5809978,0.359120033,2,0,1,0,1,0,0,0,1,1,0,0,0,0
691,3,1333.36887,0.535420132,4,0,1,0,1,0,1,0,0,1,0,0,0,0
488,7,1175.471609,0.12892755,0,0,1,1,0,0,0,0,1,0,1,0,0,0
321,4,192.1655065,0.768818946,1,0,1,0,1,0,0,1,0,0,1,0,0,0
387,3,964.42741,0.856424583,3,0,1,0,1,0,0,1,0,0,0,1,0,0
381,10,811.9660164,0.331496247,3,0,1,0,0,1,1,0,0,1,0,0,0,0
631,4,223.7402795,0.340514965,2,0,0,0,1,0,0,1,0,0,0,1,0,0
551,4,109.8763836,0.017669757,2,0,0,0,1,0,1,0,0,1,0,0,0,0
235,2,1114.298752,0.257902718,1,0,0,0,1,0,0,0,1,0,0,1,0,0
412,1,2835.858488,0.040472199,1,0,0,0,1,0,0,1,0,1,0,0,0,0
675,3,1072.891112,0.23082889,0,0,0,0,1,0,0,1,0,1,0,0,0,0
570,1,1107.277028,0.396667412,1,1,0,0,1,0,0,0,1,0,0,1,0,0
613,2,145.8935797,0.428912481,1,1,1,0,1,0,0,1,0,0,1,0,0,0
576,7,227.0108602,0.222292702,2,1,1,0,0,1,1,0,0,0,1,0,0,0
825,3,705.0528995,0.303332441,1,0,1,0,1,0,1,0,0,1,0,0,0,0
547,5,25.54831131,0.574400638,1,1,0,0,1,0,0,0,1,1,0,0,0,0
422,1,881.9105902,0.192973742,2,0,0,0,1,0,0,0,1,0,0,0,1,0
316,4,125.146461,0.510857539,2,0,0,0,1,0,0,0,1,1,0,0,0,0
549,2,426.7247491,0.484350763,0,0,0,0,0,1,1,0,0,0,0,1,0,0
64,2,308.7513401,0.594001089,1,0,1,0,1,0,1,0,0,1,0,0,0,0
463,3,90.04731361,0.451106213,1,0,0,0,0,1,1,0,0,1,0,0,0,0
458,4,691.6638422,0.132601428,1,0,0,0,1,0,0,0,1,0,0,0,1,0
227,1,358.5885147,0.194921702,0,1,0,0,0,1,1,0,0,1,0,0,0,0
314,1,35.98532827,0.207332387,3,0,1,0,1,0,1,0,0,0,0,1,0,0
661,6,470.1941014,0.77116555,1,0,1,0,1,0,1,0,0,1,0,0,0,0
546,2,713.7837686,0.28774356,2,0,0,0,0,1,0,0,1,0,0,0,1,0
520,2,111.7907613,0.218811132,3,0,1,0,0,1,0,1,0,0,1,0,0,0
561,2,703.5696501,0.376199422,1,0,1,0,1,0,0,1,0,1,0,0,0,0
518,1,287.6566051,0.30451004,1,0,0,1,0,0,0,1,0,1,0,0,0,0
748,3,240.5037751,0.236592964,4,1,1,0,1,0,0,1,0,1,0,0,0,0
524,2,1269.684163,0.422238545,2,0,0,0,1,0,1,0,0,1,0,0,0,0
208,4,504.501063,0.272459344,0,0,1,0,1,0,1,0,0,1,0,0,0,0
826,2,379.7531213,0.157731139,3,0,1,0,0,1,1,0,0,0,0,1,0,0
574,2,1341.413121,0.198061455,0,0,0,1,0,0,1,0,0,1,0,0,0,0
382,6,1929.422377,0.549200785,0,0,0,0,1,0,0,1,0,1,0,0,0,0
249,4,302.7668151,0.122576213,2,0,0,0,1,0,1,0,0,0,0,1,0,0
579,5,41.36991696,0.21051198,2,0,0,0,1,0,0,1,0,1,0,0,0,0
476,4,622.4719424,0.262052066,2,0,1,0,1,0,0,1,0,1,0,0,0,0
814,5,1004.644444,0.233920684,1,1,0,0,1,0,1,0,0,1,0,0,0,0
430,6,708.979325,0.029788774,1,0,0,0,1,0,1,0,0,0,1,0,0,0
332,5,931.944635,0.341111441,3,0,1,0,1,0,0,1,0,0,1,0,0,0
679,4,832.405154,0.324076728,2,0,0,0,1,0,1,0,0,0,0,1,0,0
685,3,2498.759962,0.137204983,1,0,0,0,1,0,1,0,0,0,1,0,0,0
533,7,1607.442859,0.324758225,3,0,1,0,0,1,1,0,0,1,0,0,0,0
635,4,113.1066455,0.223497154,1,0,0,0,1,0,0,1,0,0,0,1,0,0
492,6,482.0660535,0.596980799,2,1,0,0,1,0,1,0,0,1,0,0,0,0
546,6,485.2359277,0.547805404,2,0,0,0,1,0,1,0,0,1,0,0,0,0
732,4,487.535727,0.341278079,1,0,0,0,1,0,0,1,0,1,0,0,0,0
625,2,2135.493888,0.227432419,1,1,0,0,1,0,0,0,1,1,0,0,0,0
466,6,317.0372508,0.162289394,2,0,0,0,1,0,0,0,1,1,0,0,0,0
770,2,762.100408,0.184257944,0,0,1,1,0,0,1,0,0,1,0,0,0,0
64,4,1813.106273,0.231219134,1,0,0,0,1,0,1,0,0,0,0,1,0,0
910,4,41.48836668,0.115734519,1,1,0,0,1,0,1,0,0,1,0,0,0,0
158,4,1686.628268,0.09030527,1,0,0,0,1,0,1,0,0,1,0,0,0,0
374,2,1158.396243,0.488218477,1,0,0,0,1,0,1,0,0,0,1,0,0,0
491,5,186.4262232,0.428720385,1,0,0,0,0,1,1,0,0,1,0,0,0,0
470,5,315.040279,0.357466503,1,0,0,1,0,0,1,0,0,0,0,0,1,0
701,4,297.531521,0.543370287,2,0,0,0,1,0,1,0,0,0,1,0,0,0
288,3,200.1102159,0.256771337,1,0,0,0,1,0,0,0,1,1,0,0,0,0
552,4,814.0418876,0.275477467,3,0,1,0,0,1,0,1,0,0,1,0,0,0
384,3,3251.594067,0.377370237,1,0,0,0,1,0,1,0,0,1,0,0,0,0
559,3,145.8045689,0.284402916,2,0,0,0,0,1,0,1,0,1,0,0,0,0
487,7,211.3691894,0.440408381,2,0,1,0,0,1,1,0,0,0,1,0,0,0
518,3,274.4139151,0.704247094,1,0,1,0,1,0,1,0,0,0,1,0,0,0
390,1,2218.980947,0.100201703,2,0,0,1,0,0,0,1,0,0,0,1,0,0
397,2,786.4180411,0.406083688,0,0,0,1,0,0,1,0,0,0,1,0,0,0
557,1,191.2844835,0.37931952,1,0,0,0,0,1,0,1,0,0,0,1,0,0
688,2,1303.667875,0.120502649,0,0,0,0,1,0,1,0,0,1,0,0,0,0
380,3,2049.83834,0.12989244,2,0,0,0,1,0,0,1,0,0,1,0,0,0
326,7,413.2633073,0.229168967,0,0,1,0,1,0,0,1,0,1,0,0,0,0
622,4,151.7833543,0.444916386,1,0,0,0,1,0,0,0,1,1,0,0,0,0
493,7,296.7542037,0.52661864,2,1,1,0,1,0,1,0,0,0,1,0,0,0
666,2,195.815319,0.391537113,4,0,1,0,1,0,1,0,0,1,0,0,0,0
318,1,179.9431331,0.255225799,5,0,1,0,1,0,1,0,0,1,0,0,0,0
144,6,149.8242529,0.095895985,3,0,1,0,1,0,0,0,1,1,0,0,0,0
393,4,1670.287549,0.178718085,2,1,0,0,1,0,1,0,0,1,0,0,0,0
346,4,71.8417593,0.50313097,0,1,0,0,1,0,1,0,0,1,0,0,0,0
484,6,426.6608697,0.458772036,1,0,0,0,0,1,1,0,0,1,0,0,0,0
372,6,11.8757647,0.282781896,3,0,1,0,1,0,1,0,0,0,1,0,0,0
648,6,277.8271138,0.085669432,3,0,1,0,1,0,0,0,1,1,0,0,0,0
442,4,981.8891301,0.322033729,2,0,0,1,0,0,0,1,0,1,0,0,0,0
530,5,181.3556358,0.510303991,2,1,0,0,1,0,1,0,0,1,0,0,0,0
531,4,5334.770085,0.712687183,2,0,1,0,1,0,0,0,1,1,0,0,0,0
538,2,39.60369888,0.448688081,3,0,1,0,0,1,1,0,0,0,0,1,0,0
495,4,117.3939741,0.085161477,2,0,0,0,0,1,0,0,1,1,0,0,0,0
602,5,1236.723549,0.011433485,1,0,0,0,1,0,0,1,0,1,0,0,0,0
340,5,2983.706382,0.258866951,1,1,1,0,0,1,1,0,0,0,0,1,0,0
779,5,2463.517332,0.254685411,1,0,0,0,0,1,1,0,0,0,1,0,0,0
452,2,1280.527031,0.416935848,0,0,0,0,1,0,0,0,1,1,0,0,0,0
237,1,2889.136862,0.170312076,1,0,0,0,1,0,1,0,0,1,0,0,0,0
537,3,1470.047312,0.285847869,2,0,0,0,1,0,0,0,1,1,0,0,0,0
329,9,47.82106231,0.101672283,2,0,1,0,1,0,0,0,1,0,0,1,0,0
633,6,1494.743708,0.194229385,2,0,0,0,1,0,0,1,0,1,0,0,0,0
941,1,528.9776988,0.174197642,3,0,1,0,0,1,1,0,0,1,0,0,0,0
342,3,488.1532593,0.252832598,0,0,0,0,1,0,1,0,0,0,1,0,0,0
566,3,2.024412717,0.375458724,1,0,1,0,1,0,0,1,0,1,0,0,0,0
148,3,774.6088041,0.158854372,2,0,0,0,1,0,0,1,0,0,1,0,0,0
590,7,890.8394494,0.108828672,3,0,1,0,1,0,1,0,0,0,0,1,0,0
322,4,1251.248346,0.576319413,3,1,1,0,1,0,0,0,1,0,0,0,0,1
375,1,315.5643341,0.193952675,1,0,0,0,1,0,0,0,1,1,0,0,0,0
279,1,109.6952638,0.210869889,0,0,1,0,1,0,1,0,0,1,0,0,0,0
646,4,463.6409831,0.483581887,3,0,1,0,0,1,0,1,0,1,0,0,0,0
701,2,359.8947193,0.297111674,0,0,0,0,1,0,0,1,0,1,0,0,0,0
504,4,1119.125228,0.069160201,2,0,0,0,1,0,1,0,0,0,0,1,0,0
327,5,208.5089367,0.100789926,1,0,0,0,1,0,1,0,0,0,0,1,0,0
817,3,118.9587037,0.41086497,1,1,0,0,1,0,0,1,0,1,0,0,0,0
349,2,464.1198133,0.105242583,1,0,0,0,1,0,1,0,0,0,0,1,0,0
67,2,791.0667546,0.460743427,1,0,0,0,1,0,0,1,0,0,0,1,0,0
591,1,263.9124857,0.604366555,1,0,1,0,0,1,0,1,0,1,0,0,0,0
279,5,97.22187456,0.026214627,2,0,0,0,1,0,1,0,0,0,1,0,0,0
697,5,462.593493,0.110199926,2,0,0,0,1,0,1,0,0,1,0,0,0,0
423,8,2613.557266,0.308549784,3,0,1,0,1,0,0,1,0,0,1,0,0,0
620,4,2736.658308,0.160804753,2,0,0,0,0,1,1,0,0,1,0,0,0,0
780,1,986.6818744,0.307707889,1,0,0,0,1,0,1,0,0,0,0,0,1,0
258,4,1201.017361,0.138525986,2,0,1,0,0,1,1,0,0,1,0,0,0,0
386,3,182.0327013,0.597224498,3,1,1,0,1,0,1,0,0,1,0,0,0,0
484,2,375.5600508,0.192607434,2,0,0,0,1,0,1,0,0,1,0,0,0,0
807,3,742.59785,0.49294352,3,1,1,0,0,1,1,0,0,1,0,0,0,0
368,9,1110.369791,0.379157277,2,0,1,0,0,1,1,0,0,1,0,0,0,0
381,1,145.8171826,0.10939429,2,0,0,0,1,0,1,0,0,1,0,0,0,0
595,4,489.4430825,0.355954255,1,1,0,0,1,0,0,1,0,1,0,0,0,0
384,2,142.1102394,0.267788303,1,0,0,0,1,0,1,0,0,0,0,0,1,0
530,5,802.6967448,0.207339909,0,0,0,0,1,0,0,1,0,1,0,0,0,0
189,3,1183.297071,0.44682714,2,0,1,0,0,1,0,0,1,0,1,0,0,0
942,3,1433.288246,0.433942279,2,0,1,0,1,0,1,0,0,0,1,0,0,0
230,5,1054.505401,0.228038196,2,1,1,0,1,0,0,1,0,0,1,0,0,0
435,2,138.6689842,0.226957561,3,1,1,0,0,1,1,0,0,0,1,0,0,0
493,3,1410.126929,0.476767766,1,0,0,0,1,0,1,0,0,1,0,0,0,0
882,2,325.6698356,0.277990041,1,0,0,0,1,0,0,1,0,0,0,1,0,0
235,5,1445.172039,0.323605272,0,0,1,0,0,1,0,0,1,0,1,0,0,0
896,1,231.1068949,0.394823864,2,0,0,0,1,0,0,1,0,1,0,0,0,0
651,4,516.5579601,0.19257149,1,0,0,0,1,0,1,0,0,1,0,0,0,0
583,1,687.4969181,0.653675196,1,0,1,0,1,0,1,0,0,0,1,0,0,0
303,4,28.27093354,0.258282054,2,0,0,0,1,0,1,0,0,0,0,0,1,0
614,5,1872.184422,0.103898872,2,0,0,0,1,0,0,1,0,1,0,0,0,0
355,4,573.2035379,0.067268201,0,0,0,0,1,0,1,0,0,1,0,0,0,0
753,4,170.5959336,0.755800844,1,0,1,1,0,0,1,0,0,1,0,0,0,0
305,2,140.2563487,0.215710668,0,0,0,1,0,0,0,1,0,1,0,0,0,0
477,10,928.0878466,0.668260809,2,1,1,0,0,1,1,0,0,1,0,0,0,0
388,3,68.21376932,0.423655257,2,0,0,0,1,0,0,1,0,1,0,0,0,0
302,2,463.6001495,0.227833527,2,0,0,1,0,0,0,1,0,0,1,0,0,0
648,11,621.7040203,0.366684261,2,0,1,0,1,0,0,0,1,0,1,0,0,0
607,6,212.3515098,0.398209877,1,0,0,0,1,0,1,0,0,1,0,0,0,0
741,2,110.6742246,0.238356613,1,0,0,0,0,1,1,0,0,0,1,0,0,0
144,3,539.7847078,0.145084778,1,0,0,0,1,0,0,0,1,0,0,1,0,0
712,2,332.8097502,0.350304907,2,1,0,0,1,0,1,0,0,1,0,0,0,0
1001,3,120.8831057,0.284362032,2,0,0,0,0,1,1,0,0,1,0,0,0,0
409,5,188.9562872,0.380929576,4,0,1,0,1,0,1,0,0,0,1,0,0,0
879,5,509.3222638,0.337265754,2,1,1,0,1,0,0,0,1,0,1,0,0,0
447,3,114.2195463,0.156853234,1,0,1,0,1,0,1,0,0,1,0,0,0,0
225,4,2200.590798,0.395232077,2,0,1,0,0,1,1,0,0,0,0,0,0,1
438,5,1194.94624,0.435006447,1,0,0,0,1,0,0,1,0,0,0,1,0,0
709,3,315.0954841,0.203770486,1,0,0,0,1,0,1,0,0,1,0,0,0,0
332,5,239.1084916,0.182076191,0,0,0,0,1,0,0,1,0,1,0,0,0,0
379,5,1659.057135,0.203421065,1,0,0,0,1,0,0,1,0,1,0,0,0,0
618,6,445.3952069,0.076231172,1,0,0,1,0,0,0,1,0,1,0,0,0,0
500,4,1588.573432,0.163151106,0,0,0,0,1,0,0,0,1,0,0,0,1,0
616,2,1085.25293,0.160548652,1,0,0,0,1,0,0,1,0,1,0,0,0,0
547,7,77.31269904,0.050069826,1,0,1,0,1,0,1,0,0,0,0,0,1,0
595,4,1343.905198,0.667916638,1,1,1,0,0,1,1,0,0,0,1,0,0,0
413,4,621.0161771,0.290041945,1,1,0,0,1,0,0,1,0,1,0,0,0,0
546,3,905.5701633,0.385030519,1,0,0,0,1,0,0,1,0,1,0,0,0,0
314,6,197.7486783,0.260359682,3,0,1,0,1,0,0,0,1,1,0,0,0,0
757,5,0.5,0.618102341,0,0,1,0,1,0,1,0,0,0,0,1,0,0
373,2,324.7979116,0.322689811,1,0,1,0,0,1,1,0,0,0,0,0,0,1
725,1,169.1966585,0.334506913,1,0,0,0,0,1,0,1,0,0,1,0,0,0
453,10,457.0502663,0.211580935,1,0,1,0,0,1,1,0,0,1,0,0,0,0
540,2,76.23821763,0.089508117,1,0,0,0,0,1,1,0,0,0,0,0,0,1
401,7,1803.388788,0.121685447,2,0,1,0,0,1,0,0,1,0,1,0,0,0
296,2,101.1074208,0.382812792,0,0,0,0,1,0,1,0,0,0,0,1,0,0
151,6,1155.765908,0.386308309,1,0,0,0,0,1,1,0,0,1,0,0,0,0
288,2,2241.772647,0.388758616,0,0,1,0,1,0,0,1,0,0,1,0,0,0
435,3,128.3495529,0.078100049,2,0,0,0,1,0,1,0,0,1,0,0,0,0
542,4,340.3017885,0.54673166,3,0,1,0,1,0,1,0,0,1,0,0,0,0
702,5,1050.620979,0.210425843,2,0,0,1,0,0,1,0,0,0,1,0,0,0
410,5,1002.704346,0.365286654,0,1,1,0,1,0,0,1,0,1,0,0,0,0
323,2,30.48974407,0.662997049,1,0,1,0,0,1,0,1,0,0,1,0,0,0
211,5,58.65381359,0.408747904,1,0,0,0,1,0,1,0,0,0,0,0,1,0
596,6,102.3936458,0.231170562,2,1,0,0,1,0,1,0,0,0,0,1,0,0
776,3,671.5042455,0.488699479,0,0,0,0,1,0,1,0,0,0,0,1,0,0
753,4,45.29277598,0.22445378,4,0,1,0,1,0,0,1,0,1,0,0,0,0
641,1,710.1819554,0.040288049,1,0,0,0,1,0,0,0,1,1,0,0,0,0
627,2,335.4021577,0.165793559,2,0,0,0,1,0,1,0,0,0,1,0,0,0
839,2,885.5021224,0.404679597,2,0,0,0,0,1,0,1,0,1,0,0,0,0
566,3,1218.763541,0.405385287,2,0,0,0,1,0,1,0,0,0,0,1,0,0
629,2,1253.866796,0.347202683,0,1,1,0,1,0,1,0,0,1,0,0,0,0
435,6,30.6890398,0.687415323,0,0,1,0,1,0,1,0,0,0,0,1,0,0
227,1,2352.924472,0.065439333,1,0,0,0,1,0,0,1,0,0,1,0,0,0
363,4,706.7612833,0.023919097,2,0,0,0,1,0,0,1,0,0,0,1,0,0
498,1,1808.380196,0.576011096,2,0,0,0,1,0,1,0,0,0,0,0,1,0
512,5,763.9112883,0.404809953,2,0,0,0,1,0,0,0,1,1,0,0,0,0
885,3,529.5002699,0.558736303,0,0,0,0,1,0,1,0,0,0,1,0,0,0
516,3,1046.662959,0.1355579,1,0,0,0,0,1,1,0,0,1,0,0,0,0
735,5,198.1757311,0.725660596,1,0,1,0,0,1,1,0,0,1,0,0,0,0
412,5,87.16131864,0.436051956,1,0,0,0,1,0,0,0,1,0,0,1,0,0
437,2,75.88665886,0.05972504,2,0,0,0,1,0,0,0,1,1,0,0,0,0
234,3,1513.101571,0.152762389,0,0,0,0,1,0,1,0,0,0,0,0,0,1
351,1,1948.388588,0.21787024,2,0,0,0,1,0,1,0,0,1,0,0,0,0
605,6,1347.389509,0.362170004,1,1,0,0,0,1,0,1,0,0,0,1,0,0
501,4,1878.347447,0.738043208,2,0,1,0,1,0,0,1,0,0,1,0,0,0
688,6,3347.892961,0.295888058,0,0,0,0,1,0,0,1,0,0,0,1,0,0
536,5,597.3377473,0.180405164,1,0,0,0,1,0,1,0,0,1,0,0,0,0
429,4,133.675807,0.217927538,1,0,0,1,0,0,1,0,0,1,0,0,0,0
929,1,749.0448041,0.516027172,1,0,0,0,0,1,1,0,0,1,0,0,0,0
481,8,349.4324573,0.300171769,3,0,1,0,0,1,0,0,1,1,0,0,0,0
732,8,340.2672721,0.130282804,1,0,1,0,1,0,1,0,0,0,0,0,1,0
419,2,1040.998389,0.225659667,1,1,0,0,1,0,0,0,1,1,0,0,0,0
641,6,76.02078168,0.474200287,1,0,0,0,1,0,1,0,0,0,0,1,0,0
685,3,30.60316043,0.160105246,2,1,0,0,1,0,0,1,0,0,0,1,0,0
541,5,950.6750417,0.244421365,2,1,0,0,1,0,1,0,0,0,0,0,1,0
64,3,241.6734208,0.332438153,0,0,0,0,1,0,0,0,1,1,0,0,0,0
503,4,389.5586359,0.196280815,1,0,1,0,1,0,0,0,1,0,0,1,0,0
746,4,294.1112763,0.255208255,1,0,0,0,0,1,1,0,0,0,1,0,0,0
605,7,763.2796672,0.202939925,1,0,1,0,1,0,1,0,0,1,0,0,0,0
589,7,134.2763915,0.311365618,1,0,1,0,1,0,1,0,0,1,0,0,0,0
155,5,1020.054463,0.549319263,2,0,0,0,1,0,0,0,1,0,0,1,0,0
355,1,2071.434982,0.580782036,5,0,1,0,1,0,1,0,0,1,0,0,0,0
582,6,1446.841442,0.573363619,4,0,1,0,1,0,1,0,0,1,0,0,0,0
582,4,1900.442708,0.03046483,2,1,0,0,1,0,0,0,1,1,0,0,0,0
742,3,2212.596718,0.232085025,1,1,0,0,1,0,0,1,0,1,0,0,0,0
471,3,372.5979133,0.240946053,0,0,0,0,1,0,0,0,1,0,0,1,0,0
581,7,1270.689978,0.388225645,2,1,1,0,1,0,0,1,0,1,0,0,0,0
503,3,546.2812738,0.284642953,1,0,0,0,1,0,1,0,0,1,0,0,0,0
302,4,251.5200535,0.429001603,1,1,1,0,1,0,0,0,1,0,0,0,0,1
64,8,1099.119673,0.423628867,1,0,1,0,1,0,0,1,0,0,0,1,0,0
586,10,223.907194,0.177989399,2,0,1,0,1,0,0,1,0,0,0,0,0,1
534,3,92.88603682,0.405350773,0,0,0,0,0,1,1,0,0,0,0,1,0,0
376,1,975.5928977,0.312212889,1,0,0,0,1,0,0,0,1,0,0,1,0,0
176,5,271.2420655,0.31405454,1,0,1,0,1,0,0,0,1,1,0,0,0,0
625,2,292.1330281,0.46286718,1,0,0,0,0,1,1,0,0,1,0,0,0,0
446,6,1703.731626,0.350682716,3,0,1,0,0,1,1,0,0,0,1,0,0,0
611,4,116.5194787,0.275876111,2,0,0,1,0,0,0,1,0,0,1,0,0,0
872,3,1158.011789,0.443824472,2,0,0,0,1,0,1,0,0,0,1,0,0,0
71,3,390.4852542,0.392104424,2,0,0,0,1,0,1,0,0,0,0,1,0,0
360,2,1788.01855,0.764862287,1,0,1,0,1,0,0,1,0,1,0,0,0,0
458,2,464.3466629,0.443981954,0,0,1,0,1,0,1,0,0,0,0,1,0,0
790,4,420.7823958,0.297874407,2,0,0,1,0,0,0,0,1,1,0,0,0,0
172,2,449.5072427,0.183794183,1,0,0,0,1,0,0,0,1,1,0,0,0,0
887,6,1454.600001,0.156078686,1,0,0,0,0,1,0,0,1,0,1,0,0,0
527,9,8.452662178,0.266432086,2,0,1,0,1,0,1,0,0,1,0,0,0,0
480,1,976.2525526,0.338277319,1,0,1,0,1,0,1,0,0,1,0,0,0,0
460,8,183.7723934,0.093898342,4,0,1,0,0,1,0,1,0,0,0,0,0,1
412,5,1710.50794,0.449364714,3,0,1,0,0,1,0,1,0,1,0,0,0,0
709,4,377.1899009,0.093637237,0,0,0,1,0,0,1,0,0,1,0,0,0,0
286,4,331.1473894,0.140007595,0,0,0,0,0,1,1,0,0,1,0,0,0,0
569,3,997.5721169,0.422476703,2,0,0,0,1,0,0,1,0,1,0,0,0,0
423,1,1025.400507,0.39665343,0,0,0,0,1,0,1,0,0,1,0,0,0,0
347,1,803.4660737,0.253747355,1,0,0,0,0,1,1,0,0,1,0,0,0,0
1017,2,320.1531041,0.36380765,1,1,0,0,1,0,1,0,0,1,0,0,0,0
583,1,754.0113686,0.447300973,2,0,0,0,1,0,0,1,0,0,0,1,0,0
622,8,44.63508092,0.302575915,1,0,1,0,1,0,0,1,0,1,0,0,0,0
727,5,2484.077245,0.615824871,0,0,1,0,1,0,1,0,0,0,1,0,0,0
215,3,482.2238106,0.407100645,1,0,0,0,1,0,0,1,0,0,0,1,0,0
850,8,290.4738235,0.409041251,1,0,1,0,0,1,1,0,0,1,0,0,0,0
64,5,1577.354054,0.125491114,1,0,0,0,1,0,0,0,1,0,1,0,0,0
346,5,313.4533222,0.665480495,3,1,1,0,1,0,1,0,0,1,0,0,0,0
408,6,4694.950949,0.52879298,5,0,1,0,0,1,1,0,0,0,0,1,0,0
616,6,938.4951034,0.272748978,2,0,0,0,1,0,0,1,0,1,0,0,0,0
543,4,838.8937912,0.034718091,1,0,0,0,0,1,1,0,0,1,0,0,0,0
466,4,131.7644053,0.112659143,1,0,0,0,1,0,1,0,0,1,0,0,0,0
497,5,753.0052446,0.531803929,1,0,0,1,0,0,1,0,0,1,0,0,0,0
304,2,134.8532109,0.25169141,3,0,1,0,1,0,0,1,0,0,1,0,0,0
200,5,1224.516752,0.582203532,2,0,0,0,1,0,0,0,1,1,0,0,0,0
645,5,119.1735477,0.166545843,2,0,0,0,0,1,0,1,0,0,0,1,0,0
638,1,355.5718942,0.659619357,1,0,1,0,0,1,0,1,0,1,0,0,0,0
816,1,518.1304132,0.30716184,0,0,0,0,1,0,0,1,0,1,0,0,0,0
341,3,1308.599078,0.52612281,1,0,0,1,0,0,0,0,1,0,0,0,1,0
638,4,801.3921889,0.07117848,0,0,1,0,1,0,1,0,0,1,0,0,0,0
443,5,1102.557343,0.24153526,1,0,0,1,0,0,1,0,0,1,0,0,0,0
738,7,223.7437264,0.363838506,2,1,1,0,1,0,1,0,0,0,1,0,0,0
704,7,216.6740696,0.455618145,1,0,1,0,1,0,1,0,0,1,0,0,0,0
542,2,383.2289581,0.212695876,1,0,1,0,1,0,1,0,0,1,0,0,0,0
432,8,15.08604841,0.35417955,1,0,1,0,1,0,1,0,0,1,0,0,0,0
692,4,1420.885926,0.365305142,1,0,1,0,1,0,0,0,1,1,0,0,0,0
629,2,369.5885638,0.231785288,1,0,0,0,1,0,0,1,0,0,1,0,0,0
363,3,55.95491947,0.551553981,0,0,0,0,1,0,1,0,0,1,0,0,0,0
234,6,1645.927804,0.009943393,1,0,0,0,1,0,1,0,0,1,0,0,0,0
442,5,2749.287298,0.40845036,2,0,0,0,1,0,0,1,0,1,0,0,0,0
803,4,832.088774,0.518905749,1,0,0,0,0,1,0,1,0,1,0,0,0,0
729,4,352.7763535,0.197660497,2,0,0,0,1,0,0,1,0,0,0,1,0,0
277,3,427.2167013,0.361364606,2,0,0,0,0,1,1,0,0,1,0,0,0,0
266,4,236.7387929,0.693948107,5,0,1,1,0,0,0,1,0,1,0,0,0,0
754,2,993.8254528,0.225691352,1,1,0,0,1,0,0,0,1,1,0,0,0,0
272,8,352.1347823,0.476325297,1,1,1,1,0,0,1,0,0,0,0,1,0,0
601,2,26.41848251,0.135354562,4,0,1,0,1,0,0,1,0,1,0,0,0,0
376,1,37.80929849,0.220692859,1,0,0,0,1,0,1,0,0,1,0,0,0,0
823,9,763.0893381,0.161740999,1,0,1,0,1,0,1,0,0,0,0,1,0,0
345,4,274.4250485,0.11806886,3,0,1,0,1,0,0,1,0,1,0,0,0,0
728,4,147.7073559,0.237016058,3,0,1,0,0,1,0,1,0,0,0,1,0,0
536,6,643.021778,0.75942658,1,0,1,0,1,0,1,0,0,1,0,0,0,0
550,1,261.0679085,0.764658187,2,1,1,0,1,0,0,0,1,1,0,0,0,0
105,4,60.93078189,0.346350173,2,0,1,0,0,1,1,0,0,0,0,1,0,0
64,5,172.1228358,0.344753104,1,0,0,0,1,0,0,1,0,0,1,0,0,0
455,2,1203.726244,0.274778446,2,0,0,0,1,0,1,0,0,0,1,0,0,0
549,3,1528.49639,0.444431567,1,0,0,0,1,0,0,0,1,1,0,0,0,0
274,1,1645.503225,0.43136862,2,0,0,0,0,1,1,0,0,0,1,0,0,0
282,2,612.286825,0.103967332,3,0,1,0,0,1,1,0,0,1,0,0,0,0
612,4,2411.950538,0.310689872,3,0,1,0,1,0,0,0,1,0,1,0,0,0
612,6,131.5873434,0.160010714,2,0,0,0,1,0,0,1,0,0,0,1,0,0
472,6,907.4483405,0.093905773,0,0,0,0,1,0,0,0,1,0,0,1,0,0
656,4,974.6239373,0.404313889,2,0,0,0,1,0,1,0,0,1,0,0,0,0
265,3,43.72158758,0.326778441,0,0,1,0,0,1,0,1,0,1,0,0,0,0
428,7,265.5274882,0.08664407,2,0,1,0,1,0,0,1,0,1,0,0,0,0
829,7,2381.499141,0.168864859,1,0,1,0,1,0,0,0,1,1,0,0,0,0
513,6,1138.462634,0.42885975,0,0,0,0,0,1,1,0,0,0,0,1,0,0
525,4,44.99721602,0.598679684,2,0,0,0,0,1,1,0,0,1,0,0,0,0
961,4,622.6047993,0.168333368,1,0,1,0,1,0,0,1,0,1,0,0,0,0
220,6,836.7145834,0.297958506,2,0,1,0,1,0,1,0,0,0,0,0,0,1
659,1,2892.00952,0.173767088,3,0,1,0,1,0,0,1,0,0,0,1,0,0
832,2,1008.24867,0.382949383,1,0,0,0,1,0,0,0,1,1,0,0,0,0
435,4,814.3353645,0.179741957,1,0,0,0,1,0,0,0,1,0,0,1,0,0
671,3,1913.373209,0.512764733,1,0,1,0,1,0,1,0,0,0,0,1,0,0
303,4,865.2561103,0.382985622,2,1,0,0,0,1,0,1,0,0,1,0,0,0
362,5,2152.035358,0.556104503,1,1,0,1,0,0,0,1,0,0,0,1,0,0
576,2,543.0422984,0.147868738,2,0,0,0,1,0,1,0,0,1,0,0,0,0
659,6,1014.283099,0.127098524,3,0,1,0,1,0,0,1,0,1,0,0,0,0
724,4,799.2046988,0.083137781,3,0,1,0,0,1,0,0,1,1,0,0,0,0
813,5,643.3095168,0.353545617,2,0,0,0,0,1,1,0,0,1,0,0,0,0
486,3,313.3617085,0.476839788,3,0,1,0,0,1,0,1,0,0,1,0,0,0
738,2,1872.881374,0.492922669,0,0,0,0,1,0,1,0,0,1,0,0,0,0
431,1,251.8175314,0.348894601,2,0,0,0,1,0,0,0,1,1,0,0,0,0
680,1,138.9014266,0.136675321,1,0,0,0,0,1,1,0,0,0,1,0,0,0
541,6,995.9750491,0.457869064,4,0,1,0,1,0,0,1,0,0,0,1,0,0
589,3,632.7012239,0.01829726,0,1,0,0,1,0,0,1,0,1,0,0,0,0
584,2,243.9826772,0.061515866,1,0,0,0,1,0,0,1,0,1,0,0,0,0
179,8,1634.072176,0.159008878,0,0,1,0,0,1,1,0,0,1,0,0,0,0
275,4,269.7299013,0.41673704,1,0,0,0,1,0,0,1,0,0,0,1,0,0
520,2,52.72560216,0.420538721,3,0,1,0,0,1,0,1,0,0,0,1,0,0
162,1,12.38880702,0.20289303,1,0,1,0,1,0,1,0,0,1,0,0,0,0
666,6,2049.654948,0.569874139,1,1,0,0,0,1,0,1,0,0,1,0,0,0
674,4,411.5699165,0.415148942,1,0,1,0,1,0,1,0,0,0,0,1,0,0
565,7,192.1187614,0.488108045,4,1,1,0,1,0,0,1,0,1,0,0,0,0
275,2,669.8014335,0.305410416,0,0,0,0,0,1,0,1,0,0,1,0,0,0
776,1,535.3658943,0.315570571,3,1,1,0,0,1,1,0,0,1,0,0,0,0
907,2,7005.647222,0.187312319,3,0,1,0,0,1,1,0,0,1,0,0,0,0
529,3,1755.020249,0.248945979,2,0,0,0,1,0,1,0,0,0,0,1,0,0
602,5,252.9775078,0.440968857,1,0,0,0,1,0,0,1,0,1,0,0,0,0
540,3,957.0933827,0.144450777,1,0,0,0,1,0,1,0,0,1,0,0,0,0
606,3,391.7403013,0.549742961,0,0,1,0,1,0,0,1,0,1,0,0,0,0
476,2,362.5960814,0.486466389,1,1,1,0,0,1,1,0,0,0,0,1,0,0
493,9,365.9635416,0.134776209,3,0,1,0,1,0,1,0,0,0,0,0,0,1
681,7,815.667532,0.363784059,2,0,1,0,1,0,1,0,0,0,0,0,1,0
969,9,617.7243795,0.700112115,2,1,1,0,1,0,1,0,0,1,0,0,0,0
219,3,1125.360682,0.123760746,4,0,1,0,1,0,0,0,1,1,0,0,0,0
479,6,132.8302992,0.361483764,2,0,0,0,0,1,0,1,0,0,0,1,0,0
263,3,443.3025629,0.477294154,2,0,0,0,1,0,0,1,0,0,1,0,0,0
818,3,1574.73845,0.233041002,1,0,0,0,1,0,1,0,0,0,1,0,0,0
382,2,2.53552539,0.096072158,1,0,0,0,0,1,1,0,0,1,0,0,0,0
211,4,781.4533156,0.630077282,3,0,1,0,1,0,1,0,0,1,0,0,0,0
627,2,1232.440917,0.462666085,1,0,0,0,1,0,0,0,1,1,0,0,0,0
848,4,387.4176772,0.216277953,1,0,0,0,1,0,0,1,0,1,0,0,0,0
632,3,1720.688088,0.201284566,1,0,0,0,1,0,1,0,0,1,0,0,0,0
540,3,1064.511252,0.411979066,2,1,0,0,1,0,1,0,0,0,1,0,0,0
581,2,745.2213518,0.060142759,0,0,0,0,1,0,0,1,0,1,0,0,0,0
782,6,176.8390756,0.349923158,1,0,1,0,1,0,0,0,1,1,0,0,0,0
325,5,887.1821198,0.073549502,1,0,1,0,1,0,0,1,0,0,0,0,0,1
477,3,1435.491251,0.118304875,1,0,0,0,1,0,1,0,0,1,0,0,0,0
409,6,1047.197203,0.392847628,1,0,0,0,1,0,1,0,0,1,0,0,0,0
266,4,684.2634988,0.528952406,1,0,0,0,0,1,0,1,0,0,0,1,0,0
434,4,1003.025939,0.580502069,3,0,1,0,1,0,1,0,0,1,0,0,0,0
721,2,3013.942491,0.540900824,0,1,1,0,0,1,0,1,0,1,0,0,0,0
613,3,8.690505408,0.238924985,1,0,0,0,1,0,0,1,0,0,0,0,0,1
628,5,872.3453575,0.175937832,1,0,0,0,1,0,0,0,1,1,0,0,0,0
529,3,1260.000516,0.161926731,1,0,0,0,1,0,1,0,0,1,0,0,0,0
604,2,814.8615063,0.242769406,2,0,0,1,0,0,1,0,0,1,0,0,0,0
339,4,255.1643915,0.459788286,2,0,0,0,1,0,1,0,0,1,0,0,0,0
438,2,1384.188675,0.160020163,2,0,0,0,1,0,0,0,1,0,0,0,1,0
538,6,1956.232945,0.607288661,2,0,1,1,0,0,1,0,0,1,0,0,0,0
555,3,920.3575903,0.803966977,1,1,1,0,0,1,0,1,0,1,0,0,0,0
564,4,572.3538319,0.658331317,1,0,1,0,1,0,1,0,0,1,0,0,0,0
472,1,364.9700553,0.521103707,0,0,0,1,0,0,0,0,1,0,1,0,0,0
424,5,320.4498268,0.317407398,0,0,0,0,0,1,0,0,1,1,0,0,0,0
1131,4,1027.647948,0.371048743,3,0,1,0,1,0,1,0,0,0,0,0,0,1
681,4,747.4077532,0.267166457,0,0,0,0,1,0,1,0,0,0,1,0,0,0
582,4,136.4888647,0.588288476,3,0,1,0,1,0,0,1,0,0,1,0,0,0
453,4,121.6790982,0.503141462,1,0,0,0,1,0,0,0,1,1,0,0,0,0
409,2,59.00266504,0.140409577,2,0,0,0,0,1,0,1,0,1,0,0,0,0
473,4,920.3757575,0.040358155,3,0,1,0,1,0,1,0,0,0,0,1,0,0
558,4,301.9271564,0.554878249,1,0,0,0,1,0,0,1,0,1,0,0,0,0
123,7,16.3601242,0.310679655,2,0,1,0,0,1,1,0,0,0,0,0,0,1
186,3,329.6205482,0.33548859,2,0,0,0,1,0,0,1,0,1,0,0,0,0
372,3,1427.588718,0.353743845,1,1,0,1,0,0,1,0,0,0,0,1,0,0
541,7,227.6562341,0.431642765,0,0,1,1,0,0,0,0,1,1,0,0,0,0
452,6,803.1132326,0.214916702,1,0,0,0,0,1,0,0,1,0,0,1,0,0
795,3,463.3851954,0.524321878,1,0,0,0,0,1,1,0,0,0,1,0,0,0
203,2,636.8456933,0.493415679,3,0,1,0,1,0,1,0,0,1,0,0,0,0
349,4,724.6223635,0.11421974,1,0,0,0,1,0,0,1,0,1,0,0,0,0
804,2,485.2981762,0.26950383,2,0,0,0,1,0,1,0,0,0,0,1,0,0
526,4,47.67758564,0.139847528,0,0,0,0,1,0,0,1,0,1,0,0,0,0
676,4,670.8999086,0.478259616,2,0,0,0,1,0,0,1,0,0,1,0,0,0
910,8,405.3670375,0.428751871,0,0,1,0,1,0,1,0,0,0,1,0,0,0
361,8,178.3947556,0.467257751,1,0,1,1,0,0,0,1,0,0,1,0,0,0
480,5,1814.610352,0.653232883,1,0,1,0,0,1,1,0,0,1,0,0,0,0
445,4,1065.648568,0.169138248,2,0,0,0,1,0,0,0,1,1,0,0,0,0
109,5,267.3363473,0.235879598,2,0,0,0,1,0,1,0,0,1,0,0,0,0
437,1,619.4114772,0.32348322,2,0,0,0,1,0,1,0,0,0,0,1,0,0
676,4,2639.920578,0.763098859,2,1,1,0,0,1,0,0,1,1,0,0,0,0
608,8,225.3192562,0.582804968,2,0,1,0,1,0,1,0,0,0,1,0,0,0
623,2,2355.79531,0.498436302,0,1,1,0,1,0,0,0,1,1,0,0,0,0
424,6,919.9952363,0.324448004,1,1,0,0,1,0,1,0,0,0,0,0,1,0
368,4,622.6793946,0.007670223,1,0,0,0,1,0,1,0,0,0,0,1,0,0
753,3,3269.467508,0.497716169,2,0,0,1,0,0,1,0,0,1,0,0,0,0
400,10,324.8228472,0.130847842,0,0,1,0,1,0,0,0,1,1,0,0,0,0
558,1,260.8403165,0.227244444,0,1,0,0,1,0,1,0,0,1,0,0,0,0
532,3,331.9195071,0.27718537,1,0,0,0,0,1,0,1,0,0,0,1,0,0
792,6,1111.787102,0.395035836,1,1,1,0,0,1,1,0,0,0,1,0,0,0
694,4,328.7921314,0.574950278,0,0,0,0,0,1,0,0,1,0,0,0,1,0
240,4,86.74761649,0.137903828,0,0,1,0,1,0,1,0,0,0,0,0,0,1
262,3,826.9612864,0.112369693,2,0,0,0,1,0,1,0,0,0,0,0,1,0
615,4,201.8350579,0.269362051,0,0,0,0,1,0,0,1,0,0,0,1,0,0
487,7,3.337408024,0.46186626,2,0,1,0,1,0,0,1,0,1,0,0,0,0
408,5,177.6727212,0.506306905,1,0,0,0,1,0,1,0,0,1,0,0,0,0
703,5,1368.049636,0.700092213,3,0,1,0,1,0,1,0,0,1,0,0,0,0
537,8,2254.043506,0.08796844,1,0,1,0,1,0,0,0,1,0,0,1,0,0
510,3,867.6557923,0.411841728,4,0,1,0,0,1,1,0,0,1,0,0,0,0
655,2,297.4190123,0.22554897,2,0,0,0,1,0,1,0,0,1,0,0,0,0
424,5,458.8665898,0.369088242,3,0,1,0,0,1,1,0,0,1,0,0,0,0
813,2,173.0820707,0.383828197,2,0,1,0,1,0,1,0,0,0,0,1,0,0
342,7,1701.413868,0.083268302,1,0,1,0,1,0,0,0,1,0,0,1,0,0
631,3,876.2898113,0.314099671,1,0,0,0,1,0,0,1,0,1,0,0,0,0
786,5,70.55155968,0.304887861,0,0,0,0,0,1,1,0,0,1,0,0,0,0
224,3,365.7440777,0.239964037,1,0,0,0,1,0,0,1,0,1,0,0,0,0
431,3,617.7914399,0.369191872,1,0,0,0,0,1,0,1,0,0,0,0,0,1
728,7,1276.94131,0.394956758,1,0,1,0,1,0,1,0,0,1,0,0,0,0
731,6,2025.644905,0.284850683,1,1,0,0,0,1,1,0,0,1,0,0,0,0
465,6,113.871759,0.356318236,2,0,0,0,1,0,0,1,0,0,0,1,0,0
353,6,1439.295881,0.182691079,3,1,1,0,0,1,0,0,1,1,0,0,0,0
691,2,54.43789221,0.276000452,2,1,0,0,1,0,1,0,0,0,0,1,0,0
736,3,220.0659283,0.220774372,2,0,0,0,0,1,1,0,0,1,0,0,0,0
267,2,16.98895383,0.580554614,1,0,0,0,1,0,0,0,1,1,0,0,0,0
259,1,52.76517535,0.217419792,2,0,0,0,1,0,1,0,0,1,0,0,0,0
545,4,26.36588897,0.210780792,2,1,0,0,0,1,1,0,0,0,0,1,0,0
625,6,126.2666311,0.213238711,1,0,0,0,1,0,0,1,0,1,0,0,0,0
440,3,1673.393183,0.155924287,2,0,0,0,1,0,0,1,0,0,1,0,0,0
635,6,267.0663559,0.395323819,3,0,1,0,0,1,0,0,1,1,0,0,0,0
357,1,522.7033622,0.136853018,4,0,1,0,1,0,1,0,0,0,0,1,0,0
77,2,534.1650385,0.382631154,3,0,1,0,1,0,1,0,0,1,0,0,0,0
415,6,4281.869785,0.361346498,1,0,0,0,1,0,1,0,0,1,0,0,0,0
512,2,362.8922492,0.347910318,2,0,0,0,0,1,1,0,0,0,0,0,1,0
444,4,246.4159435,0.739386725,1,0,1,0,1,0,0,0,1,0,1,0,0,0
268,4,2642.778273,0.297954362,2,0,0,0,1,0,0,0,1,1,0,0,0,0
136,6,718.2218288,0.074769169,1,0,1,0,0,1,1,0,0,0,0,1,0,0
397,4,273.4081663,0.188608453,1,0,0,0,0,1,1,0,0,1,0,0,0,0
679,5,271.1645032,0.297873889,4,0,1,0,0,1,1,0,0,0,0,0,0,1
751,4,72.25729801,0.522608179,2,1,0,0,0,1,0,1,0,0,1,0,0,0
737,4,651.1112194,0.453016784,1,0,0,0,1,0,0,1,0,0,1,0,0,0
336,5,1028.979361,0.414348406,1,0,0,0,1,0,1,0,0,0,0,1,0,0
269,6,515.0496145,0.260241914,1,0,1,0,1,0,0,1,0,1,0,0,0,0
599,3,1726.35075,0.296369084,1,0,0,0,0,1,0,0,1,1,0,0,0,0
627,4,529.264214,0.389883148,0,0,0,1,0,0,0,1,0,1,0,0,0,0
580,4,340.1567959,0.687817567,4,1,1,0,0,1,1,0,0,1,0,0,0,0
97,5,230.9811338,0.170808446,1,0,0,0,1,0,0,1,0,0,0,1,0,0
326,5,223.0236687,0.316285703,2,0,0,0,1,0,0,0,1,0,0,1,0,0
494,1,304.4392462,0.152047224,1,0,0,0,1,0,0,1,0,1,0,0,0,0
597,2,3860.144907,0.250959501,2,0,1,0,1,0,1,0,0,0,0,1,0,0
653,2,358.0635067,0.285919937,2,0,0,0,0,1,1,0,0,1,0,0,0,0
528,7,594.8788032,0.367837431,3,0,1,0,1,0,1,0,0,1,0,0,0,0
566,1,256.9085046,0.187441313,1,0,0,0,1,0,1,0,0,1,0,0,0,0
516,4,123.9542682,0.54052016,4,0,1,0,0,1,0,0,1,0,0,1,0,0
637,4,830.3903748,0.55734612,2,1,0,0,1,0,0,1,0,0,1,0,0,0
562,6,630.3532672,0.479520728,1,0,1,0,1,0,1,0,0,1,0,0,0,0
513,9,56.18896171,0.157282116,1,0,1,0,1,0,0,1,0,1,0,0,0,0
446,3,1715.009368,0.6007196,1,0,1,0,0,1,1,0,0,1,0,0,0,0
516,3,566.9497005,0.485817677,1,0,0,0,0,1,1,0,0,1,0,0,0,0
596,2,326.7593842,0.232299732,1,0,0,0,1,0,0,1,0,0,0,1,0,0
553,3,1208.97484,0.071653384,1,0,0,0,1,0,1,0,0,1,0,0,0,0
576,1,95.108107,0.221181399,2,1,1,0,1,0,1,0,0,1,0,0,0,0
768,6,513.6289972,0.157085403,1,0,0,0,1,0,1,0,0,0,0,1,0,0
553,3,636.6268863,0.150042397,2,0,0,0,1,0,0,1,0,0,1,0,0,0
370,5,1193.768428,0.122880061,1,0,0,0,1,0,0,1,0,1,0,0,0,0
676,3,369.9390617,0.327047402,3,0,1,0,1,0,1,0,0,1,0,0,0,0
226,4,1544.618563,0.063393848,0,0,0,0,0,1,1,0,0,0,0,1,0,0
283,3,956.9966145,0.256409028,2,0,0,0,1,0,0,1,0,1,0,0,0,0
567,4,1179.489933,0.562615525,2,0,1,0,1,0,1,0,0,0,0,1,0,0
603,4,2781.020658,0.342774747,1,0,0,0,1,0,1,0,0,1,0,0,0,0
250,5,1490.193328,0.205297738,0,0,0,0,1,0,1,0,0,1,0,0,0,0
423,6,340.6832886,0.383697439,2,0,0,0,1,0,1,0,0,0,0,1,0,0
378,5,830.3398244,0.322106769,1,0,0,0,1,0,1,0,0,0,1,0,0,0
402,1,1623.677916,0.57231281,2,0,0,0,0,1,0,1,0,0,0,1,0,0
688,4,595.7571793,0.319673427,2,0,0,0,0,1,0,1,0,0,0,0,1,0
641,6,918.5778534,0.413730113,0,0,1,0,0,1,0,1,0,0,0,0,0,1
496,4,151.2460853,0.356173972,1,0,0,0,1,0,0,1,0,0,1,0,0,0
390,4,1353.882994,0.009732586,2,0,0,0,0,1,1,0,0,0,0,1,0,0
230,7,1133.272989,0.359703595,1,0,1,0,1,0,1,0,0,1,0,0,0,0
784,3,1757.815542,0.377915351,1,0,0,1,0,0,0,1,0,0,0,0,1,0
618,2,990.7099401,0.560191958,2,1,0,0,1,0,1,0,0,1,0,0,0,0
358,3,1675.810457,0.217181518,2,1,1,0,1,0,1,0,0,1,0,0,0,0
643,3,141.596067,0.305421339,2,0,0,0,1,0,0,1,0,1,0,0,0,0
485,5,1344.091581,0.120853924,1,1,0,1,0,0,1,0,0,0,1,0,0,0
442,8,2445.529023,0.502935206,1,0,1,1,0,0,0,1,0,0,1,0,0,0
587,3,1352.118274,0.647846639,1,0,1,0,0,1,1,0,0,1,0,0,0,0
351,3,764.0833204,0.569020174,0,0,0,0,1,0,1,0,0,0,1,0,0,0
431,3,2088.377029,0.361279779,0,0,0,0,1,0,0,0,1,0,1,0,0,0
524,5,79.40232111,0.104708013,3,1,1,1,0,0,0,0,1,1,0,0,0,0
400,4,13.60673925,0.626573362,0,0,1,0,1,0,0,0,1,1,0,0,0,0
633,4,2689.278667,0.444333867,2,0,0,0,0,1,0,1,0,1,0,0,0,0
873,5,919.0959098,0.167270503,1,0,0,0,1,0,1,0,0,0,1,0,0,0
349,6,96.98097723,0.167017855,2,0,0,0,1,0,1,0,0,0,0,1,0,0
166,4,332.4272444,0.258395628,2,1,0,0,0,1,1,0,0,1,0,0,0,0
99,2,1105.211311,0.527050796,2,0,1,0,1,0,1,0,0,1,0,0,0,0
469,1,1110.276661,0.189219493,0,0,0,0,0,1,1,0,0,0,1,0,0,0
367,4,149.0555104,0.404501996,0,0,0,0,1,0,1,0,0,0,0,0,1,0
541,1,508.1255417,0.448778399,2,0,0,0,0,1,1,0,0,1,0,0,0,0
526,4,1317.342633,0.123665283,3,0,1,0,1,0,0,0,1,0,0,0,0,1
179,3,2724.098412,0.056641059,1,0,0,0,0,1,0,1,0,0,0,1,0,0
137,7,779.4867745,0.15540513,1,0,1,0,1,0,1,0,0,0,1,0,0,0
559,5,813.183599,0.236227839,3,0,1,0,1,0,1,0,0,0,1,0,0,0
527,3,506.9210291,0.143503855,2,0,0,0,1,0,1,0,0,1,0,0,0,0
414,2,619.5864364,0.06148867,1,0,0,1,0,0,0,0,1,0,0,1,0,0
168,4,83.34104534,0.452595352,2,0,1,0,1,0,1,0,0,1,0,0,0,0
594,1,344.1195242,0.358142025,1,1,0,0,1,0,1,0,0,1,0,0,0,0
754,7,566.2736199,0.532226671,1,0,1,0,0,1,0,1,0,1,0,0,0,0
555,2,257.2461899,0.591443474,2,0,0,0,1,0,1,0,0,0,1,0,0,0
330,3,356.8159999,0.272151249,1,0,0,0,1,0,1,0,0,1,0,0,0,0
508,8,2837.810738,0.201906088,0,0,1,0,1,0,1,0,0,0,1,0,0,0
226,5,4.172823012,0.174012124,4,0,1,0,0,1,0,1,0,1,0,0,0,0
711,2,288.3667479,0.36404461,1,0,0,0,1,0,1,0,0,1,0,0,0,0
516,4,701.5675891,0.455484445,2,0,0,0,1,0,0,0,1,0,0,1,0,0
146,5,261.6561694,0.489476393,5,0,1,0,0,1,1,0,0,0,0,0,0,1
439,5,902.7555517,0.15505796,0,0,0,0,0,1,1,0,0,0,1,0,0,0
592,4,284.5119043,0.02712707,1,0,1,0,1,0,1,0,0,0,0,0,1,0
433,4,813.3479979,0.604127467,0,0,1,0,0,1,1,0,0,1,0,0,0,0
444,6,1516.963504,0.343118682,2,0,0,0,0,1,1,0,0,1,0,0,0,0
255,5,859.8633488,0.661937245,0,0,1,0,1,0,0,1,0,0,1,0,0,0
613,4,40.93741415,0.029888341,3,0,1,0,0,1,1,0,0,1,0,0,0,0
370,3,1268.629335,0.363812788,3,0,1,0,1,0,0,1,0,0,0,0,1,0
68,4,191.4197416,0.474188053,2,1,0,0,1,0,0,1,0,1,0,0,0,0
425,6,805.8298448,0.557446612,0,0,0,0,1,0,1,0,0,0,0,1,0,0
696,7,832.4264519,0.315492431,1,0,1,0,1,0,0,0,1,1,0,0,0,0
422,4,1302.640171,0.487463804,4,0,1,0,1,0,0,0,1,0,0,1,0,0
847,5,563.889416,0.201009414,1,0,0,0,0,1,0,0,1,1,0,0,0,0
585,4,377.2369741,0.154165255,4,0,1,0,1,0,0,1,0,1,0,0,0,0
567,7,583.8957744,0.522043312,2,0,1,0,1,0,0,0,1,1,0,0,0,0
474,3,631.298266,0.366345564,2,0,0,0,1,0,0,1,0,0,1,0,0,0
486,6,1378.704314,0.119480952,3,0,1,0,0,1,1,0,0,1,0,0,0,0
447,5,183.6019924,0.783222682,4,0,1,0,1,0,0,1,0,1,0,0,0,0
439,4,1500.976537,0.039591852,1,0,0,0,1,0,0,1,0,1,0,0,0,0
606,3,364.1961997,0.593653795,0,0,0,0,1,0,1,0,0,1,0,0,0,0
312,5,1089.632108,0.554552305,0,0,0,0,0,1,0,0,1,0,0,1,0,0
284,4,327.2322952,0.586171088,2,0,0,0,1,0,1,0,0,0,1,0,0,0
275,2,987.2304799,0.231352061,1,0,0,0,0,1,0,1,0,1,0,0,0,0
909,8,1284.274328,0.17466215,1,0,1,0,1,0,1,0,0,1,0,0,0,0
606,4,653.2748233,0.323369496,0,0,0,0,1,0,1,0,0,0,1,0,0,0
560,6,773.1091065,0.301159647,0,0,0,0,1,0,0,0,1,0,1,0,0,0
288,4,984.14548,0.178701263,1,1,0,0,0,1,0,1,0,0,0,1,0,0
624,3,932.8982231,0.325049923,1,0,0,0,1,0,0,0,1,1,0,0,0,0
476,2,1039.845445,0.127780918,0,0,1,0,1,0,1,0,0,1,0,0,0,0
542,2,1515.966338,0.071559943,0,1,0,0,1,0,0,1,0,0,0,1,0,0
304,3,199.2989225,0.301438457,0,0,1,0,1,0,0,1,0,1,0,0,0,0
532,7,193.3836736,0.110325513,2,0,1,0,1,0,1,0,0,1,0,0,0,0
415,5,2823.654248,0.234522135,2,0,1,0,0,1,1,0,0,0,1,0,0,0
346,3,1524.770677,0.291261168,2,0,0,0,1,0,0,0,1,1,0,0,0,0
646,2,716.6125265,0.293780276,2,0,0,0,1,0,1,0,0,1,0,0,0,0
192,5,6.569941154,0.174142024,2,0,0,0,1,0,0,0,1,1,0,0,0,0
612,8,1543.484443,0.124498939,1,0,1,0,1,0,0,1,0,0,0,1,0,0
636,4,1114.160898,0.423377467,2,1,0,0,1,0,0,1,0,1,0,0,0,0
324,5,2505.721611,0.521296445,2,0,0,0,1,0,1,0,0,0,0,1,0,0
335,5,10.599367,0.329251327,2,1,0,0,0,1,1,0,0,1,0,0,0,0
455,4,23.15240684,0.116036973,1,1,0,0,1,0,1,0,0,0,1,0,0,0
556,4,582.9374347,0.123348001,1,0,0,0,0,1,1,0,0,1,0,0,0,0
469,4,1550.627015,0.230734283,1,1,0,0,1,0,0,1,0,1,0,0,0,0
586,5,3797.053198,0.150873391,1,1,1,0,1,0,1,0,0,1,0,0,0,0
852,8,308.5596662,0.355496276,2,0,1,0,0,1,0,1,0,1,0,0,0,0
398,2,29.63305846,0.207083007,1,0,0,0,0,1,0,1,0,1,0,0,0,0
156,10,174.0354283,0.291372383,0,0,1,0,1,0,0,0,1,0,1,0,0,0
665,4,1676.524185,0.252579887,2,0,0,0,1,0,0,0,1,1,0,0,0,0
836,1,502.5625613,0.193978766,1,0,0,0,1,0,1,0,0,0,1,0,0,0
578,4,1535.53041,0.043478934,1,0,0,0,1,0,0,0,1,1,0,0,0,0
282,5,469.457644,0.229126169,0,0,0,0,1,0,0,1,0,1,0,0,0,0
475,8,43.89432005,0.443304515,1,0,1,0,0,1,1,0,0,1,0,0,0,0
276,2,768.9786603,0.060162265,1,0,0,0,1,0,0,0,1,0,0,0,1,0
628,2,457.7077533,0.247629915,0,0,0,0,1,0,0,1,0,1,0,0,0,0
229,1,540.8011282,0.28472546,2,0,0,0,1,0,0,1,0,0,0,1,0,0
439,8,2380.28493,0.222512573,1,1,1,0,1,0,0,1,0,0,0,1,0,0
299,3,488.6272553,0.262545074,3,0,1,0,1,0,1,0,0,0,0,1,0,0
525,3,1273.779426,0.497715757,2,0,0,0,1,0,1,0,0,0,0,0,0,1
426,3,48.57537875,0.093681071,0,0,0,0,0,1,1,0,0,0,0,1,0,0
535,4,521.6640026,0.435833025,2,0,0,0,1,0,0,1,0,0,0,1,0,0
504,4,706.855247,0.330264666,2,1,1,0,0,1,0,1,0,0,0,0,1,0
302,3,96.13669052,0.417918806,3,0,1,0,1,0,1,0,0,0,1,0,0,0
625,2,287.8964005,0.505904671,2,0,0,1,0,0,1,0,0,1,0,0,0,0
490,2,1076.409588,0.38933477,3,0,1,1,0,0,0,1,0,1,0,0,0,0
302,5,162.5812295,0.318954207,2,0,0,0,0,1,1,0,0,0,1,0,0,0
948,3,109.9868944,0.475882865,2,0,0,0,0,1,0,1,0,1,0,0,0,0
595,9,284.5123951,0.263518249,1,1,1,0,1,0,1,0,0,1,0,0,0,0
469,6,1566.978927,0.25489541,0,0,1,0,0,1,1,0,0,0,0,1,0,0
783,5,1151.565415,0.424919167,2,0,0,1,0,0,1,0,0,1,0,0,0,0
868,3,1199.755294,0.120366991,1,0,0,0,1,0,0,1,0,0,1,0,0,0
470,7,311.4264247,0.267571506,1,0,1,0,1,0,1,0,0,1,0,0,0,0
569,3,83.34591361,0.189630786,0,0,0,0,1,0,1,0,0,1,0,0,0,0
302,5,25.97950295,0.28475123,2,0,0,0,1,0,0,0,1,1,0,0,0,0
470,1,705.8949643,0.503142838,2,0,0,0,1,0,1,0,0,0,0,1,0,0
460,3,969.2964867,0.330182436,1,0,0,0,1,0,1,0,0,0,0,1,0,0
536,2,379.7121462,0.348132601,1,0,0,0,1,0,1,0,0,1,0,0,0,0
566,2,602.082993,0.019900964,2,0,0,1,0,0,0,0,1,1,0,0,0,0
611,6,261.6972082,0.373223958,0,0,0,0,1,0,0,1,0,0,0,1,0,0
547,2,362.4256113,0.262824023,1,0,0,0,0,1,0,0,1,0,1,0,0,0
257,4,1046.92206,0.342918025,3,0,1,0,1,0,0,1,0,1,0,0,0,0
312,4,1013.30355,0.446689868,5,0,1,0,1,0,1,0,0,1,0,0,0,0
390,5,22.79506142,0.173845109,1,0,1,0,1,0,1,0,0,1,0,0,0,0
443,4,2309.23781,0.74212664,1,0,1,0,1,0,0,1,0,1,0,0,0,0
710,5,250.6864967,0.460238239,0,1,0,0,1,0,0,0,1,0,0,0,1,0
267,4,1905.185768,0.241221581,2,0,1,0,1,0,0,0,1,1,0,0,0,0
428,2,573.7827921,0.455496289,1,0,0,0,1,0,0,1,0,0,0,1,0,0
690,3,553.2100396,0.162973082,2,0,0,0,1,0,0,1,0,1,0,0,0,0
440,6,479.1619725,0.143954044,3,0,1,0,1,0,0,1,0,1,0,0,0,0
592,2,2045.232704,0.471024103,3,1,1,0,1,0,0,1,0,0,1,0,0,0
472,4,186.6641923,0.10905787,3,1,1,0,1,0,1,0,0,1,0,0,0,0
551,4,756.668682,0.375809466,0,0,0,0,1,0,1,0,0,1,0,0,0,0
454,5,305.9243589,0.413217978,1,0,0,0,1,0,1,0,0,1,0,0,0,0
633,8,1974.332208,0.467344039,2,0,1,0,1,0,0,1,0,0,1,0,0,0
190,5,148.4282942,0.247493745,0,0,0,0,1,0,1,0,0,1,0,0,0,0
427,3,902.0781217,0.740067274,3,0,1,0,1,0,1,0,0,1,0,0,0,0
559,2,438.2108577,0.167231153,2,0,1,0,1,0,0,1,0,0,0,1,0,0
606,4,865.930247,0.464519536,2,1,1,0,1,0,1,0,0,1,0,0,0,0
798,5,137.2073934,0.11290976,0,0,0,0,1,0,1,0,0,0,0,1,0,0
421,10,400.2503092,0.222823044,0,0,1,0,1,0,0,0,1,1,0,0,0,0
795,4,90.7701702,0.050857717,2,0,1,0,1,0,0,0,1,0,0,0,0,1
368,5,2773.279767,0.059100783,1,0,0,0,0,1,1,0,0,0,1,0,0,0
765,3,192.6310582,0.346931215,2,1,0,0,0,1,0,1,0,0,1,0,0,0
663,8,3995.745728,0.451436178,0,0,1,0,1,0,0,1,0,0,0,1,0,0
317,6,433.712911,0.235448445,1,0,0,0,0,1,0,1,0,1,0,0,0,0
561,2,59.39024762,0.17036839,2,0,0,0,1,0,1,0,0,1,0,0,0,0
489,4,14.18516789,0.161596587,0,1,0,0,1,0,0,0,1,1,0,0,0,0
625,3,730.9480477,0.074400366,1,0,0,1,0,0,0,1,0,0,0,1,0,0
455,4,763.0479998,0.40881645,2,0,0,0,0,1,1,0,0,0,0,1,0,0
438,2,595.2041007,0.42544293,2,0,0,0,1,0,0,1,0,1,0,0,0,0
773,3,54.96505164,0.624623669,1,0,1,0,1,0,1,0,0,0,0,1,0,0
480,5,322.180334,0.61815214,2,0,1,0,1,0,0,1,0,1,0,0,0,0
665,2,355.8690324,0.521772206,1,1,0,0,1,0,0,1,0,1,0,0,0,0
454,2,976.1270964,0.484147617,2,0,1,0,1,0,1,0,0,1,0,0,0,0
833,2,434.2036086,0.271975446,1,0,0,0,1,0,1,0,0,0,0,1,0,0
364,5,680.7153947,0.525992027,0,1,0,0,0,1,0,1,0,1,0,0,0,0
377,2,269.8680699,0.084481989,0,0,0,0,1,0,0,1,0,1,0,0,0,0
804,7,1035.648413,0.240033129,4,0,1,0,0,1,1,0,0,0,0,1,0,0
411,1,38.31582063,0.605117557,1,0,1,0,1,0,0,1,0,0,1,0,0,0
820,5,3572.622779,0.0163413,3,0,1,0,1,0,0,1,0,1,0,0,0,0
678,5,820.6447545,0.290202791,1,0,1,0,1,0,1,0,0,1,0,0,0,0
469,3,128.9440268,0.212473689,1,0,0,0,1,0,0,1,0,1,0,0,0,0
137,3,1011.235378,0.595731547,4,0,1,0,1,0,1,0,0,1,0,0,0,0
496,3,1235.508994,0.508498895,0,0,0,0,1,0,0,0,1,0,1,0,0,0
520,5,1243.187405,0.582654133,2,1,0,0,1,0,1,0,0,0,0,1,0,0
733,3,252.5713646,0.856219806,1,0,1,0,1,0,1,0,0,1,0,0,0,0
817,2,2548.30862,0.335278572,2,0,0,0,1,0,0,1,0,1,0,0,0,0
363,4,14.31766592,0.394399072,1,1,1,0,1,0,1,0,0,0,0,0,0,1
660,5,382.2215025,0.345600694,0,0,1,0,1,0,0,0,1,0,0,0,0,1
653,4,88.04671132,0.25692425,2,0,0,0,1,0,0,1,0,1,0,0,0,0
714,4,388.7235434,0.361648973,1,0,0,0,1,0,0,0,1,1,0,0,0,0
599,4,47.14209759,0.471940401,1,0,0,0,0,1,0,1,0,1,0,0,0,0
111,4,828.4643128,0.39146634,0,0,0,0,1,0,0,1,0,1,0,0,0,0
468,1,51.59767143,0.171222757,2,0,0,0,1,0,1,0,0,1,0,0,0,0
268,2,765.3710621,0.103707421,2,0,0,0,1,0,0,1,0,1,0,0,0,0
459,4,213.3464911,0.403599395,2,0,0,0,1,0,0,1,0,0,1,0,0,0
696,2,157.9298417,0.151285171,2,0,1,0,1,0,0,0,1,0,0,1,0,0
561,3,340.9435782,0.472102023,4,1,1,0,1,0,1,0,0,1,0,0,0,0
729,2,819.4594734,0.261721282,1,0,0,0,0,1,1,0,0,0,0,0,0,1
568,4,690.5801349,0.320623028,2,1,1,0,1,0,0,1,0,1,0,0,0,0
240,3,912.7272853,0.281024238,2,1,0,0,1,0,1,0,0,0,1,0,0,0
64,7,2010.457069,0.565392478,2,0,1,0,1,0,0,1,0,0,0,0,1,0
529,6,181.8248578,0.481782272,1,0,0,0,1,0,1,0,0,1,0,0,0,0
457,7,426.6712109,0.406407122,1,1,1,0,1,0,0,1,0,0,0,0,0,1
304,5,247.2015107,0.259713103,2,0,1,0,0,1,1,0,0,1,0,0,0,0
159,6,706.1841802,0.449115842,0,0,0,0,0,1,1,0,0,1,0,0,0,0
353,8,266.5908653,0.504938751,0,0,1,0,0,1,0,0,1,0,0,1,0,0
461,5,653.1865483,0.099542645,2,1,0,0,1,0,0,1,0,1,0,0,0,0
633,4,1386.025128,0.287790087,1,0,1,0,0,1,0,1,0,1,0,0,0,0
537,3,640.4887384,0.6743105,3,0,1,0,1,0,0,1,0,0,1,0,0,0
821,2,1456.765115,0.427166749,1,1,0,0,0,1,1,0,0,0,1,0,0,0
292,3,756.0612851,0.257077572,4,0,1,0,0,1,0,1,0,0,0,0,0,1
676,4,1634.023931,0.044702046,0,0,0,0,1,0,0,1,0,1,0,0,0,0
509,3,2132.189013,0.418253726,0,0,0,0,1,0,1,0,0,0,0,1,0,0
638,3,567.1170307,0.485072233,2,0,1,0,1,0,0,1,0,1,0,0,0,0
412,2,1250.982954,0.158469777,2,1,0,0,0,1,0,0,1,0,0,0,1,0
714,2,506.116606,0.219112688,2,0,0,0,1,0,0,1,0,1,0,0,0,0
559,4,977.149611,0.217226924,1,0,0,1,0,0,0,1,0,0,0,0,1,0
364,3,30.5835084,0.370821733,0,0,1,0,1,0,1,0,0,1,0,0,0,0
497,5,2726.878548,0.589972429,0,0,1,0,1,0,0,1,0,0,0,1,0,0
452,9,1797.973597,0.346605635,2,0,1,0,1,0,0,1,0,1,0,0,0,0
597,6,1790.092553,0.213208205,3,0,1,0,0,1,0,1,0,0,0,1,0,0
264,7,264.1947835,0.41390959,2,0,1,0,1,0,0,1,0,1,0,0,0,0
494,1,266.3301768,0.182259298,0,1,1,0,1,0,1,0,0,0,0,1,0,0
579,3,412.1357099,0.276940379,2,0,0,0,1,0,0,1,0,1,0,0,0,0
506,3,1697.475447,0.367633419,4,0,1,0,1,0,0,1,0,1,0,0,0,0
769,2,1565.151475,0.161773352,2,0,1,0,1,0,1,0,0,1,0,0,0,0
654,3,273.3839955,0.615082818,1,0,1,0,1,0,1,0,0,1,0,0,0,0
498,4,624.3180001,0.530984606,0,1,0,0,0,1,1,0,0,1,0,0,0,0
543,1,515.7449263,0.254622478,1,0,0,1,0,0,1,0,0,0,0,1,0,0
559,3,841.4024702,0.34874453,2,0,1,0,1,0,1,0,0,1,0,0,0,0
580,3,192.5369226,0.136944407,1,1,0,0,0,1,0,1,0,1,0,0,0,0
134,2,71.10924073,0.159754508,1,0,0,0,0,1,0,1,0,0,1,0,0,0
439,8,22.10674642,0.809236635,2,0,1,0,1,0,1,0,0,0,0,1,0,0
203,10,384.2595273,0.271051376,1,0,1,0,1,0,0,0,1,1,0,0,0,0
755,8,2344.132828,0.57242891,1,0,1,0,1,0,1,0,0,0,0,1,0,0
487,1,923.6746582,0.524483164,0,0,0,0,1,0,0,1,0,0,0,1,0,0
461,4,1106.256866,0.464336539,1,0,0,0,1,0,1,0,0,0,0,1,0,0
679,4,2322.721245,0.347833689,3,0,1,0,0,1,1,0,0,0,0,1,0,0
584,6,438.616461,0.817205352,2,0,1,1,0,0,0,1,0,1,0,0,0,0
274,4,514.5230331,0.249643062,1,0,0,0,1,0,1,0,0,0,0,1,0,0
485,3,356.4562618,0.323292262,1,0,0,0,1,0,1,0,0,1,0,0,0,0
432,3,160.1010559,0.375077008,1,0,1,0,1,0,1,0,0,0,1,0,0,0
151,4,1163.295283,0.119347,0,0,1,0,0,1,1,0,0,1,0,0,0,0
361,5,1897.426328,0.314357576,2,1,1,0,1,0,1,0,0,1,0,0,0,0
463,3,1345.071869,0.678176373,1,0,1,0,1,0,1,0,0,0,0,1,0,0
477,5,39.11707122,0.481717139,0,0,0,0,1,0,0,1,0,1,0,0,0,0
203,1,284.3631159,0.600030928,2,0,1,0,1,0,1,0,0,0,0,1,0,0
730,6,717.3583127,0.05290435,3,0,1,0,1,0,1,0,0,0,1,0,0,0
479,2,317.0280097,0.072143384,1,0,0,0,0,1,1,0,0,1,0,0,0,0
507,4,130.1270398,0.524244078,1,0,1,0,1,0,0,0,1,1,0,0,0,0
580,3,618.3812977,0.229966371,2,0,0,0,0,1,1,0,0,0,0,0,1,0
342,6,589.666168,0.295535957,0,0,0,0,1,0,1,0,0,1,0,0,0,0
591,5,990.0079496,0.02538513,3,0,1,0,1,0,0,1,0,0,1,0,0,0
426,2,7141.336086,0.306316167,5,0,1,0,1,0,0,0,1,0,0,0,1,0
320,4,835.8413573,0.171646775,1,0,0,1,0,0,0,0,1,1,0,0,0,0
614,6,304.8742945,0.422710037,2,0,1,0,0,1,1,0,0,1,0,0,0,0
798,3,2505.812839,0.294849828,1,0,0,0,1,0,1,0,0,1,0,0,0,0
644,3,677.5992129,0.239959704,2,0,0,0,0,1,1,0,0,1,0,0,0,0
684,7,830.1705599,0.368000988,1,0,1,0,1,0,1,0,0,1,0,0,0,0
395,6,353.9866983,0.483645265,2,0,0,0,1,0,0,0,1,0,0,0,1,0
180,6,480.9451726,0.511701112,2,0,0,0,1,0,0,1,0,1,0,0,0,0
798,2,433.8956125,0.126108257,2,1,0,0,0,1,0,0,1,1,0,0,0,0
910,5,2201.799383,0.36873078,3,0,1,0,1,0,0,1,0,1,0,0,0,0
808,9,1326.861074,0.174348904,3,0,1,0,1,0,1,0,0,1,0,0,0,0
432,4,76.06774104,0.459067254,0,0,0,0,1,0,0,1,0,1,0,0,0,0
269,3,301.3462989,0.40990622,1,0,1,0,1,0,1,0,0,1,0,0,0,0
286,5,45.83938483,0.622694017,2,0,1,0,1,0,1,0,0,1,0,0,0,0
163,4,581.7924121,0.646358748,2,0,1,0,1,0,0,0,1,0,0,1,0,0
478,3,262.1638322,0.068257961,1,0,0,0,1,0,0,1,0,1,0,0,0,0
821,5,60.98681227,0.273890239,2,0,0,0,0,1,1,0,0,0,1,0,0,0
471,4,1182.759652,0.272452626,1,1,0,0,1,0,0,1,0,0,1,0,0,0
560,1,76.44100398,0.299911802,0,0,0,0,1,0,1,0,0,0,0,1,0,0
775,5,253.4842424,0.319475114,4,0,1,0,1,0,1,0,0,1,0,0,0,0
419,3,1181.45585,0.19866267,2,0,1,0,1,0,0,1,0,1,0,0,0,0
907,6,573.2504012,0.3119118,1,0,0,0,0,1,1,0,0,0,0,1,0,0
898,6,1359.121978,0.633804853,2,0,1,0,1,0,1,0,0,1,0,0,0,0
473,2,428.2056699,0.614992342,1,0,1,0,0,1,1,0,0,1,0,0,0,0
384,7,1349.323956,0.462207616,2,0,1,0,0,1,0,0,1,0,0,1,0,0
639,5,618.0358195,0.02889859,1,0,0,0,0,1,1,0,0,0,0,1,0,0
430,3,73.65175627,0.53422327,4,0,1,0,1,0,0,1,0,0,0,1,0,0
268,1,510.1555926,0.135323489,2,0,0,0,1,0,1,0,0,0,0,0,0,1
756,6,645.1308604,0.297922113,2,0,0,0,1,0,0,1,0,1,0,0,0,0
743,2,757.6096229,0.384233123,2,0,0,0,0,1,1,0,0,0,0,1,0,0
531,4,2103.575543,0.177380997,3,0,1,0,1,0,0,1,0,1,0,0,0,0
247,6,162.2387937,0.212518059,2,0,0,0,1,0,0,1,0,1,0,0,0,0
254,1,745.1803292,0.86761529,0,0,1,0,1,0,1,0,0,1,0,0,0,0
521,1,1115.533581,0.345531094,1,0,1,0,1,0,0,0,1,0,0,1,0,0
400,4,1765.492644,0.227321822,2,0,1,0,0,1,0,0,1,0,0,1,0,0
431,4,596.0680711,0.755902195,2,0,1,0,1,0,1,0,0,1,0,0,0,0
704,1,192.5884415,0.171298862,3,0,1,0,1,0,1,0,0,0,0,1,0,0
646,2,1361.602878,0.276746002,1,0,0,0,1,0,1,0,0,1,0,0,0,0
775,5,1883.506009,0.550042032,2,1,0,0,1,0,0,1,0,1,0,0,0,0
301,2,89.96907138,0.530937091,2,0,1,0,0,1,1,0,0,1,0,0,0,0
431,2,208.7976694,0.255590907,3,0,1,0,0,1,0,1,0,0,0,0,0,1
651,6,1641.23241,0.045259953,3,1,1,0,1,0,1,0,0,0,0,1,0,0
589,5,529.963359,0.06214224,1,0,0,0,1,0,1,0,0,1,0,0,0,0
806,7,148.1970741,0.188186025,1,0,1,0,1,0,0,1,0,0,0,0,0,1
584,6,829.1741473,0.4605296,1,0,0,1,0,0,0,1,0,1,0,0,0,0
869,2,490.4179932,0.625942751,1,0,1,0,0,1,0,0,1,0,0,0,0,1
608,5,2752.601005,0.098154816,0,0,1,0,0,1,1,0,0,1,0,0,0,0
712,1,201.5576935,0.431985455,1,0,0,0,1,0,1,0,0,0,0,1,0,0
435,4,359.7365922,0.219887895,3,0,1,0,0,1,1,0,0,0,1,0,0,0
502,3,145.362558,0.227168966,2,0,0,0,0,1,1,0,0,1,0,0,0,0
682,3,40.80943873,0.321274578,1,0,0,0,1,0,0,0,1,0,0,1,0,0
822,6,256.0576912,0.237800141,1,0,0,0,1,0,1,0,0,1,0,0,0,0
645,5,1371.074398,0.677364147,2,0,1,1,0,0,0,1,0,1,0,0,0,0
483,3,248.7419651,0.534140771,3,1,1,0,1,0,1,0,0,1,0,0,0,0
775,6,953.4853665,0.370882794,2,0,0,0,1,0,0,0,1,0,0,0,1,0
64,7,597.2779492,0.285317252,4,1,1,0,1,0,1,0,0,1,0,0,0,0
215,2,586.6921813,0.19007797,4,0,1,0,1,0,0,1,0,1,0,0,0,0
636,3,1216.933807,0.220649964,1,1,0,0,1,0,1,0,0,1,0,0,0,0
502,2,769.3817363,0.189557941,0,0,0,0,1,0,1,0,0,1,0,0,0,0
621,2,139.3453204,0.291875699,3,0,1,0,0,1,0,1,0,0,0,0,1,0
512,4,199.5533313,0.039148184,3,1,1,0,0,1,0,1,0,1,0,0,0,0
614,3,627.8323054,0.240343133,1,1,0,0,0,1,1,0,0,0,1,0,0,0
337,4,1493.089781,0.152084522,0,0,0,0,1,0,1,0,0,1,0,0,0,0
614,2,132.2009623,0.06026913,1,0,0,0,1,0,0,1,0,0,1,0,0,0
698,5,90.44118893,0.332238724,0,0,0,0,1,0,0,1,0,1,0,0,0,0
744,5,583.08335,0.328478859,1,0,0,0,1,0,0,1,0,1,0,0,0,0
902,3,167.245521,0.410656547,0,0,0,0,1,0,0,0,1,1,0,0,0,0
548,6,4124.851874,0.177487245,0,0,1,0,0,1,1,0,0,0,0,1,0,0
554,3,3.494252987,0.660819826,2,1,1,0,1,0,0,1,0,0,0,0,1,0
195,8,476.6178239,0.622342897,0,0,1,0,1,0,1,0,0,1,0,0,0,0
393,2,141.9068118,0.192301074,3,0,1,0,1,0,1,0,0,1,0,0,0,0
461,2,914.2491265,0.544614712,2,0,0,0,1,0,0,1,0,0,0,1,0,0
710,5,795.6927201,0.610045772,2,0,1,0,0,1,1,0,0,1,0,0,0,0
377,1,1316.333316,0.75130314,3,0,1,0,0,1,1,0,0,0,0,1,0,0
659,3,662.9957632,0.268779573,0,0,0,0,1,0,0,0,1,1,0,0,0,0
499,8,167.9534248,0.364349759,1,0,1,0,1,0,1,0,0,0,0,0,1,0
464,3,43.83086793,0.16056443,1,0,0,0,1,0,1,0,0,0,0,0,0,1
549,6,1024.529815,0.414305985,0,0,0,0,0,1,0,0,1,0,0,1,0,0
421,9,463.7431795,0.471541986,2,0,1,0,1,0,1,0,0,1,0,0,0,0
414,6,201.0418856,0.513725285,2,0,0,0,1,0,0,1,0,1,0,0,0,0
159,2,232.0912749,0.482505595,3,0,1,0,1,0,1,0,0,1,0,0,0,0
450,5,129.0996793,0.170440351,1,0,0,0,1,0,1,0,0,0,1,0,0,0
404,7,266.7913269,0.312616878,0,0,1,0,1,0,1,0,0,0,1,0,0,0
396,3,1256.256044,0.289886729,2,0,0,0,1,0,1,0,0,0,0,0,1,0
583,4,775.4580398,0.150113176,1,0,0,0,1,0,1,0,0,1,0,0,0,0
631,1,3499.139456,0.696740594,2,0,1,0,1,0,1,0,0,1,0,0,0,0
546,3,594.3427436,0.361849692,0,0,0,1,0,0,0,0,1,0,0,0,1,0
699,6,589.6619446,0.391046277,1,0,1,0,1,0,0,1,0,1,0,0,0,0
615,4,169.9469471,0.630366464,1,0,1,0,1,0,1,0,0,1,0,0,0,0
440,2,706.3921771,0.540130712,2,0,0,0,0,1,1,0,0,0,0,1,0,0
407,6,749.9454363,0.309711513,2,0,1,0,0,1,0,0,1,1,0,0,0,0
562,3,185.0727103,0.487162779,1,0,0,0,1,0,1,0,0,1,0,0,0,0
614,3,73.66247223,0.169527611,3,0,1,0,1,0,0,0,1,0,1,0,0,0
779,3,368.0696238,0.179646332,2,1,0,0,1,0,0,1,0,0,0,1,0,0
738,1,151.093665,0.411109724,0,0,0,0,0,1,0,1,0,1,0,0,0,0
391,5,559.6615828,0.418276572,1,0,0,1,0,0,0,1,0,0,0,1,0,0
479,4,597.4237483,0.221611609,0,0,1,0,1,0,1,0,0,0,0,0,0,1
634,4,749.5129108,0.32826268,3,0,1,0,1,0,1,0,0,1,0,0,0,0
713,6,738.7147109,0.204454217,2,0,0,0,1,0,0,1,0,0,0,1,0,0
687,2,898.8441457,0.137867157,0,0,0,0,1,0,0,0,1,0,0,0,0,1
487,3,209.5645612,0.265330982,1,1,0,0,1,0,0,1,0,1,0,0,0,0
249,1,1049.968435,0.225340618,3,0,1,0,1,0,0,1,0,0,1,0,0,0
300,5,595.2548994,0.677427227,2,0,1,0,1,0,0,0,1,0,0,1,0,0
554,4,460.0153966,0.265679829,1,0,0,0,1,0,1,0,0,1,0,0,0,0
568,1,835.0616411,0.379479073,2,0,0,0,1,0,0,1,0,1,0,0,0,0
280,3,556.5373955,0.37544714,2,0,0,0,1,0,1,0,0,0,0,1,0,0
508,2,596.6782756,0.408136871,2,0,0,0,1,0,1,0,0,0,0,1,0,0
626,1,18.81784048,0.252192704,3,0,1,0,1,0,0,1,0,1,0,0,0,0
269,7,1295.739426,0.838232237,1,0,1,0,0,1,0,1,0,1,0,0,0,0
720,4,441.5623873,0.257527409,2,0,0,0,1,0,1,0,0,0,1,0,0,0
424,5,583.9758986,0.175720853,2,1,0,0,0,1,1,0,0,0,1,0,0,0
751,2,395.3197268,0.371520677,3,0,1,0,1,0,1,0,0,1,0,0,0,0
393,5,641.5316379,0.370607974,2,0,0,0,0,1,0,0,1,1,0,0,0,0
294,5,44.44601331,0.22895155,1,0,0,0,0,1,1,0,0,1,0,0,0,0
408,4,387.488559,0.203612541,0,0,0,0,1,0,1,0,0,1,0,0,0,0
480,5,883.7311515,0.248416237,2,0,0,0,1,0,1,0,0,0,1,0,0,0
422,7,2230.273702,0.268041695,3,0,1,0,1,0,1,0,0,0,0,0,0,1
456,3,1513.33585,0.305693766,1,0,1,1,0,0,0,1,0,1,0,0,0,0
566,1,2633.545063,0.091222786,2,1,1,0,1,0,0,0,1,1,0,0,0,0
465,3,1216.829056,0.21021116,2,0,1,0,1,0,0,1,0,1,0,0,0,0
486,7,801.0808968,0.461851302,3,0,1,0,1,0,0,0,1,1,0,0,0,0
158,7,440.3082356,0.382604038,2,0,1,0,0,1,0,0,1,1,0,0,0,0
578,6,105.1285313,0.25167941,1,0,0,0,1,0,1,0,0,0,1,0,0,0
482,7,231.0017287,0.133900049,0,0,1,0,1,0,0,1,0,0,0,1,0,0
822,5,253.0573555,0.221159706,2,0,1,0,1,0,0,1,0,0,1,0,0,0
312,2,446.729437,0.328136417,2,0,0,0,1,0,0,1,0,1,0,0,0,0
138,5,752.9606854,0.463097824,1,1,0,0,1,0,0,0,1,0,1,0,0,0
623,5,771.2550037,0.189467007,2,0,0,0,1,0,0,1,0,0,0,0,1,0
569,9,486.3725163,0.692252323,0,0,1,0,0,1,1,0,0,0,0,0,1,0
298,4,256.8739023,0.17822886,3,0,1,0,0,1,0,1,0,1,0,0,0,0
194,5,46.52239313,0.06979071,1,0,0,0,0,1,0,1,0,1,0,0,0,0
807,5,3596.07638,0.154645159,0,0,0,0,1,0,0,1,0,0,0,1,0,0
782,4,2244.881965,0.500136172,1,0,0,0,0,1,1,0,0,0,1,0,0,0
64,1,161.6204505,0.210139437,2,0,0,0,1,0,1,0,0,1,0,0,0,0
408,6,743.8977672,0.237387874,2,0,0,0,1,0,0,0,1,0,0,1,0,0
832,3,280.3888397,0.663676696,0,0,1,0,0,1,1,0,0,1,0,0,0,0
404,3,172.9625167,0.268210796,2,1,0,0,0,1,1,0,0,0,0,1,0,0
401,4,922.6524607,0.183349358,0,0,0,0,1,0,1,0,0,0,0,1,0,0
443,1,1234.144312,0.369967125,2,0,0,0,0,1,1,0,0,1,0,0,0,0
275,3,417.4997501,0.324612195,2,0,0,1,0,0,1,0,0,1,0,0,0,0
159,3,48.70385678,0.177441804,3,0,1,0,1,0,0,0,1,0,0,1,0,0
710,4,410.6574186,0.640621822,2,0,1,0,1,0,0,0,1,0,0,0,0,1
131,6,607.7612221,0.173248826,0,0,0,0,0,1,1,0,0,0,1,0,0,0
549,5,1789.56164,0.101604304,3,0,1,0,1,0,0,1,0,1,0,0,0,0
677,8,855.5597074,0.542304452,2,0,1,0,1,0,0,1,0,0,0,1,0,0
209,4,991.6701399,0.070334447,1,0,0,0,0,1,1,0,0,1,0,0,0,0
315,1,181.1504622,0.10116382,3,0,1,0,1,0,0,1,0,1,0,0,0,0
742,3,1019.148987,0.151965505,3,0,1,0,1,0,1,0,0,1,0,0,0,0
606,4,557.4428568,0.532768498,1,0,1,0,1,0,0,1,0,0,0,1,0,0
376,6,1373.66996,0.200365389,2,0,1,0,1,0,0,0,1,0,0,1,0,0
740,2,195.0540938,0.487081935,2,0,0,1,0,0,0,0,1,1,0,0,0,0
741,4,578.658173,0.219725069,3,0,1,0,1,0,0,1,0,0,0,1,0,0
553,2,188.0485231,0.5115426,1,0,0,0,1,0,0,0,1,0,1,0,0,0
319,2,269.4042449,0.490305458,2,0,1,1,0,0,0,1,0,0,0,1,0,0
417,3,1428.005461,0.375660522,2,0,0,0,0,1,0,1,0,1,0,0,0,0
557,2,931.2744571,0.217412999,1,0,0,0,1,0,1,0,0,0,1,0,0,0
462,12,1042.999276,0.287871121,1,0,1,0,0,1,1,0,0,1,0,0,0,0
687,5,56.79933875,0.433846908,1,0,0,0,1,0,0,1,0,0,0,1,0,0
194,1,1043.790843,0.20199335,1,0,0,0,1,0,0,0,1,1,0,0,0,0
201,7,540.8859019,0.130228102,2,0,1,0,1,0,0,1,0,1,0,0,0,0
536,3,491.681461,0.424556946,0,0,0,0,1,0,0,1,0,0,0,1,0,0
401,4,425.6760837,0.678573841,4,1,1,0,1,0,1,0,0,1,0,0,0,0
374,2,1527.32641,0.370396931,1,1,0,0,1,0,0,0,1,1,0,0,0,0
146,2,156.2903633,0.256838062,2,0,0,0,1,0,0,1,0,1,0,0,0,0
503,7,1346.10036,0.328073769,1,0,1,0,1,0,1,0,0,0,0,1,0,0
489,1,2108.477775,0.267357958,3,0,1,0,1,0,0,0,1,1,0,0,0,0
630,1,147.3679413,0.221122221,4,0,1,0,1,0,0,0,1,0,0,1,0,0
513,4,6251.273871,0.116557773,4,0,1,0,1,0,1,0,0,0,0,1,0,0
473,3,3728.059542,0.243973597,1,0,0,0,1,0,0,1,0,1,0,0,0,0
735,5,776.8487439,0.49372254,2,1,0,0,1,0,1,0,0,0,0,1,0,0
237,3,250.1646185,0.222525197,2,0,0,0,1,0,0,0,1,1,0,0,0,0
607,5,449.1691102,0.47255704,0,0,0,0,1,0,1,0,0,0,0,1,0,0
165,3,149.4331409,0.457677785,1,0,0,0,1,0,0,0,1,1,0,0,0,0
332,5,102.4505292,0.262163226,1,0,0,0,0,1,1,0,0,1,0,0,0,0
257,7,973.9967583,0.684590155,1,1,1,1,0,0,0,0,1,1,0,0,0,0
656,1,693.707223,0.263439878,2,0,0,0,0,1,1,0,0,0,0,0,0,1
486,5,663.3089781,0.14956854,2,0,1,0,1,0,0,1,0,0,0,1,0,0
497,2,227.7608173,0.495213446,0,0,0,0,1,0,1,0,0,1,0,0,0,0
278,2,214.2055175,0.086660317,1,0,1,0,1,0,1,0,0,0,0,0,1,0
440,2,3663.153415,0.282780335,0,0,1,0,0,1,1,0,0,0,0,1,0,0
347,8,792.7549836,0.336660564,1,1,1,0,1,0,1,0,0,0,0,1,0,0
576,4,1369.422674,0.223921758,0,0,0,0,1,0,0,1,0,1,0,0,0,0
301,2,380.5108403,0.400493155,3,0,1,0,1,0,0,0,1,1,0,0,0,0
765,6,1484.685671,0.494831034,3,0,1,0,0,1,1,0,0,0,0,1,0,0
164,5,1025.203756,0.101197296,2,0,0,0,1,0,1,0,0,1,0,0,0,0
338,5,344.7794792,0.224106091,2,0,0,0,1,0,1,0,0,1,0,0,0,0
835,3,1011.812222,0.134895745,5,0,1,0,0,1,0,0,1,0,0,1,0,0
412,2,2078.88389,0.015804373,2,0,1,0,1,0,1,0,0,1,0,0,0,0
237,5,192.3655416,0.147255169,2,0,0,0,1,0,1,0,0,0,1,0,0,0
543,6,634.6084984,0.716813287,3,0,1,0,1,0,0,0,1,1,0,0,0,0
404,4,2720.567293,0.253965378,2,0,0,0,1,0,1,0,0,0,0,0,1,0
332,7,1378.076061,0.54263876,0,1,1,0,1,0,1,0,0,0,0,1,0,0
280,3,774.68047,0.189537871,1,1,1,0,1,0,0,1,0,1,0,0,0,0
1053,3,57.85480559,0.513621237,2,0,0,0,1,0,0,1,0,1,0,0,0,0
449,3,417.1361684,0.076719351,2,0,1,0,0,1,0,1,0,1,0,0,0,0
114,8,841.6092566,0.426796122,4,0,1,0,1,0,1,0,0,1,0,0,0,0
798,4,421.647823,0.170759127,2,0,0,0,1,0,1,0,0,0,0,0,1,0
622,2,4669.979344,0.413525637,0,0,0,0,1,0,0,0,1,1,0,0,0,0
346,1,1119.966793,0.385093862,3,0,1,0,0,1,0,1,0,0,0,1,0,0
313,5,165.6998501,0.480028944,0,0,0,0,1,0,1,0,0,1,0,0,0,0
634,5,539.2819107,0.087315734,2,0,1,0,1,0,0,1,0,0,0,0,1,0
450,3,387.5705574,0.194257048,1,0,0,0,1,0,1,0,0,0,1,0,0,0
114,6,720.81275,0.096788361,1,1,0,0,1,0,1,0,0,1,0,0,0,0
857,1,473.2880752,0.110916596,2,0,0,0,1,0,1,0,0,0,0,0,1,0
413,2,217.3427501,0.365457102,0,0,0,0,0,1,0,1,0,1,0,0,0,0
799,2,1030.960386,0.057834241,1,0,0,0,1,0,0,1,0,0,1,0,0,0
755,5,90.23133329,0.455242649,1,0,0,0,0,1,0,1,0,0,0,1,0,0
299,7,607.6586621,0.42382883,1,0,1,0,1,0,1,0,0,1,0,0,0,0
706,9,297.0364535,0.361037905,0,0,1,0,0,1,1,0,0,0,0,1,0,0
369,3,2717.709351,0.087353944,1,0,1,0,1,0,1,0,0,1,0,0,0,0
126,3,289.4204643,0.345571599,1,0,0,0,1,0,0,0,1,1,0,0,0,0
415,2,333.554436,0.658888288,1,0,1,0,1,0,1,0,0,0,1,0,0,0
579,4,982.3041801,0.641147443,2,0,1,0,1,0,0,1,0,0,0,1,0,0
407,4,110.008805,0.361964911,4,0,1,0,0,1,1,0,0,0,0,1,0,0
438,7,313.989867,0.413068097,1,0,1,0,1,0,1,0,0,1,0,0,0,0
728,3,952.3579457,0.561889472,0,0,0,0,1,0,1,0,0,1,0,0,0,0
521,1,24.98924939,0.186122395,2,0,0,0,1,0,0,0,1,0,0,1,0,0
331,4,298.0119368,0.200011576,2,1,1,0,0,1,1,0,0,0,0,0,0,1
640,7,6.631946489,0.230849404,1,0,1,0,1,0,1,0,0,1,0,0,0,0
539,2,130.230888,0.424466011,1,1,0,0,0,1,1,0,0,1,0,0,0,0
64,5,741.4717295,0.135588454,1,1,0,0,0,1,1,0,0,1,0,0,0,0
585,6,488.0967826,0.376206573,4,0,1,0,0,1,0,0,1,0,0,1,0,0
578,3,135.7067914,0.087901384,3,0,1,0,1,0,1,0,0,0,1,0,0,0
504,2,64.99011681,0.510899769,1,0,0,0,1,0,0,1,0,1,0,0,0,0
678,7,46.37831103,0.002496833,2,0,1,0,1,0,0,1,0,1,0,0,0,0
365,2,71.37817614,0.233926493,2,0,0,0,0,1,0,1,0,1,0,0,0,0
567,5,80.80869699,0.039146496,1,1,0,0,0,1,1,0,0,0,1,0,0,0
186,4,72.21349738,0.145704484,2,0,0,0,1,0,1,0,0,1,0,0,0,0
581,4,45.32419612,0.554339994,2,0,0,0,0,1,1,0,0,1,0,0,0,0
890,6,955.299107,0.460425993,3,0,1,0,1,0,1,0,0,1,0,0,0,0
301,7,2267.798845,0.434818518,1,0,1,0,1,0,1,0,0,0,0,1,0,0
348,1,1550.236286,0.296143483,2,1,0,0,1,0,0,0,1,1,0,0,0,0
357,3,247.2374131,0.373858852,2,0,0,1,0,0,1,0,0,1,0,0,0,0
525,3,182.8057752,0.159934908,1,0,0,0,0,1,0,1,0,0,1,0,0,0
287,2,39.27829305,0.3381377,2,0,0,0,0,1,0,1,0,1,0,0,0,0
584,4,135.7141523,0.220473448,0,0,1,0,0,1,1,0,0,0,1,0,0,0
669,5,671.0403329,0.462047136,2,0,1,0,1,0,1,0,0,0,1,0,0,0
606,5,5023.254065,0.163470726,1,0,0,0,0,1,1,0,0,1,0,0,0,0
146,2,1567.391551,0.440361441,1,1,0,0,1,0,0,0,1,0,1,0,0,0
699,3,578.7556864,0.215891673,2,0,0,0,0,1,1,0,0,1,0,0,0,0
687,4,440.5613469,0.391552351,2,0,0,0,0,1,1,0,0,1,0,0,0,0
666,3,127.9715292,0.338521461,1,0,0,0,1,0,0,1,0,1,0,0,0,0
574,5,433.8409711,0.313305758,0,0,1,0,1,0,1,0,0,0,0,0,0,1
544,6,722.8144865,0.577012461,1,0,1,0,1,0,0,1,0,0,0,0,1,0
706,3,724.032419,0.331570668,1,1,0,1,0,0,0,0,1,0,0,0,0,1
884,5,652.3358933,0.153825454,1,0,1,0,1,0,0,0,1,1,0,0,0,0
309,6,1389.902652,0.060713892,0,1,1,0,1,0,1,0,0,1,0,0,0,0
715,4,570.8168585,0.078433979,1,0,0,0,0,1,0,1,0,0,0,1,0,0
482,5,512.2154698,0.130365253,1,0,0,0,1,0,1,0,0,0,1,0,0,0
474,5,291.9660694,0.134249935,2,0,0,0,1,0,1,0,0,1,0,0,0,0
192,4,158.9966223,0.626540969,2,0,1,0,1,0,0,0,1,1,0,0,0,0
443,4,1.123946389,0.172421491,2,0,0,0,1,0,0,1,0,1,0,0,0,0
300,4,311.0023838,0.180691332,3,1,1,0,0,1,0,0,1,1,0,0,0,0
407,8,802.0908195,0.287823576,3,0,1,0,1,0,0,0,1,1,0,0,0,0
280,5,654.7824208,0.190149887,1,0,0,0,1,0,1,0,0,0,0,1,0,0
410,4,604.8978071,0.239937777,3,0,1,0,1,0,1,0,0,0,0,1,0,0
418,1,1184.050819,0.206076265,2,0,1,0,1,0,1,0,0,1,0,0,0,0
519,4,212.0549873,0.116379966,1,0,1,0,0,1,0,1,0,1,0,0,0,0
177,5,907.9007627,0.227858053,0,0,0,0,0,1,1,0,0,1,0,0,0,0
210,3,747.4921765,0.49305277,3,0,1,0,1,0,0,1,0,1,0,0,0,0
572,9,331.1907769,0.454698944,4,0,1,0,1,0,1,0,0,0,0,0,1,0
340,8,197.2767395,0.214518114,2,1,1,0,1,0,1,0,0,0,1,0,0,0
714,2,661.6901239,0.429983778,1,0,0,0,1,0,1,0,0,0,0,1,0,0
545,5,2322.494317,0.541804568,2,0,0,0,1,0,0,1,0,1,0,0,0,0
621,5,63.53838298,0.19911302,0,0,0,0,0,1,1,0,0,0,1,0,0,0
782,2,2445.828129,0.451060157,2,1,0,0,1,0,1,0,0,1,0,0,0,0
438,7,500.0292534,0.389747068,1,0,1,0,1,0,0,0,1,0,1,0,0,0
385,6,990.4194963,0.41832956,0,0,0,0,1,0,1,0,0,0,1,0,0,0
674,4,1300.472807,0.555797016,3,0,1,0,1,0,0,1,0,1,0,0,0,0
601,7,131.4421068,0.175379838,2,0,1,0,0,1,0,1,0,1,0,0,0,0
462,1,36.80001927,0.145115299,1,1,0,0,1,0,0,0,1,0,0,1,0,0
778,2,110.0239366,0.157740968,2,0,1,0,1,0,1,0,0,1,0,0,0,0
457,4,333.5682071,0.217502221,4,0,1,0,1,0,1,0,0,1,0,0,0,0
506,1,2508.993421,0.515215481,1,0,1,0,0,1,0,0,1,0,0,1,0,0
504,6,34.97381034,0.183699496,1,0,0,0,1,0,1,0,0,0,0,1,0,0
313,4,2018.566455,0.374105397,2,0,0,0,0,1,1,0,0,1,0,0,0,0
515,2,659.1418962,0.12600775,2,0,1,0,1,0,0,0,1,1,0,0,0,0
779,1,86.37197812,0.484571552,3,0,1,0,0,1,1,0,0,1,0,0,0,0
588,3,132.6061501,0.45293718,2,1,0,0,0,1,0,1,0,1,0,0,0,0
506,5,935.2222363,0.159417065,1,0,0,0,1,0,0,1,0,1,0,0,0,0
467,2,750.120716,0.111989782,2,0,0,0,0,1,0,1,0,1,0,0,0,0
566,5,146.6158157,0.138268008,2,0,0,0,1,0,1,0,0,1,0,0,0,0
649,4,1877.489505,0.684649981,2,0,1,0,1,0,1,0,0,1,0,0,0,0
621,1,114.0844038,0.716166874,0,0,1,0,1,0,0,0,1,0,0,0,0,1
433,8,573.2531645,0.407014895,2,0,1,0,1,0,0,1,0,0,0,0,1,0
564,7,601.1200764,0.863165409,1,1,1,0,1,0,0,1,0,0,0,1,0,0
595,2,1635.274077,0.603723467,2,0,1,0,0,1,1,0,0,0,0,1,0,0
298,6,17.91937266,0.637470446,0,0,1,0,0,1,0,1,0,1,0,0,0,0
533,2,117.3643591,0.571493594,2,0,0,0,1,0,1,0,0,0,1,0,0,0
67,4,149.7180796,0.443988903,2,0,0,0,0,1,1,0,0,0,1,0,0,0
596,3,51.95634235,0.276550518,1,0,0,0,1,0,0,0,1,0,1,0,0,0
632,3,798.6153651,0.242132539,0,0,0,0,1,0,1,0,0,1,0,0,0,0
649,3,208.6761901,0.538583751,1,0,0,0,0,1,0,0,1,0,1,0,0,0
420,3,687.6822972,0.109152721,1,0,0,0,1,0,0,0,1,0,1,0,0,0
561,2,1220.857952,0.318945295,2,0,1,0,1,0,0,1,0,0,0,1,0,0
784,2,420.1134144,0.501596361,1,1,0,0,0,1,0,1,0,0,1,0,0,0
782,2,1171.751692,0.053924841,1,0,0,0,1,0,1,0,0,0,1,0,0,0
494,7,1203.588766,0.481595791,3,0,1,0,1,0,0,1,0,0,0,1,0,0
527,4,244.5932714,0.068409045,1,0,0,0,1,0,0,1,0,0,0,1,0,0
722,6,12.6958881,0.145389979,1,0,0,0,1,0,0,1,0,1,0,0,0,0
199,1,87.21094714,0.184870972,3,0,1,1,0,0,1,0,0,1,0,0,0,0
435,2,1387.655133,0.420084684,1,0,0,0,1,0,0,1,0,1,0,0,0,0
767,6,415.7684022,0.10825169,2,0,0,0,1,0,0,1,0,1,0,0,0,0
695,3,1461.557972,0.185837801,3,0,1,0,1,0,0,1,0,0,1,0,0,0
573,3,634.3993308,0.29445876,2,0,1,0,1,0,0,0,1,1,0,0,0,0
198,5,175.9144596,0.385266343,3,0,1,0,1,0,0,1,0,0,1,0,0,0
490,3,996.4951582,0.485561415,2,0,1,0,1,0,1,0,0,0,1,0,0,0
382,8,653.4936604,0.497456802,2,0,1,0,1,0,1,0,0,0,0,1,0,0
566,6,346.8512234,0.225090577,1,0,0,0,1,0,1,0,0,1,0,0,0,0
338,2,73.44402003,0.525342082,4,0,1,0,1,0,1,0,0,1,0,0,0,0
294,4,86.33400884,0.600074242,2,0,1,0,0,1,1,0,0,1,0,0,0,0
87,1,167.1081633,0.626364534,2,0,1,0,0,1,1,0,0,1,0,0,0,0
744,2,894.0675886,0.225203111,1,1,0,0,0,1,1,0,0,1,0,0,0,0
420,5,1041.478522,0.343709856,1,1,0,0,1,0,1,0,0,0,0,1,0,0
531,5,797.3844957,0.089553933,1,1,0,0,1,0,1,0,0,0,0,1,0,0
499,3,329.108143,0.771693779,2,0,1,0,0,1,0,0,1,0,0,0,1,0
286,3,464.5265684,0.541999088,2,0,0,0,1,0,0,0,1,1,0,0,0,0
248,6,989.0859999,0.278662333,2,0,0,0,1,0,1,0,0,1,0,0,0,0
298,6,862.7067901,0.132081306,2,0,0,0,0,1,0,0,1,1,0,0,0,0
355,2,1186.291897,0.383410646,2,0,0,0,0,1,1,0,0,0,0,1,0,0
573,2,220.747799,0.224017954,2,0,0,1,0,0,0,1,0,1,0,0,0,0
340,5,3.5991973,0.269644657,3,0,1,0,0,1,0,1,0,1,0,0,0,0
849,6,247.8789992,0.371585686,3,0,1,0,1,0,0,0,1,1,0,0,0,0
705,8,342.0354122,0.181276942,1,1,1,0,1,0,1,0,0,1,0,0,0,0
661,1,2585.436427,0.504405355,1,0,1,0,0,1,1,0,0,1,0,0,0,0
476,3,196.4465884,0.17183526,0,0,0,0,1,0,0,1,0,1,0,0,0,0
802,4,1400.821231,0.769451998,1,0,1,0,0,1,0,1,0,1,0,0,0,0
456,6,779.3722009,0.18469712,1,0,0,0,1,0,1,0,0,1,0,0,0,0
493,5,146.6928637,0.441801454,2,0,0,0,1,0,1,0,0,1,0,0,0,0
533,6,413.3472818,0.678463368,2,0,1,0,0,1,0,1,0,1,0,0,0,0
640,5,570.9389845,0.081945444,1,0,0,0,1,0,1,0,0,1,0,0,0,0
627,4,337.4587394,0.354981769,1,0,0,0,0,1,0,0,1,1,0,0,0,0
404,6,205.1019002,0.185066054,3,0,1,0,1,0,0,0,1,1,0,0,0,0
393,3,233.1924548,0.580049543,2,0,0,0,0,1,0,1,0,0,1,0,0,0
627,6,703.9781614,0.142313343,3,0,1,0,1,0,1,0,0,0,0,1,0,0
643,5,932.0736489,0.162062577,2,0,1,0,1,0,0,1,0,0,0,1,0,0
421,7,506.3513059,0.386106433,1,0,1,0,1,0,1,0,0,1,0,0,0,0
182,5,2274.214456,0.457552114,3,0,1,0,1,0,0,1,0,0,1,0,0,0
458,3,1043.230267,0.268112533,2,0,1,0,0,1,1,0,0,1,0,0,0,0
624,1,1778.708402,0.140001767,3,0,1,0,1,0,0,1,0,0,0,1,0,0
861,2,516.4973708,0.28775834,1,1,0,0,1,0,0,1,0,0,0,0,1,0
260,3,11.995832,0.422909216,2,0,0,0,1,0,0,1,0,0,0,0,0,1
414,3,717.328789,0.246970092,3,1,1,0,1,0,1,0,0,1,0,0,0,0
422,5,1364.139816,0.590799024,0,0,0,0,1,0,1,0,0,0,1,0,0,0
771,6,615.2196297,0.328924476,0,0,0,0,1,0,0,1,0,0,0,1,0,0
493,5,671.2805295,0.522202281,0,0,0,0,1,0,0,0,1,1,0,0,0,0
318,3,2950.172772,0.732177953,1,0,1,0,0,1,1,0,0,1,0,0,0,0
611,1,364.7444922,0.512892508,3,0,1,0,1,0,0,1,0,1,0,0,0,0
419,5,1295.0769,0.140139249,1,0,0,1,0,0,0,1,0,1,0,0,0,0
255,2,562.6780051,0.321043274,0,0,0,0,1,0,1,0,0,0,1,0,0,0
321,7,498.465673,0.249656708,1,0,1,0,1,0,1,0,0,1,0,0,0,0
846,2,125.8631724,0.547151721,1,0,0,0,1,0,0,1,0,0,0,1,0,0
576,6,1103.916171,0.067414497,3,1,1,0,1,0,0,1,0,0,0,0,0,1
521,4,1386.616267,0.193806826,1,0,1,0,1,0,0,0,1,0,0,0,0,1
450,2,450.9275852,0.284223964,2,0,0,0,0,1,0,0,1,1,0,0,0,0
558,3,1153.549151,0.201542476,3,1,1,0,1,0,1,0,0,0,1,0,0,0
556,6,696.1381397,0.40454508,1,0,1,0,0,1,1,0,0,1,0,0,0,0
558,5,238.2444496,0.611796851,2,0,1,0,1,0,1,0,0,0,1,0,0,0
522,5,2058.628698,0.172615216,2,1,0,0,1,0,1,0,0,0,0,1,0,0
673,3,954.6146781,0.308740258,2,0,0,0,1,0,0,1,0,1,0,0,0,0
504,3,1685.184616,0.400913715,1,0,1,0,0,1,1,0,0,1,0,0,0,0
304,7,264.4320502,0.663707011,3,0,1,0,1,0,0,0,1,1,0,0,0,0
377,6,1985.01723,0.307049725,3,0,1,0,0,1,1,0,0,0,0,1,0,0
104,6,362.8846317,0.378400334,2,0,0,0,1,0,1,0,0,0,0,1,0,0
905,2,7.662084089,0.292802633,1,0,0,0,1,0,0,1,0,1,0,0,0,0
672,4,62.39382855,0.055032139,2,0,0,0,1,0,0,1,0,0,1,0,0,0
333,9,74.86720267,0.040747698,0,0,1,0,0,1,0,1,0,0,0,0,1,0
443,2,185.6902927,0.400938978,1,0,1,0,0,1,1,0,0,0,0,1,0,0
372,6,165.1491031,0.575684437,2,0,1,0,1,0,0,0,1,1,0,0,0,0
808,7,47.70998229,0.195509549,1,1,1,0,0,1,1,0,0,1,0,0,0,0
216,4,1806.031505,0.4322023,0,0,1,0,1,0,0,0,1,0,0,0,0,1
522,1,1409.652193,0.331011447,1,1,0,0,0,1,1,0,0,1,0,0,0,0
478,1,1151.159651,0.087995444,3,0,1,0,0,1,0,1,0,0,0,1,0,0
665,8,521.8090469,0.069711338,2,0,1,0,0,1,0,1,0,1,0,0,0,0
479,2,442.9143442,0.535271839,1,0,1,0,0,1,0,1,0,0,0,1,0,0
148,1,443.2154615,0.313588943,2,0,0,0,1,0,1,0,0,1,0,0,0,0
449,3,242.797073,0.584036118,3,0,1,0,1,0,0,1,0,0,1,0,0,0
305,4,749.720666,0.555547288,2,0,0,0,1,0,0,0,1,1,0,0,0,0
515,2,48.71743047,0.309439221,1,0,0,0,1,0,1,0,0,0,0,0,0,1
786,2,860.191448,0.251684687,1,0,0,0,1,0,1,0,0,0,0,1,0,0
152,4,577.0027311,0.199965666,0,0,0,0,1,0,0,1,0,1,0,0,0,0
339,4,1356.520648,0.376038275,0,1,0,0,1,0,0,1,0,1,0,0,0,0
389,5,2881.924724,0.194806156,1,0,1,0,1,0,1,0,0,1,0,0,0,0
423,4,1673.92506,0.315825432,1,0,0,0,1,0,0,1,0,0,0,0,1,0
648,2,1018.155841,0.491158867,0,0,0,0,1,0,0,1,0,1,0,0,0,0
465,1,453.6112479,0.323266556,4,0,1,0,0,1,0,1,0,1,0,0,0,0
583,5,193.1725673,0.323892366,2,0,0,0,1,0,0,0,1,0,0,1,0,0
374,1,874.5973288,0.283320569,1,1,0,0,0,1,1,0,0,1,0,0,0,0
545,3,180.1155504,0.216029892,1,0,0,0,1,0,1,0,0,1,0,0,0,0
655,7,16.37358148,0.20553979,4,0,1,0,1,0,0,0,1,0,0,1,0,0
353,3,681.2136305,0.295870918,1,0,0,0,1,0,0,1,0,1,0,0,0,0
656,6,400.8724136,0.143914814,0,0,0,0,1,0,1,0,0,1,0,0,0,0
510,1,1670.099408,0.397147666,1,0,0,0,1,0,1,0,0,1,0,0,0,0
709,4,830.2698102,0.061172325,1,0,0,0,1,0,0,0,1,1,0,0,0,0
459,4,833.5967855,0.467205437,2,0,0,0,1,0,0,1,0,1,0,0,0,0
576,7,1240.531711,0.034269302,1,0,1,0,1,0,0,0,1,1,0,0,0,0
491,5,327.1593377,0.217435924,1,0,0,0,0,1,0,0,1,0,1,0,0,0
480,5,2539.350521,0.340962698,1,0,0,0,1,0,1,0,0,1,0,0,0,0
551,4,200.1256128,0.282656074,3,1,1,0,1,0,0,0,1,0,1,0,0,0
607,1,1642.581865,0.405580215,1,0,1,0,1,0,0,1,0,1,0,0,0,0
250,7,1933.867204,0.294171252,3,0,1,0,1,0,0,0,1,1,0,0,0,0
786,4,31.85830909,0.765025173,2,0,1,1,0,0,0,1,0,0,1,0,0,0
128,3,799.3512349,0.128862268,2,0,0,0,1,0,1,0,0,0,0,1,0,0
363,10,1107.18432,0.178766988,0,0,1,0,1,0,0,1,0,1,0,0,0,0
481,8,2460.347045,0.078167821,4,0,1,0,1,0,0,1,0,1,0,0,0,0
582,5,231.6178374,0.135173706,1,0,0,0,1,0,0,0,1,1,0,0,0,0
815,4,660.1554896,0.228212101,3,0,1,0,1,0,0,1,0,0,0,1,0,0
128,1,1186.6583,0.360472766,2,1,0,0,0,1,1,0,0,1,0,0,0,0
398,2,128.4688924,0.589194439,1,1,0,0,1,0,0,1,0,0,0,0,0,1
74,2,1533.760906,0.524398089,2,0,0,0,1,0,1,0,0,1,0,0,0,0
506,2,413.5259731,0.098574986,0,0,1,0,1,0,0,0,1,1,0,0,0,0
554,2,816.7675128,0.109719373,0,0,0,0,1,0,1,0,0,0,1,0,0,0
818,6,34.35781686,0.786920171,1,0,1,0,1,0,0,0,1,1,0,0,0,0
524,8,201.786194,0.233953783,1,1,1,0,1,0,1,0,0,0,0,1,0,0
708,3,520.3537158,0.228501913,3,0,1,0,1,0,0,1,0,1,0,0,0,0
616,3,273.1020863,0.386253693,1,0,0,0,1,0,1,0,0,0,0,1,0,0
412,2,2533.088427,0.154144213,2,0,0,0,1,0,0,1,0,1,0,0,0,0
218,3,1267.532882,0.441303875,3,0,1,0,1,0,1,0,0,1,0,0,0,0
555,3,1601.273132,0.071911391,0,0,0,0,1,0,0,1,0,0,0,0,1,0
201,3,502.3639572,0.175717045,2,0,0,0,1,0,1,0,0,0,0,0,0,1
759,7,513.4190544,0.064058574,0,1,1,0,1,0,1,0,0,1,0,0,0,0
467,3,1308.580389,0.44092261,3,0,1,0,1,0,1,0,0,0,0,1,0,0
739,2,392.2078339,0.420158591,4,0,1,0,0,1,0,0,1,1,0,0,0,0
403,1,524.4488623,0.19418606,1,0,0,0,0,1,0,1,0,1,0,0,0,0
553,5,601.6212057,0.376771492,0,0,1,1,0,0,0,1,0,1,0,0,0,0
541,1,747.4775709,0.697725635,1,0,1,1,0,0,1,0,0,1,0,0,0,0
490,6,839.7902543,0.124083462,3,0,1,0,0,1,1,0,0,1,0,0,0,0
413,6,913.4289794,0.555520802,1,1,1,1,0,0,1,0,0,1,0,0,0,0
578,5,469.6029137,0.113694261,1,0,0,0,0,1,0,1,0,0,0,1,0,0
314,5,279.8126424,0.263635375,2,1,0,0,0,1,0,1,0,0,0,1,0,0
258,5,2022.125792,0.295203369,2,0,0,0,1,0,1,0,0,1,0,0,0,0
748,6,1402.285035,0.521829548,2,0,0,0,1,0,1,0,0,0,0,1,0,0
645,5,2.754651662,0.18075856,1,0,0,0,0,1,0,1,0,1,0,0,0,0
513,4,575.4671375,0.090668966,3,0,1,0,1,0,0,1,0,1,0,0,0,0
833,2,256.8290008,0.508043914,1,0,0,0,0,1,0,0,1,0,0,0,0,1
446,1,823.4085204,0.661117815,3,0,1,0,1,0,0,1,0,0,1,0,0,0
764,2,558.7526704,0.626824792,1,0,1,0,1,0,1,0,0,1,0,0,0,0
535,6,17.11495241,0.356188248,0,1,0,0,0,1,0,1,0,0,0,1,0,0
295,4,1040.893815,0.53391481,1,0,1,0,0,1,1,0,0,0,0,0,0,1
869,7,257.6937927,0.382857701,2,0,1,0,1,0,0,1,0,0,0,1,0,0
698,7,241.1398115,0.494460599,1,0,1,0,0,1,1,0,0,1,0,0,0,0
475,1,25.95749571,0.528799687,1,0,1,0,0,1,1,0,0,0,0,1,0,0
645,6,1409.773733,0.11776836,0,0,1,0,1,0,1,0,0,1,0,0,0,0
419,7,691.7930464,0.419599784,3,0,1,0,1,0,1,0,0,0,1,0,0,0
665,3,530.6264168,0.321948307,3,0,1,0,1,0,0,0,1,1,0,0,0,0
64,2,901.1473402,0.424764962,1,0,0,0,1,0,1,0,0,1,0,0,0,0
296,5,338.9481766,0.188494854,3,0,1,0,1,0,1,0,0,1,0,0,0,0
695,5,674.1989397,0.659235471,1,0,1,0,1,0,0,0,1,0,0,1,0,0
450,5,229.3710017,0.279351483,0,0,0,0,1,0,1,0,0,1,0,0,0,0
541,5,52.01930065,0.69680306,1,1,1,0,0,1,1,0,0,0,0,0,1,0
230,8,659.2306359,0.664290138,1,0,1,0,1,0,1,0,0,1,0,0,0,0
869,4,199.9922988,0.574006902,1,0,0,0,1,0,0,0,1,1,0,0,0,0
738,4,1109.170479,0.195309163,2,1,0,0,1,0,1,0,0,0,1,0,0,0
459,4,480.9550618,0.583532734,2,0,0,0,0,1,1,0,0,0,1,0,0,0
419,6,230.5708158,0.134241707,2,0,0,0,0,1,1,0,0,1,0,0,0,0
705,7,749.9009159,0.445131452,2,0,1,0,1,0,0,1,0,1,0,0,0,0
896,4,99.20056974,0.524016806,1,0,0,0,0,1,1,0,0,1,0,0,0,0
690,7,1146.453489,0.161362402,2,1,1,0,0,1,0,1,0,0,0,0,1,0
934,3,481.443826,0.162345661,2,0,0,0,0,1,1,0,0,1,0,0,0,0
315,3,1339.802736,0.435285136,3,0,1,0,0,1,0,1,0,0,0,0,1,0
336,5,118.8894502,0.611285688,0,0,1,0,1,0,0,1,0,0,1,0,0,0
262,11,385.7157416,0.091987215,3,0,1,0,1,0,1,0,0,1,0,0,0,0
588,5,158.7897136,0.728378998,0,1,1,0,1,0,1,0,0,0,0,1,0,0
535,7,50.5184764,0.76765935,1,1,1,0,1,0,0,1,0,0,1,0,0,0
469,1,2487.078455,0.497153473,0,0,0,0,1,0,0,0,1,1,0,0,0,0
661,5,1037.597568,0.613622288,3,0,1,0,0,1,0,0,1,1,0,0,0,0
746,7,315.1517582,0.190058808,3,0,1,0,1,0,0,1,0,1,0,0,0,0
194,3,226.0498885,0.51773692,3,0,1,1,0,0,1,0,0,1,0,0,0,0
380,3,182.8484747,0.408485194,0,0,0,0,1,0,0,0,1,1,0,0,0,0
664,5,35.17024817,0.359200166,1,0,0,0,1,0,1,0,0,0,0,1,0,0
406,4,86.66470254,0.537416725,1,1,0,0,1,0,1,0,0,1,0,0,0,0
340,6,86.87674404,0.277068686,4,1,1,0,1,0,0,0,1,1,0,0,0,0
